node_id,node_name,condition_type,expression,involved_tables,involves_parameter
0,ВТ_ИСПОЛЬЗОВАТЬДЛЯНПО,JOIN_ON,= 1,,false
17,ВТ_ДокументыСторно,JOIN_ON,КАК уп_ОперацияНПО,,false
17,ВТ_ДокументыСторно,JOIN_ON,КАК уп_ВозвратПрочихНачисленийНПО,,false
18,Часть_1,JOIN_ON,КАК уп_ОперацияНПО,,false
20,Часть_3,JOIN_ON,КАК уп_ВозвратПрочихНачисленийНПО,,false
24,ВТ_ПенсионныеСчета_ПР,JOIN_ON,Подзапрос.ПенсионныйСчет,Подзапрос,false
46,ВТ_ПричиныЗакрытия,JOIN_ON,ПенсионныйСчет,,false
48,ВТ_ВидыПенсионныхСчетов,JOIN_ON,ПенсионныйСчет,,false
54,ВТ_ВыплатныеНачалоПериода,JOIN_ON,уп_СостоянияПССрезПервых.НомерСчета = ВТ_ТипыПенсийНачалоПериода.НомерСчета,уп_СостоянияПССрезПервых;ВТ_ТипыПенсийНачалоПериода,false
56,ВТ_СостояниеНачалоПериода,JOIN_ON,ВТ_ПенсионныеСчета.ПенсионныйСчет = уп_СостоянияПССрезПоследних.НомерСчета,уп_СостоянияПССрезПоследних;ВТ_ПенсионныеСчета,false
56,ВТ_СостояниеНачалоПериода,JOIN_ON,ВТ_ПенсионныеСчета.ПенсионныйСчет = ВТ_ТипыПенсийНачалоПериода.НомерСчета,ВТ_ПенсионныеСчета;ВТ_ТипыПенсийНачалоПериода,false
58,ВТ_ВидОбязательствНачало,JOIN_ON,ВТ_ПенсионныеСчета.ПенсионныйСчет = ВТ_ВыплатныеНачалоПериода.НомерСчета,ВТ_ВыплатныеНачалоПериода;ВТ_ПенсионныеСчета,false
58,ВТ_ВидОбязательствНачало,JOIN_ON,ВТ_ПенсионныеСчета.ПенсионныйСчет = ВТ_СостояниеНачалоПериода.НомерСчета,ВТ_СостояниеНачалоПериода;ВТ_ПенсионныеСчета,false
59,ВТ_ИзмененияВидаОбязательств_Предв,WHERE,"Период МЕЖДУ &НачалоПериода И &КонецПериода
							И Состояние В (ЗНАЧЕНИЕ(Перечисление.уп_СостоянияПС.Закрыт), 
															ЗНАЧЕНИЕ(Перечисление.уп_СостоянияПС.ПодготовкаКЗакрытию), 
															ЗНАЧЕНИЕ(Перечисление.уп_СостоянияПС.ВыплатнойПериод), 
															ЗНАЧЕНИЕ(Перечисление.уп_СостоянияПС.НакопительныйПериод))) КАК уп_СостоянияПС
		ПО ВТ_ПенсионныеСчета.ПенсионныйСчет = уп_СостоянияПС.НомерСчета
		ЛЕВОЕ СОЕДИНЕНИЕ (
						ВЫБРАТЬ
							НомерСчета, 
							МИНИМУМ(Период),
							ТипПенсии
						ИЗ
							РегистрСведений.уп_СхемаСчета
						ГДЕ 
							Период МЕЖДУ &НачалоПериода И &КонецПериода
							И ТипПенсии В (ЗНАЧЕНИЕ(Перечисление.уп_ТипыПенсионныхСхем.ПожизненныхВыплат), 
															ЗНАЧЕНИЕ(Перечисление.уп_ТипыПенсионныхСхем.СрочныхВыплат), 
															ЗНАЧЕНИЕ(Перечисление.уп_ТипыПенсионныхСхем.ДоИсчерпанияСредствНаСчете))",РегистрСведений;ВТ_ПенсионныеСчета;уп_СостоянияПС;Перечисление;уп_ТипыПенсионныхСхем,true
59,ВТ_ИзмененияВидаОбязательств_Предв,JOIN_ON,ВТ_ПенсионныеСчета.ПенсионныйСчет = уп_СостоянияПС.НомерСчета,уп_СостоянияПС;ВТ_ПенсионныеСчета,false
59,ВТ_ИзмененияВидаОбязательств_Предв,JOIN_ON,"НомерСчета,",,false
59,ВТ_ИзмененияВидаОбязательств_Предв,JOIN_ON,ВТ_ПенсионныеСчета.ПенсионныйСчет = уп_СхемаСчета.НомерСчета,уп_СхемаСчета;ВТ_ПенсионныеСчета,false
62,ВТ_ИзмененияВидаОбязательств,WHERE,НЕ ВТ_ИзмененияВидаОбязательств_Предв.Период ЕСТЬ NULL,ВТ_ИзмененияВидаОбязательств_Предв,false
62,ВТ_ИзмененияВидаОбязательств,JOIN_ON,"ВТ_ИзмененияВидаОбязательств_Предв.ПенсионныйСчет,",ВТ_ИзмененияВидаОбязательств_Предв,false
66,ВТ_ВидыОбязательствДвижение,JOIN_ON,ВТ_ВидыОбязательств.ПенсионныйСчет = ВТ_ВидыОбязательств_1.ПенсионныйСчет,ВТ_ВидыОбязательств_1;ВТ_ВидыОбязательств,false
66,ВТ_ВидыОбязательствДвижение,JOIN_ON,"ВТ_ВидыОбязательств.ПенсионныйСчет,",ВТ_ВидыОбязательств,false
68,ВТ_СчетаНеТранзитныеВидыОбязательств,JOIN_ON,ВТ_ВидыОбязательствДвижение.ПенсионныйСчет = ВТ_СчетаТранзитныеВидыОбязательств.ПенсионныйСчет,ВТ_ВидыОбязательствДвижение;ВТ_СчетаТранзитныеВидыОбязательств,false
69,ВТ_НеТранзитныеВидыНачалоКонец,JOIN_ON,ВТ_ВидыОбязательствДвижение.ПенсионныйСчет = ВТ_СчетаНеТранзитныеВидыОбязательств.ПенсионныйСчет,ВТ_ВидыОбязательствДвижение;ВТ_СчетаНеТранзитныеВидыОбязательств,false
70,ВТ_ТранзитныеВидыНачалоКонец,JOIN_ON,ВТ_ВидыОбязательствДвижение.ПенсионныйСчет = ВТ_СчетаТранзитныеВидыОбязательств.ПенсионныйСчет,ВТ_ВидыОбязательствДвижение;ВТ_СчетаТранзитныеВидыОбязательств,false
71,ВТ_СторнированныеСуммыТранзитныеВиды,WHERE,"уп_НачисленияПенсий.ВидДвижения = ЗНАЧЕНИЕ(ВидДвиженияНакопления.Расход)
	И уп_НачисленияПенсий.Активность",уп_НачисленияПенсий;ВидДвиженияНакопления,false
71,ВТ_СторнированныеСуммыТранзитныеВиды,JOIN_ON,уп_НачисленияПенсий.Регистратор = ВТ_ДокументыСторно.ДокументСторно,ВТ_ДокументыСторно;уп_НачисленияПенсий,false
71,ВТ_СторнированныеСуммыТранзитныеВиды,JOIN_ON,уп_НачисленияПенсий.НомерСчета = ВТ_ТранзитныеВидыНачалоКонец.ПенсионныйСчет,уп_НачисленияПенсий;ВТ_ТранзитныеВидыНачалоКонец,false
71,ВТ_СторнированныеСуммыТранзитныеВиды,JOIN_ON,"ВТ_ТранзитныеВидыНачалоКонец.ПенсионныйСчет,",ВТ_ТранзитныеВидыНачалоКонец,false
71,ВТ_СторнированныеСуммыТранзитныеВиды,JOIN_ON,уп_ПрочиеНачисления.Регистратор = ВТ_ДокументыСторно.ДокументСторно,уп_ПрочиеНачисления;ВТ_ДокументыСторно,false
71,ВТ_СторнированныеСуммыТранзитныеВиды,JOIN_ON,уп_ПрочиеНачисления.НомерСчета = ВТ_ТранзитныеВидыНачалоКонец.ПенсионныйСчет,уп_ПрочиеНачисления;ВТ_ТранзитныеВидыНачалоКонец,false
71,ВТ_СторнированныеСуммыТранзитныеВиды,JOIN_ON,"ВТ_ТранзитныеВидыНачалоКонец.ПенсионныйСчет,",ВТ_ТранзитныеВидыНачалоКонец,false
72,Часть_1,WHERE,"уп_НачисленияПенсий.ВидДвижения = ЗНАЧЕНИЕ(ВидДвиженияНакопления.Расход)
	И уп_НачисленияПенсий.Активность",уп_НачисленияПенсий;ВидДвиженияНакопления,false
72,Часть_1,JOIN_ON,уп_НачисленияПенсий.Регистратор = ВТ_ДокументыСторно.ДокументСторно,ВТ_ДокументыСторно;уп_НачисленияПенсий,false
72,Часть_1,JOIN_ON,уп_НачисленияПенсий.НомерСчета = ВТ_ТранзитныеВидыНачалоКонец.ПенсионныйСчет,уп_НачисленияПенсий;ВТ_ТранзитныеВидыНачалоКонец,false
72,Часть_1,JOIN_ON,"ВТ_ТранзитныеВидыНачалоКонец.ПенсионныйСчет,",ВТ_ТранзитныеВидыНачалоКонец,false
73,Часть_2,WHERE,"уп_ПрочиеНачисления.ВидДвижения = ЗНАЧЕНИЕ(ВидДвиженияНакопления.Расход)
	И уп_ПрочиеНачисления.Активность",уп_ПрочиеНачисления;ВидДвиженияНакопления,false
73,Часть_2,JOIN_ON,уп_ПрочиеНачисления.Регистратор = ВТ_ДокументыСторно.ДокументСторно,уп_ПрочиеНачисления;ВТ_ДокументыСторно,false
73,Часть_2,JOIN_ON,уп_ПрочиеНачисления.НомерСчета = ВТ_ТранзитныеВидыНачалоКонец.ПенсионныйСчет,уп_ПрочиеНачисления;ВТ_ТранзитныеВидыНачалоКонец,false
73,Часть_2,JOIN_ON,"ВТ_ТранзитныеВидыНачалоКонец.ПенсионныйСчет,",ВТ_ТранзитныеВидыНачалоКонец,false
74,ВТ_ОстаткиТранзитныеВиды,WHERE,уп_Резервы.Активность,уп_Резервы,false
74,ВТ_ОстаткиТранзитныеВиды,JOIN_ON,уп_Резервы.НомерСчета = ВТ_ТранзитныеВидыНачалоКонец.ПенсионныйСчет,ВТ_ТранзитныеВидыНачалоКонец;уп_Резервы,false
74,ВТ_ОстаткиТранзитныеВиды,JOIN_ON,"ВТ_ТранзитныеВидыНачалоКонец.ПенсионныйСчет,",ВТ_ТранзитныеВидыНачалоКонец,false
74,ВТ_ОстаткиТранзитныеВиды,JOIN_ON,уп_Резервы.НомерСчета = ВТ_ТранзитныеВидыНачалоКонец.ПенсионныйСчет,ВТ_ТранзитныеВидыНачалоКонец;уп_Резервы,false
74,ВТ_ОстаткиТранзитныеВиды,JOIN_ON,"ВТ_ТранзитныеВидыНачалоКонец.ПенсионныйСчет,",ВТ_ТранзитныеВидыНачалоКонец,false
74,ВТ_ОстаткиТранзитныеВиды,JOIN_ON,"ПодЗапрос.ПенсионныйСчет,",ПодЗапрос,false
74,ВТ_ОстаткиТранзитныеВиды,JOIN_ON,КАК уп_ВозвратыПрочихНачисленийНПО,,false
74,ВТ_ОстаткиТранзитныеВиды,JOIN_ON,уп_ВозвратыПрочихНачисленийНПО.НомерСчета = ВТ_ТранзитныеВидыНачалоКонец.ПенсионныйСчет,уп_ВозвратыПрочихНачисленийНПО;ВТ_ТранзитныеВидыНачалоКонец,false
74,ВТ_ОстаткиТранзитныеВиды,JOIN_ON,"ВТ_ТранзитныеВидыНачалоКонец.ПенсионныйСчет,",ВТ_ТранзитныеВидыНачалоКонец,false
74,ВТ_ОстаткиТранзитныеВиды,JOIN_ON,КАК уп_ВозвратыПрочихНачисленийНПО,,false
74,ВТ_ОстаткиТранзитныеВиды,JOIN_ON,уп_ВозвратыПрочихНачисленийНПО.НомерСчета = ВТ_ТранзитныеВидыНачалоКонец.ПенсионныйСчет,уп_ВозвратыПрочихНачисленийНПО;ВТ_ТранзитныеВидыНачалоКонец,false
74,ВТ_ОстаткиТранзитныеВиды,JOIN_ON,"ВТ_ТранзитныеВидыНачалоКонец.ПенсионныйСчет,",ВТ_ТранзитныеВидыНачалоКонец,false
74,ВТ_ОстаткиТранзитныеВиды,JOIN_ON,КАК уп_ВозвратыПенсийНПО,,false
74,ВТ_ОстаткиТранзитныеВиды,JOIN_ON,уп_ВозвратыПенсийНПО.НомерСчета = ВТ_ТранзитныеВидыНачалоКонец.ПенсионныйСчет,уп_ВозвратыПенсийНПО;ВТ_ТранзитныеВидыНачалоКонец,false
74,ВТ_ОстаткиТранзитныеВиды,JOIN_ON,"ВТ_ТранзитныеВидыНачалоКонец.ПенсионныйСчет,",ВТ_ТранзитныеВидыНачалоКонец,false
74,ВТ_ОстаткиТранзитныеВиды,JOIN_ON,КАК уп_ВозвратыПенсийНПО,,false
74,ВТ_ОстаткиТранзитныеВиды,JOIN_ON,уп_ВозвратыПенсийНПО.НомерСчета = ВТ_ТранзитныеВидыНачалоКонец.ПенсионныйСчет,уп_ВозвратыПенсийНПО;ВТ_ТранзитныеВидыНачалоКонец,false
74,ВТ_ОстаткиТранзитныеВиды,JOIN_ON,"ВТ_ТранзитныеВидыНачалоКонец.ПенсионныйСчет,",ВТ_ТранзитныеВидыНачалоКонец,false
75,ПодЗапрос,WHERE,уп_Резервы.Активность,уп_Резервы,false
75,ПодЗапрос,JOIN_ON,уп_Резервы.НомерСчета = ВТ_ТранзитныеВидыНачалоКонец.ПенсионныйСчет,ВТ_ТранзитныеВидыНачалоКонец;уп_Резервы,false
75,ПодЗапрос,JOIN_ON,"ВТ_ТранзитныеВидыНачалоКонец.ПенсионныйСчет,",ВТ_ТранзитныеВидыНачалоКонец,false
76,Часть_1,WHERE,уп_Резервы.Активность,уп_Резервы,false
76,Часть_1,JOIN_ON,уп_Резервы.НомерСчета = ВТ_ТранзитныеВидыНачалоКонец.ПенсионныйСчет,ВТ_ТранзитныеВидыНачалоКонец;уп_Резервы,false
76,Часть_1,JOIN_ON,"ВТ_ТранзитныеВидыНачалоКонец.ПенсионныйСчет,",ВТ_ТранзитныеВидыНачалоКонец,false
77,Часть_2,WHERE,уп_Резервы.Активность,уп_Резервы,false
77,Часть_2,JOIN_ON,уп_Резервы.НомерСчета = ВТ_ТранзитныеВидыНачалоКонец.ПенсионныйСчет,ВТ_ТранзитныеВидыНачалоКонец;уп_Резервы,false
77,Часть_2,JOIN_ON,"ВТ_ТранзитныеВидыНачалоКонец.ПенсионныйСчет,",ВТ_ТранзитныеВидыНачалоКонец,false
78,Часть_1,WHERE,уп_Резервы.Активность,уп_Резервы,false
78,Часть_1,JOIN_ON,уп_Резервы.НомерСчета = ВТ_ТранзитныеВидыНачалоКонец.ПенсионныйСчет,ВТ_ТранзитныеВидыНачалоКонец;уп_Резервы,false
78,Часть_1,JOIN_ON,"ВТ_ТранзитныеВидыНачалоКонец.ПенсионныйСчет,",ВТ_ТранзитныеВидыНачалоКонец,false
78,Часть_1,JOIN_ON,уп_Резервы.НомерСчета = ВТ_ТранзитныеВидыНачалоКонец.ПенсионныйСчет,ВТ_ТранзитныеВидыНачалоКонец;уп_Резервы,false
78,Часть_1,JOIN_ON,"ВТ_ТранзитныеВидыНачалоКонец.ПенсионныйСчет,",ВТ_ТранзитныеВидыНачалоКонец,false
78,Часть_1,JOIN_ON,"ПодЗапрос.ПенсионныйСчет,",ПодЗапрос,false
79,Часть_2,WHERE,уп_ВозвратыПрочихНачисленийНПО.Активность,уп_ВозвратыПрочихНачисленийНПО,false
79,Часть_2,JOIN_ON,КАК уп_ВозвратыПрочихНачисленийНПО,,false
79,Часть_2,JOIN_ON,уп_ВозвратыПрочихНачисленийНПО.НомерСчета = ВТ_ТранзитныеВидыНачалоКонец.ПенсионныйСчет,уп_ВозвратыПрочихНачисленийНПО;ВТ_ТранзитныеВидыНачалоКонец,false
79,Часть_2,JOIN_ON,"ВТ_ТранзитныеВидыНачалоКонец.ПенсионныйСчет,",ВТ_ТранзитныеВидыНачалоКонец,false
80,Часть_3,WHERE,уп_ВозвратыПрочихНачисленийНПО.Активность,уп_ВозвратыПрочихНачисленийНПО,false
80,Часть_3,JOIN_ON,КАК уп_ВозвратыПрочихНачисленийНПО,,false
80,Часть_3,JOIN_ON,уп_ВозвратыПрочихНачисленийНПО.НомерСчета = ВТ_ТранзитныеВидыНачалоКонец.ПенсионныйСчет,уп_ВозвратыПрочихНачисленийНПО;ВТ_ТранзитныеВидыНачалоКонец,false
80,Часть_3,JOIN_ON,"ВТ_ТранзитныеВидыНачалоКонец.ПенсионныйСчет,",ВТ_ТранзитныеВидыНачалоКонец,false
81,Часть_4,WHERE,уп_ВозвратыПенсийНПО.Активность,уп_ВозвратыПенсийНПО,false
81,Часть_4,JOIN_ON,КАК уп_ВозвратыПенсийНПО,,false
81,Часть_4,JOIN_ON,уп_ВозвратыПенсийНПО.НомерСчета = ВТ_ТранзитныеВидыНачалоКонец.ПенсионныйСчет,уп_ВозвратыПенсийНПО;ВТ_ТранзитныеВидыНачалоКонец,false
81,Часть_4,JOIN_ON,"ВТ_ТранзитныеВидыНачалоКонец.ПенсионныйСчет,",ВТ_ТранзитныеВидыНачалоКонец,false
82,Часть_5,WHERE,уп_ВозвратыПенсийНПО.Активность,уп_ВозвратыПенсийНПО,false
82,Часть_5,JOIN_ON,КАК уп_ВозвратыПенсийНПО,,false
82,Часть_5,JOIN_ON,уп_ВозвратыПенсийНПО.НомерСчета = ВТ_ТранзитныеВидыНачалоКонец.ПенсионныйСчет,уп_ВозвратыПенсийНПО;ВТ_ТранзитныеВидыНачалоКонец,false
82,Часть_5,JOIN_ON,"ВТ_ТранзитныеВидыНачалоКонец.ПенсионныйСчет,",ВТ_ТранзитныеВидыНачалоКонец,false
83,ВТ_Суммы_ПР_ТранзитныеВиды,JOIN_ON,уп_Поступления.НомерСчета = ВТ_ТранзитныеВидыНачалоКонец.ПенсионныйСчет,уп_Поступления;ВТ_ТранзитныеВидыНачалоКонец,false
83,ВТ_Суммы_ПР_ТранзитныеВиды,JOIN_ON,"ВТ_ТранзитныеВидыНачалоКонец.ПенсионныйСчет,",ВТ_ТранзитныеВидыНачалоКонец,false
83,ВТ_Суммы_ПР_ТранзитныеВиды,JOIN_ON,уп_ИнвестДоход.НомерСчета = ВТ_ТранзитныеВидыНачалоКонец.ПенсионныйСчет,уп_ИнвестДоход;ВТ_ТранзитныеВидыНачалоКонец,false
83,ВТ_Суммы_ПР_ТранзитныеВиды,JOIN_ON,"ВТ_ТранзитныеВидыНачалоКонец.ПенсионныйСчет,",ВТ_ТранзитныеВидыНачалоКонец,false
83,ВТ_Суммы_ПР_ТранзитныеВиды,JOIN_ON,уп_ЗадолженностьПоПенсиям.НомерСчета = ВТ_ТранзитныеВидыНачалоКонец.ПенсионныйСчет,ВТ_ТранзитныеВидыНачалоКонец;уп_ЗадолженностьПоПенсиям,false
83,ВТ_Суммы_ПР_ТранзитныеВиды,JOIN_ON,"ВТ_ТранзитныеВидыНачалоКонец.ПенсионныйСчет,",ВТ_ТранзитныеВидыНачалоКонец,false
83,ВТ_Суммы_ПР_ТранзитныеВиды,JOIN_ON,"ПодЗапрос.ПенсионныйСчет,",ПодЗапрос,false
84,ПодЗапрос,JOIN_ON,уп_Поступления.НомерСчета = ВТ_ТранзитныеВидыНачалоКонец.ПенсионныйСчет,уп_Поступления;ВТ_ТранзитныеВидыНачалоКонец,false
84,ПодЗапрос,JOIN_ON,"ВТ_ТранзитныеВидыНачалоКонец.ПенсионныйСчет,",ВТ_ТранзитныеВидыНачалоКонец,false
84,ПодЗапрос,JOIN_ON,уп_ИнвестДоход.НомерСчета = ВТ_ТранзитныеВидыНачалоКонец.ПенсионныйСчет,уп_ИнвестДоход;ВТ_ТранзитныеВидыНачалоКонец,false
84,ПодЗапрос,JOIN_ON,"ВТ_ТранзитныеВидыНачалоКонец.ПенсионныйСчет,",ВТ_ТранзитныеВидыНачалоКонец,false
86,Часть_2,JOIN_ON,уп_Поступления.НомерСчета = ВТ_ТранзитныеВидыНачалоКонец.ПенсионныйСчет,уп_Поступления;ВТ_ТранзитныеВидыНачалоКонец,false
86,Часть_2,JOIN_ON,"ВТ_ТранзитныеВидыНачалоКонец.ПенсионныйСчет,",ВТ_ТранзитныеВидыНачалоКонец,false
87,Часть_3,JOIN_ON,уп_ИнвестДоход.НомерСчета = ВТ_ТранзитныеВидыНачалоКонец.ПенсионныйСчет,уп_ИнвестДоход;ВТ_ТранзитныеВидыНачалоКонец,false
87,Часть_3,JOIN_ON,"ВТ_ТранзитныеВидыНачалоКонец.ПенсионныйСчет,",ВТ_ТранзитныеВидыНачалоКонец,false
88,Часть_4,JOIN_ON,уп_ЗадолженностьПоПенсиям.НомерСчета = ВТ_ТранзитныеВидыНачалоКонец.ПенсионныйСчет,ВТ_ТранзитныеВидыНачалоКонец;уп_ЗадолженностьПоПенсиям,false
88,Часть_4,JOIN_ON,"ВТ_ТранзитныеВидыНачалоКонец.ПенсионныйСчет,",ВТ_ТранзитныеВидыНачалоКонец,false
89,ВТ_ВыплатыПРТранзитныеВиды,WHERE,"уп_НачисленияПенсий.ВидДвижения = ЗНАЧЕНИЕ(ВидДвиженияНакопления.Расход)

	
	И уп_НачисленияПенсий.Активность",уп_НачисленияПенсий;ВидДвиженияНакопления,false
89,ВТ_ВыплатыПРТранзитныеВиды,JOIN_ON,уп_НачисленияПенсий.НомерСчета = ВТ_ТранзитныеВидыНачалоКонец.ПенсионныйСчет,уп_НачисленияПенсий;ВТ_ТранзитныеВидыНачалоКонец,false
89,ВТ_ВыплатыПРТранзитныеВиды,JOIN_ON,"ВТ_ТранзитныеВидыНачалоКонец.ПенсионныйСчет,",ВТ_ТранзитныеВидыНачалоКонец,false
89,ВТ_ВыплатыПРТранзитныеВиды,JOIN_ON,уп_ПрочиеНачисления.НомерСчета = ВТ_ТранзитныеВидыНачалоКонец.ПенсионныйСчет,уп_ПрочиеНачисления;ВТ_ТранзитныеВидыНачалоКонец,false
89,ВТ_ВыплатыПРТранзитныеВиды,JOIN_ON,"ВТ_ТранзитныеВидыНачалоКонец.ПенсионныйСчет,",ВТ_ТранзитныеВидыНачалоКонец,false
89,ВТ_ВыплатыПРТранзитныеВиды,JOIN_ON,уп_ПрочиеНачисления.НомерСчета = ВТ_ТранзитныеВидыНачалоКонец.ПенсионныйСчет,уп_ПрочиеНачисления;ВТ_ТранзитныеВидыНачалоКонец,false
89,ВТ_ВыплатыПРТранзитныеВиды,JOIN_ON,"ВТ_ТранзитныеВидыНачалоКонец.ПенсионныйСчет,",ВТ_ТранзитныеВидыНачалоКонец,false
89,ВТ_ВыплатыПРТранзитныеВиды,JOIN_ON,КАК уп_ОтвергнутыеПлатежиПенсийНПО,,false
89,ВТ_ВыплатыПРТранзитныеВиды,JOIN_ON,уп_ОтвергнутыеПлатежиПенсийНПО.НомерСчета = ВТ_ТранзитныеВидыНачалоКонец.ПенсионныйСчет,ВТ_ТранзитныеВидыНачалоКонец;уп_ОтвергнутыеПлатежиПенсийНПО,false
89,ВТ_ВыплатыПРТранзитныеВиды,JOIN_ON,"ВТ_ТранзитныеВидыНачалоКонец.ПенсионныйСчет,",ВТ_ТранзитныеВидыНачалоКонец,false
89,ВТ_ВыплатыПРТранзитныеВиды,JOIN_ON,КАК уп_ОтвергнутыеПлатежиПрочиеНачисленияНПО,,false
89,ВТ_ВыплатыПРТранзитныеВиды,JOIN_ON,уп_ОтвергнутыеПлатежиПрочиеНачисленияНПО.НомерСчета = ВТ_ТранзитныеВидыНачалоКонец.ПенсионныйСчет,уп_ОтвергнутыеПлатежиПрочиеНачисленияНПО;ВТ_ТранзитныеВидыНачалоКонец,false
89,ВТ_ВыплатыПРТранзитныеВиды,JOIN_ON,"ВТ_ТранзитныеВидыНачалоКонец.ПенсионныйСчет,",ВТ_ТранзитныеВидыНачалоКонец,false
89,ВТ_ВыплатыПРТранзитныеВиды,JOIN_ON,ПенсионныйСчет,,false
90,Часть_1,WHERE,"уп_НачисленияПенсий.ВидДвижения = ЗНАЧЕНИЕ(ВидДвиженияНакопления.Расход)

	
	И уп_НачисленияПенсий.Активность",уп_НачисленияПенсий;ВидДвиженияНакопления,false
90,Часть_1,JOIN_ON,уп_НачисленияПенсий.НомерСчета = ВТ_ТранзитныеВидыНачалоКонец.ПенсионныйСчет,уп_НачисленияПенсий;ВТ_ТранзитныеВидыНачалоКонец,false
90,Часть_1,JOIN_ON,"ВТ_ТранзитныеВидыНачалоКонец.ПенсионныйСчет,",ВТ_ТранзитныеВидыНачалоКонец,false
91,Часть_2,WHERE,"уп_ПрочиеНачисления.ВидДвижения = ЗНАЧЕНИЕ(ВидДвиженияНакопления.Расход)

	И уп_ПрочиеНачисления.Активность",уп_ПрочиеНачисления;ВидДвиженияНакопления,false
91,Часть_2,JOIN_ON,уп_ПрочиеНачисления.НомерСчета = ВТ_ТранзитныеВидыНачалоКонец.ПенсионныйСчет,уп_ПрочиеНачисления;ВТ_ТранзитныеВидыНачалоКонец,false
91,Часть_2,JOIN_ON,"ВТ_ТранзитныеВидыНачалоКонец.ПенсионныйСчет,",ВТ_ТранзитныеВидыНачалоКонец,false
92,Часть_3,JOIN_ON,уп_ПрочиеНачисления.НомерСчета = ВТ_ТранзитныеВидыНачалоКонец.ПенсионныйСчет,уп_ПрочиеНачисления;ВТ_ТранзитныеВидыНачалоКонец,false
92,Часть_3,JOIN_ON,"ВТ_ТранзитныеВидыНачалоКонец.ПенсионныйСчет,",ВТ_ТранзитныеВидыНачалоКонец,false
93,Часть_4,JOIN_ON,КАК уп_ОтвергнутыеПлатежиПенсийНПО,,false
93,Часть_4,JOIN_ON,уп_ОтвергнутыеПлатежиПенсийНПО.НомерСчета = ВТ_ТранзитныеВидыНачалоКонец.ПенсионныйСчет,ВТ_ТранзитныеВидыНачалоКонец;уп_ОтвергнутыеПлатежиПенсийНПО,false
93,Часть_4,JOIN_ON,"ВТ_ТранзитныеВидыНачалоКонец.ПенсионныйСчет,",ВТ_ТранзитныеВидыНачалоКонец,false
94,Часть_5,JOIN_ON,КАК уп_ОтвергнутыеПлатежиПрочиеНачисленияНПО,,false
94,Часть_5,JOIN_ON,уп_ОтвергнутыеПлатежиПрочиеНачисленияНПО.НомерСчета = ВТ_ТранзитныеВидыНачалоКонец.ПенсионныйСчет,уп_ОтвергнутыеПлатежиПрочиеНачисленияНПО;ВТ_ТранзитныеВидыНачалоКонец,false
94,Часть_5,JOIN_ON,"ВТ_ТранзитныеВидыНачалоКонец.ПенсионныйСчет,",ВТ_ТранзитныеВидыНачалоКонец,false
94,Часть_5,JOIN_ON,ПенсионныйСчет,,false
95,ВТ_ВыплатыТранзитныеВиды,JOIN_ON,"ВТ_ВыплатыПРТранзитныеВиды.ПенсионныйСчет,",ВТ_ВыплатыПРТранзитныеВиды,false
95,ВТ_ВыплатыТранзитныеВиды,JOIN_ON,ПенсионныйСчет,,false
96,ВТ_ПеремещенияВСтраховойРезервТранзитныеВиды,JOIN_ON,(уп_Резервы.НомерСчета = ВТ_ТранзитныеВидыНачалоКонец.ПенсионныйСчет),ВТ_ТранзитныеВидыНачалоКонец;уп_Резервы,false
96,ВТ_ПеремещенияВСтраховойРезервТранзитныеВиды,JOIN_ON,ПенсионныйСчет,,false
98,ВТ_ПереводыИзРегистров_РезервыТранзитныеВиды,WHERE,"Резервы.Активность 
	И НЕ Резервы.Движение = ЗНАЧЕНИЕ(Перечисление.уп_ВидыДвижений.СтраховойПриЗакрытии)",уп_ВидыДвижений;Перечисление;Резервы,false
98,ВТ_ПереводыИзРегистров_РезервыТранзитныеВиды,JOIN_ON,(Резервы.НомерСчета = ВТ_ТранзитныеВидыНачалоКонец.ПенсионныйСчет),ВТ_ТранзитныеВидыНачалоКонец;Резервы,false
98,ВТ_ПереводыИзРегистров_РезервыТранзитныеВиды,JOIN_ON,Резервы.ВидДвиженияЕПС = ВТ_ПереводыИзРегистров_ВидыДвижений.Ссылка,ВТ_ПереводыИзРегистров_ВидыДвижений;Резервы,false
98,ВТ_ПереводыИзРегистров_РезервыТранзитныеВиды,JOIN_ON,"Резервы.Регистратор,",Резервы,false
98,ВТ_ПереводыИзРегистров_РезервыТранзитныеВиды,JOIN_ON,Резервы.ВидДвиженияЕПС = ВТ_ПереводыИзРегистров_ВидыДвижений_ВРезервы.Ссылка,ВТ_ПереводыИзРегистров_ВидыДвижений_ВРезервы;Резервы,false
98,ВТ_ПереводыИзРегистров_РезервыТранзитныеВиды,JOIN_ON,(Резервы.НомерСчета = ВТ_ТранзитныеВидыНачалоКонец.ПенсионныйСчет),ВТ_ТранзитныеВидыНачалоКонец;Резервы,false
98,ВТ_ПереводыИзРегистров_РезервыТранзитныеВиды,JOIN_ON,"Резервы.Регистратор,",Резервы,false
99,Часть_1,WHERE,"Резервы.Активность 
	И НЕ Резервы.Движение = ЗНАЧЕНИЕ(Перечисление.уп_ВидыДвижений.СтраховойПриЗакрытии)",уп_ВидыДвижений;Перечисление;Резервы,false
99,Часть_1,JOIN_ON,(Резервы.НомерСчета = ВТ_ТранзитныеВидыНачалоКонец.ПенсионныйСчет),ВТ_ТранзитныеВидыНачалоКонец;Резервы,false
99,Часть_1,JOIN_ON,Резервы.ВидДвиженияЕПС = ВТ_ПереводыИзРегистров_ВидыДвижений.Ссылка,ВТ_ПереводыИзРегистров_ВидыДвижений;Резервы,false
99,Часть_1,JOIN_ON,"Резервы.Регистратор,",Резервы,false
100,Часть_2,WHERE,"Резервы.Активность 
	И НЕ Резервы.Движение = ЗНАЧЕНИЕ(Перечисление.уп_ВидыДвижений.СтраховойПриЗакрытии) 

	И ВЫБОР 
			КОГДА Резервы.ВидДвиженияЕПС = ЗНАЧЕНИЕ(Перечисление.епс_ВидыДвиженияПенсионныхРезервов.ИныеПереводыМеждуСчетами)
				И Резервы.ВидДвиженияПоТипамЕПС В (ЗНАЧЕНИЕ(Перечисление.уп_ВидыДвиженийПоТипамЕПС.ВыводВСтраховойРезерв_Инвестиционный),
													ЗНАЧЕНИЕ(Перечисление.уп_ВидыДвиженийПоТипамЕПС.ВыводВСтраховойРезерв_Страховой),
													ЗНАЧЕНИЕ(Перечисление.уп_ВидыДвиженийПоТипамЕПС.ПоступлениеИзСтраховогоРезерва_Инвестиционный),
													ЗНАЧЕНИЕ(Перечисление.уп_ВидыДвиженийПоТипамЕПС.ПоступлениеИзСтраховогоРезерва_Страховой))
				ТОГДА ИСТИНА
			КОГДА 	Резервы.ВидДвиженияЕПС В (ЗНАЧЕНИЕ(Перечисление.епс_ВидыДвиженияПенсионныхРезервов.ПереводыС_ИПС_В_Страховой),
												ЗНАЧЕНИЕ(Перечисление.епс_ВидыДвиженияПенсионныхРезервов.ПереводыС_СПС_В_Страховой),
												ЗНАЧЕНИЕ(Перечисление.епс_ВидыДвиженияПенсионныхРезервов.ПереводыС_ИПС_В_РПВ),
												ЗНАЧЕНИЕ(Перечисление.епс_ВидыДвиженияПенсионныхРезервов.ПереводыИз_Страхового_На_ИПС),
												ЗНАЧЕНИЕ(Перечисление.епс_ВидыДвиженияПенсионныхРезервов.ПереводыИз_Страхового_На_СПС),
												ЗНАЧЕНИЕ(Перечисление.епс_ВидыДвиженияПенсионныхРезервов.ПереводыИз_Страхового_В_РПВ))
				ТОГДА ИСТИНА
			ИНАЧЕ ЛОЖЬ
		КОНЕЦ",уп_ВидыДвижений;уп_ВидыДвиженийПоТипамЕПС;Резервы;епс_ВидыДвиженияПенсионныхРезервов;Перечисление,false
100,Часть_2,JOIN_ON,Резервы.ВидДвиженияЕПС = ВТ_ПереводыИзРегистров_ВидыДвижений_ВРезервы.Ссылка,ВТ_ПереводыИзРегистров_ВидыДвижений_ВРезервы;Резервы,false
100,Часть_2,JOIN_ON,(Резервы.НомерСчета = ВТ_ТранзитныеВидыНачалоКонец.ПенсионныйСчет),ВТ_ТранзитныеВидыНачалоКонец;Резервы,false
100,Часть_2,JOIN_ON,"Резервы.Регистратор,",Резервы,false
104,ВТ_ПереводыТранзитныеВиды,JOIN_ON,"ВТ_ПереводыИзРегистров_РегистрыТранзитныеВиды.ПенсионныйСчет,",ВТ_ПереводыИзРегистров_РегистрыТранзитныеВиды,false
105,ВТ_ОстаткиТранзитныеВиды_Предв,JOIN_ON,(ВТ_ТранзитныеВидыНачалоКонец.ПенсионныйСчет = ВТ_Суммы_ПР_ТранзитныеВиды.ПенсионныйСчет,ВТ_ТранзитныеВидыНачалоКонец;ВТ_Суммы_ПР_ТранзитныеВиды,false
105,ВТ_ОстаткиТранзитныеВиды_Предв,JOIN_ON,(ВТ_ТранзитныеВидыНачалоКонец.ПенсионныйСчет = ВТ_ВыплатыТранзитныеВиды.ПенсионныйСчет,ВТ_ВыплатыТранзитныеВиды;ВТ_ТранзитныеВидыНачалоКонец,false
105,ВТ_ОстаткиТранзитныеВиды_Предв,JOIN_ON,(ВТ_ТранзитныеВидыНачалоКонец.ПенсионныйСчет = ВТ_ПереводыТранзитныеВиды.ПенсионныйСчет,ВТ_ПереводыТранзитныеВиды;ВТ_ТранзитныеВидыНачалоКонец,false
107,ВТ_ТранзитныеВиды_ГруппыСчетов,WHERE,ИФРС17_ГруппыСчетовНПО.Активность,ИФРС17_ГруппыСчетовНПО,false
107,ВТ_ТранзитныеВиды_ГруппыСчетов,JOIN_ON,"КАК ГруппаДоговоровНПО,",,false
107,ВТ_ТранзитныеВиды_ГруппыСчетов,JOIN_ON,"КАК КатегорииДоговоровНПО,",,false
107,ВТ_ТранзитныеВиды_ГруппыСчетов,JOIN_ON,КАК ИФРС17_ГруппыСчетовНПО,,false
107,ВТ_ТранзитныеВиды_ГруппыСчетов,JOIN_ON,КАК ИФРС17_ГруппыСчетовНПО,,false
107,ВТ_ТранзитныеВиды_ГруппыСчетов,JOIN_ON,ВТ_ТранзитныеВидыНачалоКонец.ПенсионныйСчет = ИФРС17_ГруппыСчетовНПО.НомерСчета,ИФРС17_ГруппыСчетовНПО;ВТ_ТранзитныеВидыНачалоКонец,false
107,ВТ_ТранзитныеВиды_ГруппыСчетов,JOIN_ON,"ВТ_ТранзитныеВидыНачалоКонец.ПенсионныйСчет,",ВТ_ТранзитныеВидыНачалоКонец,false
107,ВТ_ТранзитныеВиды_ГруппыСчетов,JOIN_ON,ИФРС17_ГруппыСчетовНПО.НомерСчета = Подзапрос.ПенсионныйСчет,ИФРС17_ГруппыСчетовНПО;Подзапрос,false
107,ВТ_ТранзитныеВиды_ГруппыСчетов,JOIN_ON,КАК ИФРС17_ГруппыДоговоровНПО,,false
107,ВТ_ТранзитныеВиды_ГруппыСчетов,JOIN_ON,КАК ИФРС17_ПараметрыГруппыДоговоровНПО,,false
107,ВТ_ТранзитныеВиды_ГруппыСчетов,JOIN_ON,КАК ИФРС17_ПортфельДоговоровНПО,,false
107,ВТ_ТранзитныеВиды_ГруппыСчетов,JOIN_ON,(ИФРС17_ПараметрыГруппыДоговоровНПО.ПортфельДоговоровНПО = ИФРС17_ПортфельДоговоровНПО.Ссылка),ИФРС17_ПараметрыГруппыДоговоровНПО;ИФРС17_ПортфельДоговоровНПО,false
107,ВТ_ТранзитныеВиды_ГруппыСчетов,JOIN_ON,(ИФРС17_ГруппыДоговоровНПО.ПараметрыГруппыДоговоров = ИФРС17_ПараметрыГруппыДоговоровНПО.Ссылка),ИФРС17_ПараметрыГруппыДоговоровНПО;ИФРС17_ГруппыДоговоровНПО,false
107,ВТ_ТранзитныеВиды_ГруппыСчетов,JOIN_ON,(ИФРС17_ГруппыСчетовНПО.ГруппаДоговоровНПО = ИФРС17_ГруппыДоговоровНПО.Ссылка),ИФРС17_ГруппыСчетовНПО;ИФРС17_ГруппыДоговоровНПО,false
109,ВТ_ТранзитныеВиды_ТипыДоговоровЕПС,WHERE,уп_ТипыПенсионныхСчетовДляЕПС.Активность,уп_ТипыПенсионныхСчетовДляЕПС,false
109,ВТ_ТранзитныеВиды_ТипыДоговоровЕПС,JOIN_ON,ВТ_ТранзитныеВидыНачалоКонец.ПенсионныйСчет = уп_ТипыПенсионныхСчетовДляЕПС.НомерСчета,ВТ_ТранзитныеВидыНачалоКонец;уп_ТипыПенсионныхСчетовДляЕПС,false
109,ВТ_ТранзитныеВиды_ТипыДоговоровЕПС,JOIN_ON,"ВТ_ТранзитныеВидыНачалоКонец.ПенсионныйСчет,",ВТ_ТранзитныеВидыНачалоКонец,false
109,ВТ_ТранзитныеВиды_ТипыДоговоровЕПС,JOIN_ON,уп_ТипыПенсионныхСчетовДляЕПС.НомерСчета = Подзапрос.ПенсионныйСчет,уп_ТипыПенсионныхСчетовДляЕПС;Подзапрос,false
111,ВТ_ТранзитныеВиды_ДатыФиксации,WHERE,уп_ДатаФиксацииОбязательствНПО.Активность,уп_ДатаФиксацииОбязательствНПО,false
111,ВТ_ТранзитныеВиды_ДатыФиксации,JOIN_ON,КАК уп_ДатаФиксацииОбязательствНПО,,false
111,ВТ_ТранзитныеВиды_ДатыФиксации,JOIN_ON,КАК уп_ДатаФиксацииОбязательствНПО,,false
111,ВТ_ТранзитныеВиды_ДатыФиксации,JOIN_ON,ВТ_ТранзитныеВидыНачалоКонец.ПенсионныйСчет = уп_ДатаФиксацииОбязательствНПО.НомерСчета,ВТ_ТранзитныеВидыНачалоКонец;уп_ДатаФиксацииОбязательствНПО,false
111,ВТ_ТранзитныеВиды_ДатыФиксации,JOIN_ON,"ВТ_ТранзитныеВидыНачалоКонец.ПенсионныйСчет,",ВТ_ТранзитныеВидыНачалоКонец,false
111,ВТ_ТранзитныеВиды_ДатыФиксации,JOIN_ON,уп_ДатаФиксацииОбязательствНПО.НомерСчета = Подзапрос.ПенсионныйСчет,Подзапрос;уп_ДатаФиксацииОбязательствНПО,false
111,ВТ_ТранзитныеВиды_ДатыФиксации,JOIN_ON,"Подзапрос.ПенсионныйСчет,",Подзапрос,false
113,ВТ_ТранзитныеВиды_ПериодыГарантВосполнения,WHERE,уп_ПериодыГарантийногоВосполненияНПО.Активность,уп_ПериодыГарантийногоВосполненияНПО,false
113,ВТ_ТранзитныеВиды_ПериодыГарантВосполнения,JOIN_ON,КАК уп_ПериодыГарантийногоВосполненияНПО,,false
113,ВТ_ТранзитныеВиды_ПериодыГарантВосполнения,JOIN_ON,КАК уп_ПериодыГарантийногоВосполненияНПО,,false
113,ВТ_ТранзитныеВиды_ПериодыГарантВосполнения,JOIN_ON,ВТ_ТранзитныеВидыНачалоКонец.ПенсионныйСчет = уп_ПериодыГарантийногоВосполненияНПО.НомерСчета,ВТ_ТранзитныеВидыНачалоКонец;уп_ПериодыГарантийногоВосполненияНПО,false
113,ВТ_ТранзитныеВиды_ПериодыГарантВосполнения,JOIN_ON,"ВТ_ТранзитныеВидыНачалоКонец.ПенсионныйСчет,",ВТ_ТранзитныеВидыНачалоКонец,false
113,ВТ_ТранзитныеВиды_ПериодыГарантВосполнения,JOIN_ON,уп_ПериодыГарантийногоВосполненияНПО.НомерСчета = Подзапрос.ПенсионныйСчет,Подзапрос;уп_ПериодыГарантийногоВосполненияНПО,false
115,ВТ_ПенсионныеСчета_Свойства_ТранзитныеОбязательства,JOIN_ON,КОГДА ЗНАЧЕНИЕ(Перечисление.ИФРС17_КатегорииДоговоровНПО.Страховые),ИФРС17_КатегорииДоговоровНПО;Перечисление,false
115,ВТ_ПенсионныеСчета_Свойства_ТранзитныеОбязательства,JOIN_ON,ВТ_ТранзитныеВидыНачалоКонец.ПенсионныйСчет = ВТ_ТранзитныеВиды_ПериодыГарантВосполнения.ПенсионныйСчет,ВТ_ТранзитныеВиды_ПериодыГарантВосполнения;ВТ_ТранзитныеВидыНачалоКонец,false
115,ВТ_ПенсионныеСчета_Свойства_ТранзитныеОбязательства,JOIN_ON,ВТ_ТранзитныеВидыНачалоКонец.ПенсионныйСчет = ВТ_ТранзитныеВиды_ДатыФиксации.ПенсионныйСчет,ВТ_ТранзитныеВидыНачалоКонец;ВТ_ТранзитныеВиды_ДатыФиксации,false
115,ВТ_ПенсионныеСчета_Свойства_ТранзитныеОбязательства,JOIN_ON,ВТ_ТранзитныеВидыНачалоКонец.ПенсионныйСчет = ВТ_ТранзитныеВиды_ТипыДоговоровЕПС.ПенсионныйСчет,ВТ_ТранзитныеВидыНачалоКонец;ВТ_ТранзитныеВиды_ТипыДоговоровЕПС,false
115,ВТ_ПенсионныеСчета_Свойства_ТранзитныеОбязательства,JOIN_ON,ВТ_ТранзитныеВидыНачалоКонец.ПенсионныйСчет = ВТ_ТранзитныеВиды_ГруппыСчетов.ПенсионныйСчет,ВТ_ТранзитныеВидыНачалоКонец;ВТ_ТранзитныеВиды_ГруппыСчетов,false
115,ВТ_ПенсионныеСчета_Свойства_ТранзитныеОбязательства,JOIN_ON,ВТ_ТранзитныеВидыНачалоКонец.ПенсионныйСчет = ВТ_ПенсионныеСчета.ПенсионныйСчет,ВТ_ТранзитныеВидыНачалоКонец;ВТ_ПенсионныеСчета,false
115,ВТ_ПенсионныеСчета_Свойства_ТранзитныеОбязательства,JOIN_ON,ВТ_ПенсионныеСчета.ПенсионныйСчет = уп_ПенсионныеСчета.Ссылка,уп_ПенсионныеСчета;ВТ_ПенсионныеСчета,false
115,ВТ_ПенсионныеСчета_Свойства_ТранзитныеОбязательства,JOIN_ON,ВТ_ПенсионныеСчета.ПенсионныйСчет = ВТ_ПричиныЗакрытия.ПенсионныйСчет,ВТ_ПричиныЗакрытия;ВТ_ПенсионныеСчета,false
115,ВТ_ПенсионныеСчета_Свойства_ТранзитныеОбязательства,JOIN_ON,ВТ_ПенсионныеСчета.ПенсионныйСчет = ВТ_ВидыПенсионныхСчетов.ПенсионныйСчет,ВТ_ВидыПенсионныхСчетов;ВТ_ПенсионныеСчета,false
115,ВТ_ПенсионныеСчета_Свойства_ТранзитныеОбязательства,JOIN_ON,ВТ_ПенсионныеСчета.ПенсионныйСчет = ВТ_ПенсионныеСчетаРПВ.ПенсионныйСчет,ВТ_ПенсионныеСчетаРПВ;ВТ_ПенсионныеСчета,false
115,ВТ_ПенсионныеСчета_Свойства_ТранзитныеОбязательства,JOIN_ON,ИНДЕКСИРОВАТЬ ПО,,false
116,ВТ_ПенсионныеСчетаСПТ,JOIN_ON,ВТ_ПенсионныеСчета.ПенсионныйСчет = уп_ПенсионныеСчета.Ссылка,уп_ПенсионныеСчета;ВТ_ПенсионныеСчета,false
116,ВТ_ПенсионныеСчетаСПТ,JOIN_ON,(уп_ПараметрыПенсионногоДоговораСрезПоследних.ШаблонДоговора = уп_ШаблоныДоговоров.Ссылка),уп_ПараметрыПенсионногоДоговораСрезПоследних;уп_ШаблоныДоговоров,false
116,ВТ_ПенсионныеСчетаСПТ,JOIN_ON,(уп_ПенсионныеСчета.Владелец = уп_ПараметрыПенсионногоДоговораСрезПоследних.ПенсионныйДоговор),уп_ПараметрыПенсионногоДоговораСрезПоследних;уп_ПенсионныеСчета,false
116,ВТ_ПенсионныеСчетаСПТ,JOIN_ON,(уп_ПенсионныеСчета.Ссылка = уп_ПенсионныеCчетаCСПТСрезПоследних.НомерСчета),уп_ПенсионныеСчета;уп_ПенсионныеCчетаCСПТСрезПоследних,false
117,ВТ_ПенсионныеСчета_Свойства,JOIN_ON,КОГДА ЗНАЧЕНИЕ(Перечисление.ИФРС17_КатегорииДоговоровНПО.Страховые),ИФРС17_КатегорииДоговоровНПО;Перечисление,false
117,ВТ_ПенсионныеСчета_Свойства,JOIN_ON,ВТ_ПенсионныеСчета.ПенсионныйСчет = уп_ПенсионныеСчета.Ссылка,уп_ПенсионныеСчета;ВТ_ПенсионныеСчета,false
117,ВТ_ПенсионныеСчета_Свойства,JOIN_ON,ВТ_ПенсионныеСчета.ПенсионныйСчет = ВТ_ПричиныЗакрытия.ПенсионныйСчет,ВТ_ПричиныЗакрытия;ВТ_ПенсионныеСчета,false
117,ВТ_ПенсионныеСчета_Свойства,JOIN_ON,ВТ_ПенсионныеСчета.ПенсионныйСчет = ВТ_ВидыПенсионныхСчетов.ПенсионныйСчет,ВТ_ВидыПенсионныхСчетов;ВТ_ПенсионныеСчета,false
117,ВТ_ПенсионныеСчета_Свойства,JOIN_ON,ВТ_ПенсионныеСчета.ПенсионныйСчет = ВТ_ПенсионныеСчетаРПВ.ПенсионныйСчет,ВТ_ПенсионныеСчетаРПВ;ВТ_ПенсионныеСчета,false
117,ВТ_ПенсионныеСчета_Свойства,JOIN_ON,ВТ_ПенсионныеСчета.ПенсионныйСчет = ВТ_ПенсионныеСчетаСПТ.ПенсионныйСчет,ВТ_ПенсионныеСчета;ВТ_ПенсионныеСчетаСПТ,false
117,ВТ_ПенсионныеСчета_Свойства,JOIN_ON,ВТ_ПенсионныеСчета.ПенсионныйСчет = уп_ПериодыГарантийногоВосполненияНПОСрезПоследних.НомерСчета,уп_ПериодыГарантийногоВосполненияНПОСрезПоследних;ВТ_ПенсионныеСчета,false
117,ВТ_ПенсионныеСчета_Свойства,JOIN_ON,ВТ_ПенсионныеСчета.ПенсионныйСчет = уп_ДатаФиксацииОбязательствНПОСрезПоследних.НомерСчета,уп_ДатаФиксацииОбязательствНПОСрезПоследних;ВТ_ПенсионныеСчета,false
117,ВТ_ПенсионныеСчета_Свойства,JOIN_ON,ВТ_ПенсионныеСчета.ПенсионныйСчет = уп_ТипыПенсионныхСчетовДляЕПССрезПоследних.НомерСчета,уп_ТипыПенсионныхСчетовДляЕПССрезПоследних;ВТ_ПенсионныеСчета,false
117,ВТ_ПенсионныеСчета_Свойства,JOIN_ON,КАК ИФРС17_ГруппыДоговоровНПО,,false
117,ВТ_ПенсионныеСчета_Свойства,JOIN_ON,КАК ИФРС17_ПараметрыГруппыДоговоровНПО,,false
117,ВТ_ПенсионныеСчета_Свойства,JOIN_ON,КАК ИФРС17_ПортфельДоговоровНПО,,false
117,ВТ_ПенсионныеСчета_Свойства,JOIN_ON,(ИФРС17_ПараметрыГруппыДоговоровНПО.ПортфельДоговоровНПО = ИФРС17_ПортфельДоговоровНПО.Ссылка),ИФРС17_ПараметрыГруппыДоговоровНПО;ИФРС17_ПортфельДоговоровНПО,false
117,ВТ_ПенсионныеСчета_Свойства,JOIN_ON,(ИФРС17_ГруппыДоговоровНПО.ПараметрыГруппыДоговоров = ИФРС17_ПараметрыГруппыДоговоровНПО.Ссылка),ИФРС17_ПараметрыГруппыДоговоровНПО;ИФРС17_ГруппыДоговоровНПО,false
117,ВТ_ПенсионныеСчета_Свойства,JOIN_ON,(ИФРС17_ГруппыСчетовНПОСрезПоследних.ГруппаДоговоровНПО = ИФРС17_ГруппыДоговоровНПО.Ссылка),ИФРС17_ГруппыСчетовНПОСрезПоследних;ИФРС17_ГруппыДоговоровНПО,false
117,ВТ_ПенсионныеСчета_Свойства,JOIN_ON,ВТ_ПенсионныеСчета.ПенсионныйСчет = ИФРС17_ГруппыСчетовНПОСрезПоследних.НомерСчета,ИФРС17_ГруппыСчетовНПОСрезПоследних;ВТ_ПенсионныеСчета,false
117,ВТ_ПенсионныеСчета_Свойства,JOIN_ON,ВТ_ПенсионныеСчета.ПенсионныйСчет = уп_ПенсионныеCчетаCСПТСрезПоследних.НомерСчета,ВТ_ПенсионныеСчета;уп_ПенсионныеCчетаCСПТСрезПоследних,false
117,ВТ_ПенсионныеСчета_Свойства,JOIN_ON,ИНДЕКСИРОВАТЬ ПО,,false
123,ВТ_СостоянияПенсионныхСчетов,JOIN_ON,уп_СостоянияПССрезПоследних.НомерСчета = уп_СостоянияПССрезПервыхНакопительный.НомерСчета,уп_СостоянияПССрезПоследних;уп_СостоянияПССрезПервыхНакопительный,false
123,ВТ_СостоянияПенсионныхСчетов,JOIN_ON,уп_СостоянияПССрезПоследних.НомерСчета = уп_СостоянияПССрезПервыхВыплатной.НомерСчета,уп_СостоянияПССрезПоследних;уп_СостоянияПССрезПервыхВыплатной,false
123,ВТ_СостоянияПенсионныхСчетов,JOIN_ON,ПенсионныйСчет,,false
125,ВТ_ПенсионныеСчета_НеИПС,JOIN_ON,"ТипПенсионногоСчета,",,false
126,ВТ_СчетаДоговоров_СчетаУчастников,JOIN_ON,"ПенсионныйСчетДоговора,",,false
127,ВТ_ПенсионныеСчета_Орг_ПС_ТР,JOIN_ON,"Организация,",,false
128,ВТ_ПенсионныеСчета_Орг_Уч_ПС,JOIN_ON,"Организация,",,false
130,ВТ_ПараметрыПенсионныхДоговоров,JOIN_ON,ПенсионныйДоговор,,false
132,ВТ_ПенсионныеДоговоры_Свойства,JOIN_ON,"доходу""",,false
132,ВТ_ПенсионныеДоговоры_Свойства,JOIN_ON,"доходу сверх гарантированного""",,false
132,ВТ_ПенсионныеДоговоры_Свойства,JOIN_ON,"доходу сверх установленного уровня""",,false
132,ВТ_ПенсионныеДоговоры_Свойства,JOIN_ON,"КАК КатегорииДоговоровНПО,",,false
132,ВТ_ПенсионныеДоговоры_Свойства,JOIN_ON,КОГДА ЗНАЧЕНИЕ(Перечисление.ИФРС17_КатегорииДоговоровНПО.Страховые),ИФРС17_КатегорииДоговоровНПО;Перечисление,false
132,ВТ_ПенсионныеДоговоры_Свойства,JOIN_ON,ВТ_ПенсионныеДоговоры.ПенсионныйДоговор = уп_ПенсионныеДоговоры.Ссылка,ВТ_ПенсионныеДоговоры;уп_ПенсионныеДоговоры,false
132,ВТ_ПенсионныеДоговоры_Свойства,JOIN_ON,ВТ_ПенсионныеДоговоры.ПенсионныйДоговор = ВТ_ПараметрыПенсионныхДоговоров.ПенсионныйДоговор,ВТ_ПенсионныеДоговоры;ВТ_ПараметрыПенсионныхДоговоров,false
132,ВТ_ПенсионныеДоговоры_Свойства,JOIN_ON,КАК ИФРС17_ГруппыДоговоровНПО,,false
132,ВТ_ПенсионныеДоговоры_Свойства,JOIN_ON,КАК ИФРС17_ПараметрыГруппыДоговоровНПО,,false
132,ВТ_ПенсионныеДоговоры_Свойства,JOIN_ON,КАК ИФРС17_ПортфельДоговоровНПО,,false
132,ВТ_ПенсионныеДоговоры_Свойства,JOIN_ON,(ИФРС17_ПараметрыГруппыДоговоровНПО.ПортфельДоговоровНПО = ИФРС17_ПортфельДоговоровНПО.Ссылка),ИФРС17_ПараметрыГруппыДоговоровНПО;ИФРС17_ПортфельДоговоровНПО,false
132,ВТ_ПенсионныеДоговоры_Свойства,JOIN_ON,(ИФРС17_ГруппыДоговоровНПО.ПараметрыГруппыДоговоров = ИФРС17_ПараметрыГруппыДоговоровНПО.Ссылка),ИФРС17_ПараметрыГруппыДоговоровНПО;ИФРС17_ГруппыДоговоровНПО,false
132,ВТ_ПенсионныеДоговоры_Свойства,JOIN_ON,(ИФРС17_ГруппыДоговоровНПОСрезПоследних.ГруппаДоговоровНПО = ИФРС17_ГруппыДоговоровНПО.Ссылка),ИФРС17_ГруппыДоговоровНПОСрезПоследних;ИФРС17_ГруппыДоговоровНПО,false
132,ВТ_ПенсионныеДоговоры_Свойства,JOIN_ON,ВТ_ПенсионныеДоговоры.ПенсионныйДоговор = ИФРС17_ГруппыДоговоровНПОСрезПоследних.ПенсионныйДоговор,ВТ_ПенсионныеДоговоры;ИФРС17_ГруппыДоговоровНПОСрезПоследних,false
132,ВТ_ПенсионныеДоговоры_Свойства,JOIN_ON,ПенсионныйДоговор,,false
134,ВТ_СхемыПенсионныхСчетов,JOIN_ON,уп_СхемаСчета.НомерСчета.Владелец = ВТ_ПенсионныеДоговоры_Свойства.ПенсионныйДоговор,уп_СхемаСчета;ВТ_ПенсионныеДоговоры_Свойства;НомерСчета,false
134,ВТ_СхемыПенсионныхСчетов,JOIN_ON,уп_СхемаСчета.НомерСчета = ВТ_СостоянияПенсионныхСчетов.ПенсионныйСчет,уп_СхемаСчета;ВТ_СостоянияПенсионныхСчетов,false
134,ВТ_СхемыПенсионныхСчетов,JOIN_ON,уп_СхемаСчета.НомерСчета =  ВТ_ПричиныЗакрытия.ПенсионныйСчет,уп_СхемаСчета;ВТ_ПричиныЗакрытия,false
134,ВТ_СхемыПенсионныхСчетов,JOIN_ON,НомерСчета,,false
136,ВТ_ПенсионныеСхемы,JOIN_ON,ВТ_СхемыПенсионныхСчетов.Схема,ВТ_СхемыПенсионныхСчетов,false
137,ВТ_Схемы_Свойства,JOIN_ON,"выплате""",,false
137,ВТ_Схемы_Свойства,JOIN_ON,"выплате""",,false
137,ВТ_Схемы_Свойства,JOIN_ON,ВТ_ПенсионныеСхемы.Схема = уп_ПенсионныеСхемы.Ссылка,ВТ_ПенсионныеСхемы;уп_ПенсионныеСхемы,false
137,ВТ_Схемы_Свойства,JOIN_ON,Схема,,false
138,ВТ_СхемыПенсионныхСчетов_ТранзитныеОбязательства,WHERE,уп_СхемаСчета.Активность,уп_СхемаСчета,false
138,ВТ_СхемыПенсионныхСчетов_ТранзитныеОбязательства,JOIN_ON,ВТ_ТранзитныеВидыНачалоКонец.ПенсионныйСчет = уп_СхемаСчета.НомерСчета,уп_СхемаСчета;ВТ_ТранзитныеВидыНачалоКонец,false
138,ВТ_СхемыПенсионныхСчетов_ТранзитныеОбязательства,JOIN_ON,"ВТ_ТранзитныеВидыНачалоКонец.ПенсионныйСчет,",ВТ_ТранзитныеВидыНачалоКонец,false
138,ВТ_СхемыПенсионныхСчетов_ТранзитныеОбязательства,JOIN_ON,уп_СхемаСчета.НомерСчета = Подзапрос.ПенсионныйСчет,уп_СхемаСчета;Подзапрос,false
138,ВТ_СхемыПенсионныхСчетов_ТранзитныеОбязательства,JOIN_ON,уп_СхемаСчета.НомерСчета.Владелец = ВТ_ПенсионныеДоговоры_Свойства.ПенсионныйДоговор,уп_СхемаСчета;ВТ_ПенсионныеДоговоры_Свойства;НомерСчета,false
138,ВТ_СхемыПенсионныхСчетов_ТранзитныеОбязательства,JOIN_ON,уп_СхемаСчета.НомерСчета = ВТ_СостоянияПенсионныхСчетов.ПенсионныйСчет,уп_СхемаСчета;ВТ_СостоянияПенсионныхСчетов,false
138,ВТ_СхемыПенсионныхСчетов_ТранзитныеОбязательства,JOIN_ON,уп_СхемаСчета.НомерСчета =  ВТ_ПричиныЗакрытия.ПенсионныйСчет,уп_СхемаСчета;ВТ_ПричиныЗакрытия,false
138,ВТ_СхемыПенсионныхСчетов_ТранзитныеОбязательства,JOIN_ON,"Подзапрос.ПенсионныйСчет,",Подзапрос,false
138,ВТ_СхемыПенсионныхСчетов_ТранзитныеОбязательства,JOIN_ON,ПенсионныйСчет,,false
140,ВТ_Вкладчики,JOIN_ON,"ТипВкладчика,",,false
141,ВТ_ФизическиеЛица,JOIN_ON,Контрагент,,false
143,Часть_2,JOIN_ON,Контрагент,,false
147,ВТ_ДанныеКонтрагентов,JOIN_ON,(Контрагенты.Ссылка = ВТ_Контрагенты264.Контрагент),Контрагенты;ВТ_Контрагенты264,false
147,ВТ_ДанныеКонтрагентов,JOIN_ON,ФизическиеЛица.Ссылка = ГражданствоФизическихЛиц.ФизическоеЛицо,ФизическиеЛица;ГражданствоФизическихЛиц,false
147,ВТ_ДанныеКонтрагентов,JOIN_ON,(Контрагенты.уп_ФизЛицо = ФизическиеЛица.Ссылка),ФизическиеЛица;Контрагенты,false
148,Часть_1,JOIN_ON,(Контрагенты.Ссылка = ВТ_Контрагенты264.Контрагент),Контрагенты;ВТ_Контрагенты264,false
148,Часть_1,JOIN_ON,ФизическиеЛица.Ссылка = ГражданствоФизическихЛиц.ФизическоеЛицо,ФизическиеЛица;ГражданствоФизическихЛиц,false
148,Часть_1,JOIN_ON,(Контрагенты.уп_ФизЛицо = ФизическиеЛица.Ссылка),ФизическиеЛица;Контрагенты,false
152,ВТ_ФИО_ИП,JOIN_ON,(ДанныеКонтрагентов.Контрагент = СведенияИП.Объект),ДанныеКонтрагентов;СведенияИП,false
152,ВТ_ФИО_ИП,JOIN_ON,СведенияИП.Объект,СведенияИП,false
153,ВТ_ПаспортныеДанные_ПоследняяЗапись,WHERE,"ДокументыФизическихЛиц.ВидДокумента В
			(ВЫБРАТЬ
				ВТ_ВидыПаспортов.ВидДокумента
			ИЗ
				ВТ_ВидыПаспортов)",ВТ_ВидыПаспортов;ДокументыФизическихЛиц,false
153,ВТ_ПаспортныеДанные_ПоследняяЗапись,JOIN_ON,ДокументыФизическихЛиц.Физлицо = ВТ_ФизическиеЛица_ДляПаспортов.ФизическоеЛицо,ВТ_ФизическиеЛица_ДляПаспортов;ДокументыФизическихЛиц,false
153,ВТ_ПаспортныеДанные_ПоследняяЗапись,JOIN_ON,ДокументыФизическихЛиц.Физлицо,ДокументыФизическихЛиц,false
155,ВТ_ПаспортныеДанные_1,WHERE,"ДокументыФизическихЛиц.ВидДокумента В
			(ВЫБРАТЬ
				ВТ_ВидыПаспортов.ВидДокумента
			ИЗ
				ВТ_ВидыПаспортов)",ВТ_ВидыПаспортов;ДокументыФизическихЛиц,false
155,ВТ_ПаспортныеДанные_1,JOIN_ON,ДокументыФизическихЛиц.Период = ВТ_ПаспортныеДанные_ПоследняяЗапись.Период,ДокументыФизическихЛиц;ВТ_ПаспортныеДанные_ПоследняяЗапись,false
155,ВТ_ПаспортныеДанные_1,JOIN_ON,ДокументыФизическихЛиц.Физлицо,ДокументыФизическихЛиц,false
159,ВТ_Данные_к,JOIN_ON,ВТ_данные.ФизическоеЛицо = ВТ_ПаспортныеДанные.Физлицо,ВТ_ПаспортныеДанные;ВТ_данные,false
159,ВТ_Данные_к,JOIN_ON,ВТ_данные.ФизическоеЛицо = ФИО_ФЛ.ФизЛицо,ФИО_ФЛ;ВТ_данные,false
159,ВТ_Данные_к,JOIN_ON,ВТ_данные.Контрагент = ФИО_ИП.Контрагент,ФИО_ИП;ВТ_данные,false
163,ВТ_ИдентификаторыКонтрагентов,JOIN_ON,Контрагент,,false
164,ВТ_ФизическиеЛица_Свойства,JOIN_ON,ВТ_ФизическиеЛица.ФизическоеЛицо = ФизическиеЛица.Ссылка,ФизическиеЛица;ВТ_ФизическиеЛица,false
164,ВТ_ФизическиеЛица_Свойства,JOIN_ON,ФизическоеЛицо,,false
165,ВТ_ФизическиеЛица_ДляПаспортов,WHERE,"ВТ_ФизическиеЛица_Свойства.СНИЛС В (""   -   -      "", """", ""-   -"")
	И ВТ_ФизическиеЛица_Свойства.ИНН В ("""", ""0"")",ВТ_ФизическиеЛица_Свойства,false
165,ВТ_ФизическиеЛица_ДляПаспортов,JOIN_ON,ВТ_ФизическиеЛица_Свойства.ФизическоеЛицо,ВТ_ФизическиеЛица_Свойства,false
166,ВТ_ГражданствоФизическихЛиц,JOIN_ON,ФизическоеЛицо,,false
168,ВТ_ИдентификаторыКонтрагентов_Старые,JOIN_ON,ВТ_ФизическиеЛица.ФизическоеЛицо = ВТ_ПаспортныеДанные.Физлицо,ВТ_ПаспортныеДанные;ВТ_ФизическиеЛица,false
168,ВТ_ИдентификаторыКонтрагентов_Старые,JOIN_ON,ВТ_ФизическиеЛица.ФизическоеЛицо = ВТ_ФизическиеЛица_Свойства.ФизическоеЛицо,ВТ_ФизическиеЛица;ВТ_ФизическиеЛица_Свойства,false
168,ВТ_ИдентификаторыКонтрагентов_Старые,JOIN_ON,ВТ_ФизическиеЛица.ФизическоеЛицо = ВТ_ГражданствоФизическихЛиц.ФизическоеЛицо,ВТ_ГражданствоФизическихЛиц;ВТ_ФизическиеЛица,false
170,Часть_2,JOIN_ON,ВТ_ФизическиеЛица.ФизическоеЛицо = ВТ_ПаспортныеДанные.Физлицо,ВТ_ПаспортныеДанные;ВТ_ФизическиеЛица,false
170,Часть_2,JOIN_ON,ВТ_ФизическиеЛица.ФизическоеЛицо = ВТ_ФизическиеЛица_Свойства.ФизическоеЛицо,ВТ_ФизическиеЛица;ВТ_ФизическиеЛица_Свойства,false
170,Часть_2,JOIN_ON,ВТ_ФизическиеЛица.ФизическоеЛицо = ВТ_ГражданствоФизическихЛиц.ФизическоеЛицо,ВТ_ГражданствоФизическихЛиц;ВТ_ФизическиеЛица,false
171,ВТ_Корректировки,WHERE,"ИсточникДанных.Период <= &КонецПериода
	И ИсточникДанных.Организация В(&Организация)
	И ИсточникДанных.Активность
	И ИсточникДанных.ТипРезерва В
			(ВЫБРАТЬ
				ВТ_ТипыРезервов.ТипРезерва
			ИЗ
				ВТ_ТипыРезервов)
	И ИсточникДанных.ДатаОтраженияСобытия <= &Дата",ВТ_ТипыРезервов;ИсточникДанных,true
171,ВТ_Корректировки,JOIN_ON,ИсточникДанных.НомерСчета = ВТ_ПенсионныеСчета.ПенсионныйСчет,ВТ_ПенсионныеСчета;ИсточникДанных,false
171,ВТ_Корректировки,JOIN_ON,"ИсточникДанных.ТипРезерва,",ИсточникДанных,false
173,ВТ_Суммы_ПР,JOIN_ON,ПенсионныйСчет,,false
194,Часть_11,JOIN_ON,ПенсионныйСчет,,false
195,ВТ_Суммы_ПР_дляВС,JOIN_ON,ВТ_Суммы_ПР.ПенсионныйСчет = ВТ_СхемыПенсионныхСчетов.НомерСчета,ВТ_СхемыПенсионныхСчетов;ВТ_Суммы_ПР,false
195,ВТ_Суммы_ПР_дляВС,JOIN_ON,ВТ_СхемыПенсионныхСчетов.Схема = ВТ_Схемы_Свойства.Схема,ВТ_СхемыПенсионныхСчетов;ВТ_Схемы_Свойства,false
196,ВТ_СуммыКоэффициентыВС_предв,JOIN_ON,ВТ_Суммы_ПР_дляВС.ПенсионныйСчет.Владелец = ВТ_ПенсионныеДоговоры_Свойства.ПенсионныйДоговор,ПенсионныйСчет;ВТ_Суммы_ПР_дляВС;ВТ_ПенсионныеДоговоры_Свойства,false
196,ВТ_СуммыКоэффициентыВС_предв,JOIN_ON,(ВТ_Суммы_ПР_дляВС.ПенсионныйСчет.Владелец  = уп_КоэффициентВыкупнойСтоимостиСрезПоследних.ПенсионныйДоговор,ПенсионныйСчет;ВТ_Суммы_ПР_дляВС;уп_КоэффициентВыкупнойСтоимостиСрезПоследних,false
196,ВТ_СуммыКоэффициентыВС_предв,JOIN_ON,ВТ_Суммы_ПР_дляВС.ПриоритетРасчетаВС = 21,ВТ_Суммы_ПР_дляВС,false
196,ВТ_СуммыКоэффициентыВС_предв,JOIN_ON,ВТ_Суммы_ПР_дляВС.ПриоритетРасчетаВС = 22,ВТ_Суммы_ПР_дляВС,false
196,ВТ_СуммыКоэффициентыВС_предв,JOIN_ON,ВТ_Суммы_ПР_дляВС.ПриоритетРасчетаВС = 23,ВТ_Суммы_ПР_дляВС,false
196,ВТ_СуммыКоэффициентыВС_предв,JOIN_ON,ВТ_Суммы_ПР_дляВС.ПриоритетРасчетаВС = 21,ВТ_Суммы_ПР_дляВС,false
196,ВТ_СуммыКоэффициентыВС_предв,JOIN_ON,ВТ_Суммы_ПР_дляВС.ПриоритетРасчетаВС = 22,ВТ_Суммы_ПР_дляВС,false
196,ВТ_СуммыКоэффициентыВС_предв,JOIN_ON,ВТ_Суммы_ПР_дляВС.ПриоритетРасчетаВС = 23,ВТ_Суммы_ПР_дляВС,false
203,ВТ_СуммыКоэффициентыВС,JOIN_ON,"ВТ_СуммыКоэффициентыВС_предв.ПенсионныйСчет,",ВТ_СуммыКоэффициентыВС_предв,false
204,ВТ_РасчетнаяДатаВС,JOIN_ON,"ВТ_СуммыКоэффициентыВС.ПенсионныйСчет,",ВТ_СуммыКоэффициентыВС,false
204,ВТ_РасчетнаяДатаВС,JOIN_ON,ВТ_СуммыКоэффициентыВС.ПенсионныйСчет,ВТ_СуммыКоэффициентыВС,false
205,ВТ_Сумма_ПР_дляПП,JOIN_ON,(ВТ_Суммы_ПР_дляВС.ПенсионныйСчет.Владелец  = уп_КоэффициентВыкупнойСтоимостиСрезПоследних.ПенсионныйДоговор,ПенсионныйСчет;ВТ_Суммы_ПР_дляВС;уп_КоэффициентВыкупнойСтоимостиСрезПоследних,false
205,ВТ_Сумма_ПР_дляПП,JOIN_ON,ВТ_Суммы_ПР_дляВС.ПриоритетРасчетаВС = 21,ВТ_Суммы_ПР_дляВС,false
205,ВТ_Сумма_ПР_дляПП,JOIN_ON,ВТ_Суммы_ПР_дляВС.ПриоритетРасчетаВС = 22,ВТ_Суммы_ПР_дляВС,false
205,ВТ_Сумма_ПР_дляПП,JOIN_ON,ВТ_Суммы_ПР_дляВС.ПриоритетРасчетаВС = 23,ВТ_Суммы_ПР_дляВС,false
209,ВТ_РасчетныеСуммыПП_пред,JOIN_ON,ВТ_Сумма_ПР_дляПП.ПенсионныйСчет,ВТ_Сумма_ПР_дляПП,false
210,ВТ_ОстаткиНаследников,JOIN_ON,ОстаткиРезервНаследников.НомерСчета,ОстаткиРезервНаследников,false
210,ВТ_ОстаткиНаследников,JOIN_ON,ОстаткиРезервНаследников.НомерСчета,ОстаткиРезервНаследников,false
211,ВТ_РасчетныеСуммыПП,JOIN_ON,ВТ_РасчетныеСуммыПП_пред.ПенсионныйСчет = ВТ_ОстаткиНаследников.ПенсионныйСчет,ВТ_РасчетныеСуммыПП_пред;ВТ_ОстаткиНаследников,false
211,ВТ_РасчетныеСуммыПП,JOIN_ON,ВТ_РасчетныеСуммыПП_пред.ПенсионныйСчет,ВТ_РасчетныеСуммыПП_пред,false
212,ВТ_Суммы_ПР_С_Обязательствами,JOIN_ON,ВТ_Суммы_ПР.ПенсионныйСчет = ВТ_СостоянияПенсионныхСчетов.ПенсионныйСчет,ВТ_СостоянияПенсионныхСчетов;ВТ_Суммы_ПР,false
212,ВТ_Суммы_ПР_С_Обязательствами,JOIN_ON,ВТ_СхемыПенсионныхСчетов.Схема = ВТ_Схемы_Свойства.Схема,ВТ_СхемыПенсионныхСчетов;ВТ_Схемы_Свойства,false
212,ВТ_Суммы_ПР_С_Обязательствами,JOIN_ON,ВТ_ПенсионныеСчета.ПенсионныйСчет = ВТ_СхемыПенсионныхСчетов.НомерСчета,ВТ_СхемыПенсионныхСчетов;ВТ_ПенсионныеСчета,false
212,ВТ_Суммы_ПР_С_Обязательствами,JOIN_ON,ВТ_Суммы_ПР.ПенсионныйСчет = ВТ_ПенсионныеСчета.ПенсионныйСчет,ВТ_ПенсионныеСчета;ВТ_Суммы_ПР,false
214,Часть_2,JOIN_ON,ВТ_Суммы_ПР.ПенсионныйСчет = ВТ_СостоянияПенсионныхСчетов.ПенсионныйСчет,ВТ_СостоянияПенсионныхСчетов;ВТ_Суммы_ПР,false
214,Часть_2,JOIN_ON,ВТ_СхемыПенсионныхСчетов.Схема = ВТ_Схемы_Свойства.Схема,ВТ_СхемыПенсионныхСчетов;ВТ_Схемы_Свойства,false
214,Часть_2,JOIN_ON,ВТ_ПенсионныеСчета.ПенсионныйСчет = ВТ_СхемыПенсионныхСчетов.НомерСчета,ВТ_СхемыПенсионныхСчетов;ВТ_ПенсионныеСчета,false
214,Часть_2,JOIN_ON,ВТ_Суммы_ПР.ПенсионныйСчет = ВТ_ПенсионныеСчета.ПенсионныйСчет,ВТ_ПенсионныеСчета;ВТ_Суммы_ПР,false
216,ВТ_Суммы,JOIN_ON,ВТ_Суммы_ПР.ПенсионныйСчет,ВТ_Суммы_ПР,false
217,ВТ_НачисленияПенсийПоСчетам,WHERE,"уп_НачисленияПенсий.ВидДвижения = ЗНАЧЕНИЕ(ВидДвиженияНакопления.Приход)
		И уп_НачисленияПенсий.Активность
		И уп_НачисленияПенсий.Период МЕЖДУ &НачалоПериода И &КонецПериода
		И ВТ_ПенсионныеСчета_Свойства.ВидСчета = ЗНАЧЕНИЕ(Перечисление.уп_ВидыПенсионныхСчетов.ИПС)
	
	ОБЪЕДИНИТЬ ВСЕ
	
	ВЫБРАТЬ
		уп_Резервы.Период,
		уп_Резервы.Регистратор,
		уп_Резервы.НомерСчета,
		-уп_Резервы.Сумма
	ИЗ
		РегистрНакопления.уп_Резервы КАК уп_Резервы
			ВНУТРЕННЕЕ СОЕДИНЕНИЕ ВТ_ПенсионныеСчета_Свойства КАК ВТ_ПенсионныеСчета_Свойства
			ПО уп_Резервы.НомерСчета = ВТ_ПенсионныеСчета_Свойства.ПенсионныйСчет
	ГДЕ
		уп_Резервы.ВидДвижения = ЗНАЧЕНИЕ(ВидДвиженияНакопления.Расход)
		И уп_Резервы.Активность
		И уп_Резервы.Период МЕЖДУ &НачалоПериода И &КонецПериода
		И уп_Резервы.Движение = ЗНАЧЕНИЕ(Перечисление.уп_ВидыДвижений.Начисление)
		И уп_Резервы.Организация В(&Организация)
		И ВТ_ПенсионныеСчета_Свойства.ВидСчета = ЗНАЧЕНИЕ(Перечисление.уп_ВидыПенсионныхСчетов.ИПС)
		И уп_Резервы.ТипРезерва В
				ВЫБРАТЬ
					ВТ_ТипыРезервов.ТипРезерва
				ИЗ
					ВТ_ТипыРезервов КАК ВТ_ТипыРезервов) КАК Регистры",ВТ_ПенсионныеСчета_Свойства;уп_ВидыДвижений;уп_НачисленияПенсий;РегистрНакопления;уп_ВидыПенсионныхСчетов;ВидДвиженияНакопления;Перечисление;уп_Резервы;ВТ_ТипыРезервов,true
217,ВТ_НачисленияПенсийПоСчетам,JOIN_ON,уп_НачисленияПенсий.НомерСчета = ВТ_ПенсионныеСчета_Свойства.ПенсионныйСчет,уп_НачисленияПенсий;ВТ_ПенсионныеСчета_Свойства,false
217,ВТ_НачисленияПенсийПоСчетам,JOIN_ON,уп_Резервы.НомерСчета = ВТ_ПенсионныеСчета_Свойства.ПенсионныйСчет,уп_Резервы;ВТ_ПенсионныеСчета_Свойства,false
217,ВТ_НачисленияПенсийПоСчетам,JOIN_ON,"Регистры.НомерСчета,",Регистры,false
217,ВТ_НачисленияПенсийПоСчетам,JOIN_ON,НомерСчета,,false
219,Регистры,JOIN_ON,уп_НачисленияПенсий.НомерСчета = ВТ_ПенсионныеСчета_Свойства.ПенсионныйСчет,уп_НачисленияПенсий;ВТ_ПенсионныеСчета_Свойства,false
219,Регистры,JOIN_ON,уп_Резервы.НомерСчета = ВТ_ПенсионныеСчета_Свойства.ПенсионныйСчет,уп_Резервы;ВТ_ПенсионныеСчета_Свойства,false
220,Часть_1,JOIN_ON,уп_НачисленияПенсий.НомерСчета = ВТ_ПенсионныеСчета_Свойства.ПенсионныйСчет,уп_НачисленияПенсий;ВТ_ПенсионныеСчета_Свойства,false
221,Часть_2,JOIN_ON,уп_Резервы.НомерСчета = ВТ_ПенсионныеСчета_Свойства.ПенсионныйСчет,уп_Резервы;ВТ_ПенсионныеСчета_Свойства,false
222,ВТ_РегистраторыНачисленийСолидарныхСчетов,JOIN_ON,ВТ_НачисленияПенсийПоСчетам.НомерСчета = ВТ_ПенсионныеСчета_Свойства.ПенсионныйСчет,ВТ_ПенсионныеСчета_Свойства;ВТ_НачисленияПенсийПоСчетам,false
222,ВТ_РегистраторыНачисленийСолидарныхСчетов,JOIN_ON,"Период,",,false
223,ВТ_НачисленияСолидарныхСчетовКРаспределению,WHERE,"уп_Резервы.ВидДвижения = ЗНАЧЕНИЕ(ВидДвиженияНакопления.Расход)
	И уп_Резервы.Активность
	И уп_Резервы.Период МЕЖДУ &НачалоПериода И &КонецПериода
	И уп_Резервы.Движение = ЗНАЧЕНИЕ(Перечисление.уп_ВидыДвижений.Начисление)
	И уп_Резервы.ТипРезерва В
			(ВЫБРАТЬ
				ВТ_ТипыРезервов.ТипРезерва
			ИЗ
				ВТ_ТипыРезервов КАК ВТ_ТипыРезервов)
	И уп_Резервы.Организация В(&Организация)
	И (уп_Резервы.Период, уп_Резервы.Регистратор, уп_Резервы.НомерСчета) В
			(ВЫБРАТЬ
				ВТ_РегистраторыНачисленийСолидарныхСчетов.Период,
				ВТ_РегистраторыНачисленийСолидарныхСчетов.Регистратор,
				ВТ_РегистраторыНачисленийСолидарныхСчетов.ПенсионныйСчетДоговора
			ИЗ
				ВТ_РегистраторыНачисленийСолидарныхСчетов)",уп_ВидыДвижений;ВТ_РегистраторыНачисленийСолидарныхСчетов;ВидДвиженияНакопления;Перечисление;уп_Резервы;ВТ_ТипыРезервов,true
223,ВТ_НачисленияСолидарныхСчетовКРаспределению,JOIN_ON,"уп_Резервы.Регистратор,",уп_Резервы,false
226,ВТ_ДвиженияПоРегистраторам,JOIN_ON,"ТОГДА ""уп_ПерераспределениеСредствНПО""",,false
228,ВТ_ДвиженияПоДокументам,JOIN_ON,"ВТ_ДвиженияПоРегистраторам.Регистратор,",ВТ_ДвиженияПоРегистраторам,false
228,ВТ_ДвиженияПоДокументам,JOIN_ON,ТипДокумента,,false
229,ВТ_ПеремещенияВСтраховойРезерв,JOIN_ON,ВТ_ПенсионныеСчета.ПенсионныйСчет = уп_Резервы.НомерСчета,уп_Резервы;ВТ_ПенсионныеСчета,false
229,ВТ_ПеремещенияВСтраховойРезерв,JOIN_ON,ПенсионныйСчет,,false
231,ВТ_ВозвратыПенсий,JOIN_ON,ВТ_ПенсионныеСчета.ПенсионныйСчет = уп_Резервы.НомерСчета,уп_Резервы;ВТ_ПенсионныеСчета,false
231,ВТ_ВозвратыПенсий,JOIN_ON,ПенсионныйСчет,,false
233,ВТ_ПереводыИзРегистров_Резервы,WHERE,"Резервы.Период МЕЖДУ &НачалоПериода И &КонецПериода
	И Резервы.Активность 
	И НЕ Резервы.Движение = ЗНАЧЕНИЕ(Перечисление.уп_ВидыДвижений.СтраховойПриЗакрытии)",уп_ВидыДвижений;Перечисление;Резервы,true
233,ВТ_ПереводыИзРегистров_Резервы,JOIN_ON,Резервы.НомерСчета = ВТ_ПенсионныеСчета.ПенсионныйСчет,ВТ_ПенсионныеСчета;Резервы,false
233,ВТ_ПереводыИзРегистров_Резервы,JOIN_ON,Резервы.ВидДвиженияЕПС = ВТ_ПереводыИзРегистров_ВидыДвижений.Ссылка,ВТ_ПереводыИзРегистров_ВидыДвижений;Резервы,false
233,ВТ_ПереводыИзРегистров_Резервы,JOIN_ON,"Резервы.Регистратор,",Резервы,false
233,ВТ_ПереводыИзРегистров_Резервы,JOIN_ON,Резервы.НомерСчета = ВТ_ПенсионныеСчета.ПенсионныйСчет,ВТ_ПенсионныеСчета;Резервы,false
233,ВТ_ПереводыИзРегистров_Резервы,JOIN_ON,Резервы.ВидДвиженияЕПС = ВТ_ПереводыИзРегистров_ВидыДвижений_ВРезервы.Ссылка,ВТ_ПереводыИзРегистров_ВидыДвижений_ВРезервы;Резервы,false
233,ВТ_ПереводыИзРегистров_Резервы,JOIN_ON,"Резервы.Регистратор,",Резервы,false
234,Часть_1,WHERE,"Резервы.Период МЕЖДУ &НачалоПериода И &КонецПериода
	И Резервы.Активность 
	И НЕ Резервы.Движение = ЗНАЧЕНИЕ(Перечисление.уп_ВидыДвижений.СтраховойПриЗакрытии)",уп_ВидыДвижений;Перечисление;Резервы,true
234,Часть_1,JOIN_ON,Резервы.НомерСчета = ВТ_ПенсионныеСчета.ПенсионныйСчет,ВТ_ПенсионныеСчета;Резервы,false
234,Часть_1,JOIN_ON,Резервы.ВидДвиженияЕПС = ВТ_ПереводыИзРегистров_ВидыДвижений.Ссылка,ВТ_ПереводыИзРегистров_ВидыДвижений;Резервы,false
234,Часть_1,JOIN_ON,"Резервы.Регистратор,",Резервы,false
235,Часть_2,WHERE,"Резервы.Период МЕЖДУ &НачалоПериода И &КонецПериода
	И Резервы.Активность 
	И НЕ Резервы.Движение = ЗНАЧЕНИЕ(Перечисление.уп_ВидыДвижений.СтраховойПриЗакрытии)",уп_ВидыДвижений;Перечисление;Резервы,true
235,Часть_2,JOIN_ON,Резервы.НомерСчета = ВТ_ПенсионныеСчета.ПенсионныйСчет,ВТ_ПенсионныеСчета;Резервы,false
235,Часть_2,JOIN_ON,Резервы.ВидДвиженияЕПС = ВТ_ПереводыИзРегистров_ВидыДвижений_ВРезервы.Ссылка,ВТ_ПереводыИзРегистров_ВидыДвижений_ВРезервы;Резервы,false
235,Часть_2,JOIN_ON,"Резервы.Регистратор,",Резервы,false
240,ВТ_Переводы,JOIN_ON,ВТ_ПереводыИзРегистров_Регистры.ПенсионныйСчет,ВТ_ПереводыИзРегистров_Регистры,false
241,ВТ_ПереводыПР,JOIN_ON,ВТ_ДвиженияПоРегистраторам.НомерСчета = Распределение.НомерСтроки,ВТ_ДвиженияПоРегистраторам;Распределение,false
241,ВТ_ПереводыПР,JOIN_ON,ВТ_ДвиженияПоРегистраторам.НомерСчета = Распределение.НомерСтроки,ВТ_ДвиженияПоРегистраторам;Распределение,false
241,ВТ_ПереводыПР,JOIN_ON,НомерСчета,,false
242,Подзапрос,JOIN_ON,ВТ_ДвиженияПоРегистраторам.НомерСчета = Распределение.НомерСтроки,ВТ_ДвиженияПоРегистраторам;Распределение,false
243,Часть_1,JOIN_ON,ВТ_ДвиженияПоРегистраторам.НомерСчета = Распределение.НомерСтроки,ВТ_ДвиженияПоРегистраторам;Распределение,false
244,Часть_2,JOIN_ON,ВТ_ДвиженияПоРегистраторам.НомерСчета = Распределение.НомерСтроки,ВТ_ДвиженияПоРегистраторам;Распределение,false
247,Часть_3,JOIN_ON,ВТ_ДвиженияПоРегистраторам.НомерСчета = Распределение.НомерСтроки,ВТ_ДвиженияПоРегистраторам;Распределение,false
247,Часть_3,JOIN_ON,ВТ_ДвиженияПоРегистраторам.НомерСчета = Распределение.НомерСтроки,ВТ_ДвиженияПоРегистраторам;Распределение,false
250,Часть_6,JOIN_ON,НомерСчета,,false
251,ВТ_Переводы_Устарело,JOIN_ON,ВТ_ПереводыПР.НомерСчета,ВТ_ПереводыПР,false
251,ВТ_Переводы_Устарело,JOIN_ON,ВТ_ПереводыПР.НомерСчета,ВТ_ПереводыПР,false
252,ВТ_СторнированныеСуммы,JOIN_ON,уп_НачисленияПенсий.Регистратор = ВТ_ДокументыСторно.ДокументСторно,ВТ_ДокументыСторно;уп_НачисленияПенсий,false
252,ВТ_СторнированныеСуммы,JOIN_ON,уп_НачисленияПенсий.Регистратор = ВТ_ДокументыСторно.ДокументСторно,ВТ_ДокументыСторно;уп_НачисленияПенсий,false
255,ВТ_ВыплатыПР,JOIN_ON,ПенсионныйСчет,,false
265,Часть_5,JOIN_ON,ПенсионныйСчет,,false
266,ВТ_Выплаты,JOIN_ON,ВТ_ВыплатыПР.ПенсионныйСчет,ВТ_ВыплатыПР,false
266,ВТ_Выплаты,JOIN_ON,ПенсионныйСчет,,false
267,ВТ_МГД_ПР,JOIN_ON,ПенсионныйДоговор,,false
269,ВТ_МГД,JOIN_ON,ВТ_ПенсионныеДоговоры.ПенсионныйДоговор = ВТ_МГД_ПР.ПенсионныйДоговор,ВТ_ПенсионныеДоговоры;ВТ_МГД_ПР,false
270,ВТ_Умершие,JOIN_ON,ВТ_ПенсионныеСчета_Свойства.ПенсионныйСчет = ВТ_СостоянияПенсионныхСчетов.ПенсионныйСчет,ВТ_СостоянияПенсионныхСчетов;ВТ_ПенсионныеСчета_Свойства,false
270,ВТ_Умершие,JOIN_ON,Участник,,false
271,ВТ_ПенсионныеСчета_НачалоВыплат,JOIN_ON,ПенсионныйСчет,,false
273,ВТ_ПериодичностьВыплат,JOIN_ON,НомерСчета,,false
275,ВТ_Срочники,JOIN_ON,ВТ_СхемыПенсионныхСчетов.Схема = ВТ_Схемы_Свойства.Схема,ВТ_СхемыПенсионныхСчетов;ВТ_Схемы_Свойства,false
275,ВТ_Срочники,JOIN_ON,ВТ_СостоянияПенсионныхСчетов.ПенсионныйСчет = ВТ_СхемыПенсионныхСчетов.НомерСчета,ВТ_СхемыПенсионныхСчетов;ВТ_СостоянияПенсионныхСчетов,false
275,ВТ_Срочники,JOIN_ON,ПенсионныйСчет,,false
276,ВТ_ВыплатныеСчета,JOIN_ON,ПенсионныйСчет,,false
279,ВТ_КоличествоВыплат,JOIN_ON,ПенсионныйСчет,,false
281,ВТ_РасходВыплат,JOIN_ON,ПенсионныйСчет,,false
283,ВТ_ОстаткиВыплат,JOIN_ON,ВТ_КоличествоВыплат.ПенсионныйСчет = ВТ_РасходВыплат.ПенсионныйСчет,ВТ_РасходВыплат;ВТ_КоличествоВыплат,false
283,ВТ_ОстаткиВыплат,JOIN_ON,ПенсионныйСчет,,false
284,ВТ_ПоследниеВыплаты,WHERE,уп_СчетчикНачислений.Период <= &КонецПериода,уп_СчетчикНачислений,true
284,ВТ_ПоследниеВыплаты,JOIN_ON,уп_СчетчикНачислений.НомерСчета = ВТ_ПенсионныеСчета.ПенсионныйСчет,ВТ_ПенсионныеСчета;уп_СчетчикНачислений,false
284,ВТ_ПоследниеВыплаты,JOIN_ON,уп_СчетчикНачислений.НомерСчета,уп_СчетчикНачислений,false
284,ВТ_ПоследниеВыплаты,JOIN_ON,ПенсионныйСчет,,false
285,ВТ_ПоследниеВыплатыПоРегиструВыплат,WHERE,"уп_Выплаты.Период <= &КонецПериода
					И уп_Выплаты.ТипВыплаты = ЗНАЧЕНИЕ(Перечисление.уп_ТипыВыплат.ВыплатыПенсий)
					И ТИПЗНАЧЕНИЯ(уп_Выплаты.Регистратор.Ссылка) = ТИП(Документ.уп_ВыплатныеРеестры)",уп_Выплаты;Документ;Регистратор;Перечисление;уп_ТипыВыплат,true
285,ВТ_ПоследниеВыплатыПоРегиструВыплат,JOIN_ON,уп_Выплаты.НомерСчета,уп_Выплаты,false
285,ВТ_ПоследниеВыплатыПоРегиструВыплат,JOIN_ON,ДанныеРегистра.НомерСчета = МаксДатаВыплаты.НомерСчета,ДанныеРегистра;МаксДатаВыплаты,false
285,ВТ_ПоследниеВыплатыПоРегиструВыплат,JOIN_ON,"ДанныеРегистра.НомерСчета,",ДанныеРегистра,false
285,ВТ_ПоследниеВыплатыПоРегиструВыплат,JOIN_ON,ВТ_ПенсионныеСчета.ПенсионныйСчет = ПоследняяВыплата.НомерСчета,ПоследняяВыплата;ВТ_ПенсионныеСчета,false
285,ВТ_ПоследниеВыплатыПоРегиструВыплат,JOIN_ON,ВТ_ПенсионныеСчета.ПенсионныйСчет = уп_СхемаСчетаСрезПоследних.НомерСчета,ВТ_ПенсионныеСчета;уп_СхемаСчетаСрезПоследних,false
285,ВТ_ПоследниеВыплатыПоРегиструВыплат,JOIN_ON,ПенсионныйСчет,,false
287,ПоследняяВыплата,WHERE,"уп_Выплаты.Период <= &КонецПериода
					И уп_Выплаты.ТипВыплаты = ЗНАЧЕНИЕ(Перечисление.уп_ТипыВыплат.ВыплатыПенсий)
					И ТИПЗНАЧЕНИЯ(уп_Выплаты.Регистратор.Ссылка) = ТИП(Документ.уп_ВыплатныеРеестры)",уп_Выплаты;Документ;Регистратор;Перечисление;уп_ТипыВыплат,true
287,ПоследняяВыплата,JOIN_ON,уп_Выплаты.НомерСчета,уп_Выплаты,false
287,ПоследняяВыплата,JOIN_ON,ДанныеРегистра.НомерСчета = МаксДатаВыплаты.НомерСчета,ДанныеРегистра;МаксДатаВыплаты,false
288,ВТ_РазмерПенсийФикс,JOIN_ON,ПенсионныйСчет,,false
290,ВТ_РасчетныеСуммыПенсий,JOIN_ON,ВТ_Срочники.ПенсионныйСчет = ВТ_ОстаткиВыплат.ПенсионныйСчет,ВТ_ОстаткиВыплат;ВТ_Срочники,false
290,ВТ_РасчетныеСуммыПенсий,JOIN_ON,ВТ_Срочники.ПенсионныйСчет = ВТ_Суммы.ПенсионныйСчет,ВТ_Суммы;ВТ_Срочники,false
290,ВТ_РасчетныеСуммыПенсий,JOIN_ON,ПенсионныйСчет,,false
291,ВТ_РазмерПенсий,JOIN_ON,ВТ_СхемыПенсионныхСчетов.Схема = ВТ_Схемы_Свойства.Схема,ВТ_СхемыПенсионныхСчетов;ВТ_Схемы_Свойства,false
291,ВТ_РазмерПенсий,JOIN_ON,ВТ_ВыплатныеСчета.ПенсионныйСчет = ВТ_СхемыПенсионныхСчетов.НомерСчета,ВТ_СхемыПенсионныхСчетов;ВТ_ВыплатныеСчета,false
291,ВТ_РазмерПенсий,JOIN_ON,ВТ_ВыплатныеСчета.ПенсионныйСчет = ВТ_РазмерПенсий.ПенсионныйСчет,ВТ_ВыплатныеСчета;ВТ_РазмерПенсий,false
291,ВТ_РазмерПенсий,JOIN_ON,ВТ_ВыплатныеСчета.ПенсионныйСчет = ВТ_РасчетныеСуммыПенсий.ПенсионныйСчет,ВТ_ВыплатныеСчета;ВТ_РасчетныеСуммыПенсий,false
291,ВТ_РазмерПенсий,JOIN_ON,ПенсионныйСчет,,false
292,ВТ_ДополнительноВыкупнаяВкдачикуНетСПТ,JOIN_ON,ВТ_ПенсионныеСчета_Свойства.ПенсионныйСчет = ВТ_НеТранзитныеВидыНачалоКонец.ПенсионныйСчет,ВТ_ПенсионныеСчета_Свойства;ВТ_НеТранзитныеВидыНачалоКонец,false
292,ВТ_ДополнительноВыкупнаяВкдачикуНетСПТ,JOIN_ON,ВТ_ПенсионныеСчета_Свойства.ПенсионныйСчет = ВТ_Суммы.ПенсионныйСчет,ВТ_Суммы;ВТ_ПенсионныеСчета_Свойства,false
292,ВТ_ДополнительноВыкупнаяВкдачикуНетСПТ,JOIN_ON,ВТ_ПенсионныеСчета_Свойства.ПенсионныйСчет = ВТ_РасчетнаяДатаВС.ПенсионныйСчет,ВТ_РасчетнаяДатаВС;ВТ_ПенсионныеСчета_Свойства,false
292,ВТ_ДополнительноВыкупнаяВкдачикуНетСПТ,JOIN_ON,ВТ_ПенсионныеСчета_Свойства.ПенсионныйДоговор.ПенсионныйСчет,ПенсионныйДоговор;ВТ_ПенсионныеСчета_Свойства,false
293,ВТ_РезультатПредв,JOIN_ON,ВТ_ПенсионныеСчета_Свойства.ПенсионныйСчет = ВТ_НеТранзитныеВидыНачалоКонец.ПенсионныйСчет,ВТ_ПенсионныеСчета_Свойства;ВТ_НеТранзитныеВидыНачалоКонец,false
293,ВТ_РезультатПредв,JOIN_ON,ВТ_ПенсионныеСчета_Свойства.ПенсионныйДоговор = ВТ_ПенсионныеДоговоры_Свойства.ПенсионныйДоговор,ВТ_ПенсионныеДоговоры_Свойства;ВТ_ПенсионныеСчета_Свойства,false
293,ВТ_РезультатПредв,JOIN_ON,ВТ_ПенсионныеСчета_Свойства.Вкладчик = ВТ_ИдентификаторыКонтрагентов.Контрагент,ВТ_ИдентификаторыКонтрагентов;ВТ_ПенсионныеСчета_Свойства,false
293,ВТ_РезультатПредв,JOIN_ON,ВТ_ПенсионныеСчета_Свойства.Вкладчик = ВТ_ИдентификаторыКонтрагентов_Новые.Контрагент,ВТ_ИдентификаторыКонтрагентов_Новые;ВТ_ПенсионныеСчета_Свойства,false
293,ВТ_РезультатПредв,JOIN_ON,ВТ_ПенсионныеСчета_Свойства.Участник = ВТ_ИдентификаторыКонтрагентов_Участники.Контрагент,ВТ_ИдентификаторыКонтрагентов_Участники;ВТ_ПенсионныеСчета_Свойства,false
293,ВТ_РезультатПредв,JOIN_ON,ВТ_СхемыПенсионныхСчетов.Схема = ВТ_Схемы_Свойства.Схема,ВТ_СхемыПенсионныхСчетов;ВТ_Схемы_Свойства,false
293,ВТ_РезультатПредв,JOIN_ON,ВТ_ПенсионныеСчета_Свойства.ПенсионныйСчет = ВТ_СхемыПенсионныхСчетов.НомерСчета,ВТ_СхемыПенсионныхСчетов;ВТ_ПенсионныеСчета_Свойства,false
293,ВТ_РезультатПредв,JOIN_ON,ВТ_ПенсионныеСчета_Свойства.ПенсионныйСчет = ВТ_Суммы.ПенсионныйСчет,ВТ_Суммы;ВТ_ПенсионныеСчета_Свойства,false
293,ВТ_РезультатПредв,JOIN_ON,ВТ_ПенсионныеСчета_Свойства.Участник = ВТ_ИдентификаторыУчастников.Контрагент,ВТ_ИдентификаторыУчастников;ВТ_ПенсионныеСчета_Свойства,false
293,ВТ_РезультатПредв,JOIN_ON,ВТ_ФизическиеЛица.ФизическоеЛицо = ВТ_ФизическиеЛица_Свойства.ФизическоеЛицо,ВТ_ФизическиеЛица;ВТ_ФизическиеЛица_Свойства,false
293,ВТ_РезультатПредв,JOIN_ON,ВТ_ПенсионныеСчета_Свойства.Участник = ВТ_ФизическиеЛица.Контрагент,ВТ_ФизическиеЛица;ВТ_ПенсионныеСчета_Свойства,false
293,ВТ_РезультатПредв,JOIN_ON,ВТ_ПенсионныеСчета_Свойства.ПенсионныйСчет = ВТ_СостоянияПенсионныхСчетов.ПенсионныйСчет,ВТ_СостоянияПенсионныхСчетов;ВТ_ПенсионныеСчета_Свойства,false
293,ВТ_РезультатПредв,JOIN_ON,ВТ_ПенсионныеСчета_Свойства.ПенсионныйДоговор = ВТ_МГД.ПенсионныйДоговор,ВТ_МГД;ВТ_ПенсионныеСчета_Свойства,false
293,ВТ_РезультатПредв,JOIN_ON,ВТ_ПенсионныеСчета_Свойства.ПенсионныйСчет = ВТ_ПериодичностьВыплат.НомерСчета,ВТ_ПериодичностьВыплат;ВТ_ПенсионныеСчета_Свойства,false
293,ВТ_РезультатПредв,JOIN_ON,ВТ_ПенсионныеСчета_Свойства.ПенсионныйСчет = ВТ_ПенсионныеСчета_НачалоВыплат.ПенсионныйСчет,ВТ_ПенсионныеСчета_НачалоВыплат;ВТ_ПенсионныеСчета_Свойства,false
293,ВТ_РезультатПредв,JOIN_ON,ВТ_ПенсионныеСчета_Свойства.ПенсионныйСчет = ВТ_КоличествоВыплат.ПенсионныйСчет,ВТ_КоличествоВыплат;ВТ_ПенсионныеСчета_Свойства,false
293,ВТ_РезультатПредв,JOIN_ON,ВТ_ПенсионныеСчета_Свойства.ПенсионныйСчет = ВТ_Выплаты.ПенсионныйСчет,ВТ_Выплаты;ВТ_ПенсионныеСчета_Свойства,false
293,ВТ_РезультатПредв,JOIN_ON,ВТ_ПенсионныеСчета_Свойства.ПенсионныйСчет = ВТ_Переводы.ПенсионныйСчет,ВТ_Переводы;ВТ_ПенсионныеСчета_Свойства,false
293,ВТ_РезультатПредв,JOIN_ON,ВТ_ПенсионныеСчета_Свойства.ПенсионныйСчет = ВТ_ОстаткиВыплат.ПенсионныйСчет,ВТ_ПенсионныеСчета_Свойства;ВТ_ОстаткиВыплат,false
293,ВТ_РезультатПредв,JOIN_ON,ВТ_ПенсионныеСчета_Свойства.ПенсионныйСчет = ВТ_ПоследниеВыплаты.ПенсионныйСчет,ВТ_ПоследниеВыплаты;ВТ_ПенсионныеСчета_Свойства,false
293,ВТ_РезультатПредв,JOIN_ON,ВТ_ПенсионныеСчета_Свойства.ПенсионныйСчет = ВТ_ДатыОкончанияСрочныхВыплат.ПенсионныйСчет,ВТ_ДатыОкончанияСрочныхВыплат;ВТ_ПенсионныеСчета_Свойства,false
293,ВТ_РезультатПредв,JOIN_ON,ВТ_ПенсионныеСчета_Свойства.Участник = ВТ_Умершие.Участник,ВТ_Умершие;ВТ_ПенсионныеСчета_Свойства,false
293,ВТ_РезультатПредв,JOIN_ON,ВТ_ПенсионныеСчета_Свойства.ПенсионныйСчет = ВТ_РазмерПенсий.ПенсионныйСчет,ВТ_РазмерПенсий;ВТ_ПенсионныеСчета_Свойства,false
293,ВТ_РезультатПредв,JOIN_ON,ВТ_ПенсионныеСчета_Свойства.ПенсионныйСчет = ВТ_ПоследниеВыплатыПоРегиструВыплат.ПенсионныйСчет,ВТ_ПоследниеВыплатыПоРегиструВыплат;ВТ_ПенсионныеСчета_Свойства,false
293,ВТ_РезультатПредв,JOIN_ON,ВТ_ПенсионныеСчета_Свойства.ПенсионныйСчет = ВТ_Срочники.ПенсионныйСчет,ВТ_ПенсионныеСчета_Свойства;ВТ_Срочники,false
293,ВТ_РезультатПредв,JOIN_ON,ВТ_ПенсионныеСчета_Свойства.ПенсионныйСчет = ВТ_ОстаткиНаследников.ПенсионныйСчет,ВТ_ОстаткиНаследников;ВТ_ПенсионныеСчета_Свойства,false
293,ВТ_РезультатПредв,JOIN_ON,ВТ_ПенсионныеСчета_Свойства.ПенсионныйСчет = ВТ_РасчетныеСуммыПП.ПенсионныйСчет,ВТ_РасчетныеСуммыПП;ВТ_ПенсионныеСчета_Свойства,false
293,ВТ_РезультатПредв,JOIN_ON,"ВТ_ПенсионныеСчета_Свойства.ПенсионныйСчет = ВТ_РасчетнаяДатаВС.ПенсионныйСчет,",ВТ_РасчетнаяДатаВС;ВТ_ПенсионныеСчета_Свойства,false
293,ВТ_РезультатПредв,JOIN_ON,ВТ_ПенсионныеСчета_НеИПС.ПенсионныйСчет = ВТ_НеТранзитныеВидыНачалоКонец.ПенсионныйСчет,ВТ_ПенсионныеСчета_НеИПС;ВТ_НеТранзитныеВидыНачалоКонец,false
293,ВТ_РезультатПредв,JOIN_ON,ВТ_ПенсионныеСчета_Свойства.ПенсионныйДоговор = ВТ_ПенсионныеДоговоры_Свойства.ПенсионныйДоговор,ВТ_ПенсионныеДоговоры_Свойства;ВТ_ПенсионныеСчета_Свойства,false
293,ВТ_РезультатПредв,JOIN_ON,ВТ_ПенсионныеСчета_Свойства.Вкладчик = ВТ_ИдентификаторыКонтрагентов.Контрагент,ВТ_ИдентификаторыКонтрагентов;ВТ_ПенсионныеСчета_Свойства,false
293,ВТ_РезультатПредв,JOIN_ON,ВТ_ПенсионныеСчета_Свойства.Вкладчик = ВТ_ИдентификаторыКонтрагентов_Новые.Контрагент,ВТ_ИдентификаторыКонтрагентов_Новые;ВТ_ПенсионныеСчета_Свойства,false
293,ВТ_РезультатПредв,JOIN_ON,ВТ_ПенсионныеСчета_НеИПС.ПенсионныйСчет = ВТ_ПенсионныеСчета_Свойства.ПенсионныйСчет,ВТ_ПенсионныеСчета_НеИПС;ВТ_ПенсионныеСчета_Свойства,false
293,ВТ_РезультатПредв,JOIN_ON,(ВТ_ПенсионныеДоговоры_Свойства.ПенсионныйДоговор = ВТ_МГД.ПенсионныйДоговор),ВТ_ПенсионныеДоговоры_Свойства;ВТ_МГД,false
293,ВТ_РезультатПредв,JOIN_ON,ВТ_СхемыПенсионныхСчетов.Схема = ВТ_Схемы_Свойства.Схема,ВТ_СхемыПенсионныхСчетов;ВТ_Схемы_Свойства,false
293,ВТ_РезультатПредв,JOIN_ON,ВТ_ПенсионныеСчета_НеИПС.ПенсионныйСчет = ВТ_СхемыПенсионныхСчетов.НомерСчета,ВТ_СхемыПенсионныхСчетов;ВТ_ПенсионныеСчета_НеИПС,false
293,ВТ_РезультатПредв,JOIN_ON,ВТ_ПенсионныеСчета_НеИПС.ПенсионныйСчет = ВТ_Суммы.ПенсионныйСчет,ВТ_ПенсионныеСчета_НеИПС;ВТ_Суммы,false
293,ВТ_РезультатПредв,JOIN_ON,ВТ_ПенсионныеСчета_НеИПС.ПенсионныйСчет = ВТ_Выплаты.ПенсионныйСчет,ВТ_ПенсионныеСчета_НеИПС;ВТ_Выплаты,false
293,ВТ_РезультатПредв,JOIN_ON,ВТ_ПенсионныеСчета_НеИПС.ПенсионныйСчет = ВТ_Переводы.ПенсионныйСчет,ВТ_ПенсионныеСчета_НеИПС;ВТ_Переводы,false
293,ВТ_РезультатПредв,JOIN_ON,ВТ_ПенсионныеСчета_НеИПС.ПенсионныйСчет = ВТ_СостоянияПенсионныхСчетов.ПенсионныйСчет,ВТ_ПенсионныеСчета_НеИПС;ВТ_СостоянияПенсионныхСчетов,false
293,ВТ_РезультатПредв,JOIN_ON,ВТ_ПенсионныеСчета_Свойства.ПенсионныйСчет = ВТ_РасчетныеСуммыПП.ПенсионныйСчет,ВТ_РасчетныеСуммыПП;ВТ_ПенсионныеСчета_Свойства,false
293,ВТ_РезультатПредв,JOIN_ON,ВТ_ПенсионныеСчета_Свойства.ПенсионныйСчет = ВТ_РасчетнаяДатаВС.ПенсионныйСчет,ВТ_РасчетнаяДатаВС;ВТ_ПенсионныеСчета_Свойства,false
293,ВТ_РезультатПредв,JOIN_ON,ВТ_ПенсионныеСчета_Свойства.ПенсионныйСчет = ВТ_ДополнительноВыкупнаяВкдачикуНетСПТ.СчетДоговора,ВТ_ДополнительноВыкупнаяВкдачикуНетСПТ;ВТ_ПенсионныеСчета_Свойства,false
293,ВТ_РезультатПредв,JOIN_ON,ВТ_ТранзитныеВиды.ПенсионныйСчет = ВТ_ПС_Свойства_ТранзитныеОбязательства.ПенсионныйСчет,ВТ_ТранзитныеВиды;ВТ_ПС_Свойства_ТранзитныеОбязательства,false
293,ВТ_РезультатПредв,JOIN_ON,ВТ_ПС_Схемы_ТранзитныеОбязательства.Схема = ВТ_Схемы_Свойства.Схема,ВТ_ПС_Схемы_ТранзитныеОбязательства;ВТ_Схемы_Свойства,false
293,ВТ_РезультатПредв,JOIN_ON,ВТ_ПС_Свойства_ТранзитныеОбязательства.ПенсионныйСчет = ВТ_ПС_Схемы_ТранзитныеОбязательства.ПенсионныйСчет,ВТ_ПС_Схемы_ТранзитныеОбязательства;ВТ_ПС_Свойства_ТранзитныеОбязательства,false
293,ВТ_РезультатПредв,JOIN_ON,ВТ_ПС_Свойства_ТранзитныеОбязательства.ПенсионныйДоговор = ВТ_ПенсионныеДоговоры_Свойства.ПенсионныйДоговор,ВТ_ПенсионныеДоговоры_Свойства;ВТ_ПС_Свойства_ТранзитныеОбязательства,false
293,ВТ_РезультатПредв,JOIN_ON,ВТ_ПС_Свойства_ТранзитныеОбязательства.Вкладчик = ВТ_ИдентификаторыКонтрагентов.Контрагент,ВТ_ИдентификаторыКонтрагентов;ВТ_ПС_Свойства_ТранзитныеОбязательства,false
293,ВТ_РезультатПредв,JOIN_ON,ВТ_ПС_Свойства_ТранзитныеОбязательства.Вкладчик = ВТ_ИдентификаторыКонтрагентов_Новые.Контрагент,ВТ_ИдентификаторыКонтрагентов_Новые;ВТ_ПС_Свойства_ТранзитныеОбязательства,false
293,ВТ_РезультатПредв,JOIN_ON,ВТ_ПС_Свойства_ТранзитныеОбязательства.Участник = ВТ_ИдентификаторыКонтрагентов_Участники.Контрагент,ВТ_ИдентификаторыКонтрагентов_Участники;ВТ_ПС_Свойства_ТранзитныеОбязательства,false
293,ВТ_РезультатПредв,JOIN_ON,ВТ_ПС_Свойства_ТранзитныеОбязательства.Участник = ВТ_ИдентификаторыУчастников.Контрагент,ВТ_ПС_Свойства_ТранзитныеОбязательства;ВТ_ИдентификаторыУчастников,false
293,ВТ_РезультатПредв,JOIN_ON,ВТ_ФизическиеЛица.ФизическоеЛицо = ВТ_ФизическиеЛица_Свойства.ФизическоеЛицо,ВТ_ФизическиеЛица;ВТ_ФизическиеЛица_Свойства,false
293,ВТ_РезультатПредв,JOIN_ON,ВТ_ПС_Свойства_ТранзитныеОбязательства.Участник = ВТ_ФизическиеЛица.Контрагент,ВТ_ФизическиеЛица;ВТ_ПС_Свойства_ТранзитныеОбязательства,false
293,ВТ_РезультатПредв,JOIN_ON,ВТ_ПС_Свойства_ТранзитныеОбязательства.ПенсионныйСчет = ВТ_СостоянияПенсионныхСчетов.ПенсионныйСчет,ВТ_СостоянияПенсионныхСчетов;ВТ_ПС_Свойства_ТранзитныеОбязательства,false
293,ВТ_РезультатПредв,JOIN_ON,ВТ_ПС_Свойства_ТранзитныеОбязательства.ПенсионныйДоговор = ВТ_МГД.ПенсионныйДоговор,ВТ_МГД;ВТ_ПС_Свойства_ТранзитныеОбязательства,false
293,ВТ_РезультатПредв,JOIN_ON,ВТ_ПС_Свойства_ТранзитныеОбязательства.ПенсионныйСчет = ВТ_ПериодичностьВыплат.НомерСчета,ВТ_ПериодичностьВыплат;ВТ_ПС_Свойства_ТранзитныеОбязательства,false
293,ВТ_РезультатПредв,JOIN_ON,ВТ_ПС_Свойства_ТранзитныеОбязательства.ПенсионныйСчет = ВТ_ПенсионныеСчета_НачалоВыплат.ПенсионныйСчет,ВТ_ПенсионныеСчета_НачалоВыплат;ВТ_ПС_Свойства_ТранзитныеОбязательства,false
293,ВТ_РезультатПредв,JOIN_ON,ВТ_ПС_Свойства_ТранзитныеОбязательства.ПенсионныйСчет = ВТ_КоличествоВыплат.ПенсионныйСчет,ВТ_КоличествоВыплат;ВТ_ПС_Свойства_ТранзитныеОбязательства,false
293,ВТ_РезультатПредв,JOIN_ON,ВТ_ПС_Свойства_ТранзитныеОбязательства.ПенсионныйСчет = ВТ_Суммы.ПенсионныйСчет,ВТ_Суммы;ВТ_ПС_Свойства_ТранзитныеОбязательства,false
293,ВТ_РезультатПредв,JOIN_ON,ВТ_ПС_Свойства_ТранзитныеОбязательства.ПенсионныйСчет = ВТ_Выплаты.ПенсионныйСчет,ВТ_Выплаты;ВТ_ПС_Свойства_ТранзитныеОбязательства,false
293,ВТ_РезультатПредв,JOIN_ON,ВТ_ПС_Свойства_ТранзитныеОбязательства.ПенсионныйСчет = ВТ_Переводы.ПенсионныйСчет,ВТ_Переводы;ВТ_ПС_Свойства_ТранзитныеОбязательства,false
293,ВТ_РезультатПредв,JOIN_ON,ВТ_ПС_Свойства_ТранзитныеОбязательства.ПенсионныйСчет = ВТ_ОстаткиВыплат.ПенсионныйСчет,ВТ_ПС_Свойства_ТранзитныеОбязательства;ВТ_ОстаткиВыплат,false
293,ВТ_РезультатПредв,JOIN_ON,ВТ_ПС_Свойства_ТранзитныеОбязательства.ПенсионныйСчет = ВТ_ПоследниеВыплаты.ПенсионныйСчет,ВТ_ПС_Свойства_ТранзитныеОбязательства;ВТ_ПоследниеВыплаты,false
293,ВТ_РезультатПредв,JOIN_ON,ВТ_ПС_Свойства_ТранзитныеОбязательства.ПенсионныйСчет = ВТ_ДатыОкончанияСрочныхВыплат.ПенсионныйСчет,ВТ_ДатыОкончанияСрочныхВыплат;ВТ_ПС_Свойства_ТранзитныеОбязательства,false
293,ВТ_РезультатПредв,JOIN_ON,ВТ_ПС_Свойства_ТранзитныеОбязательства.Участник = ВТ_Умершие.Участник,ВТ_Умершие;ВТ_ПС_Свойства_ТранзитныеОбязательства,false
293,ВТ_РезультатПредв,JOIN_ON,ВТ_ПС_Свойства_ТранзитныеОбязательства.ПенсионныйСчет = ВТ_РазмерПенсий.ПенсионныйСчет,ВТ_РазмерПенсий;ВТ_ПС_Свойства_ТранзитныеОбязательства,false
293,ВТ_РезультатПредв,JOIN_ON,ВТ_ПС_Свойства_ТранзитныеОбязательства.ПенсионныйСчет = ВТ_ПоследниеВыплатыПоРегиструВыплат.ПенсионныйСчет,ВТ_ПоследниеВыплатыПоРегиструВыплат;ВТ_ПС_Свойства_ТранзитныеОбязательства,false
293,ВТ_РезультатПредв,JOIN_ON,ВТ_ПС_Свойства_ТранзитныеОбязательства.ПенсионныйСчет = ВТ_Срочники.ПенсионныйСчет,ВТ_ПС_Свойства_ТранзитныеОбязательства;ВТ_Срочники,false
293,ВТ_РезультатПредв,JOIN_ON,ВТ_ПС_Свойства_ТранзитныеОбязательства.ПенсионныйСчет = ВТ_ОстаткиНаследников.ПенсионныйСчет,ВТ_ОстаткиНаследников;ВТ_ПС_Свойства_ТранзитныеОбязательства,false
293,ВТ_РезультатПредв,JOIN_ON,ВТ_ПС_Свойства_ТранзитныеОбязательства.ПенсионныйСчет = ВТ_РасчетныеСуммыПП.ПенсионныйСчет,ВТ_РасчетныеСуммыПП;ВТ_ПС_Свойства_ТранзитныеОбязательства,false
293,ВТ_РезультатПредв,JOIN_ON,ВТ_ПС_Свойства_ТранзитныеОбязательства.ПенсионныйСчет = ВТ_РасчетнаяДатаВС.ПенсионныйСчет,ВТ_РасчетнаяДатаВС;ВТ_ПС_Свойства_ТранзитныеОбязательства,false
293,ВТ_РезультатПредв,JOIN_ON,ВТ_ПС_Свойства_ТранзитныеОбязательства.ПенсионныйСчет = ВТ_ПенсионныеСчета_Свойства.ПенсионныйСчет,ВТ_ПС_Свойства_ТранзитныеОбязательства;ВТ_ПенсионныеСчета_Свойства,false
293,ВТ_РезультатПредв,JOIN_ON,"ТипВкладчика,",,false
294,Часть_1,JOIN_ON,ВТ_ПенсионныеСчета_Свойства.ПенсионныйСчет = ВТ_НеТранзитныеВидыНачалоКонец.ПенсионныйСчет,ВТ_ПенсионныеСчета_Свойства;ВТ_НеТранзитныеВидыНачалоКонец,false
294,Часть_1,JOIN_ON,ВТ_ПенсионныеСчета_Свойства.ПенсионныйДоговор = ВТ_ПенсионныеДоговоры_Свойства.ПенсионныйДоговор,ВТ_ПенсионныеДоговоры_Свойства;ВТ_ПенсионныеСчета_Свойства,false
294,Часть_1,JOIN_ON,ВТ_ПенсионныеСчета_Свойства.Вкладчик = ВТ_ИдентификаторыКонтрагентов.Контрагент,ВТ_ИдентификаторыКонтрагентов;ВТ_ПенсионныеСчета_Свойства,false
294,Часть_1,JOIN_ON,ВТ_ПенсионныеСчета_Свойства.Вкладчик = ВТ_ИдентификаторыКонтрагентов_Новые.Контрагент,ВТ_ИдентификаторыКонтрагентов_Новые;ВТ_ПенсионныеСчета_Свойства,false
294,Часть_1,JOIN_ON,ВТ_ПенсионныеСчета_Свойства.Участник = ВТ_ИдентификаторыКонтрагентов_Участники.Контрагент,ВТ_ИдентификаторыКонтрагентов_Участники;ВТ_ПенсионныеСчета_Свойства,false
294,Часть_1,JOIN_ON,ВТ_СхемыПенсионныхСчетов.Схема = ВТ_Схемы_Свойства.Схема,ВТ_СхемыПенсионныхСчетов;ВТ_Схемы_Свойства,false
294,Часть_1,JOIN_ON,ВТ_ПенсионныеСчета_Свойства.ПенсионныйСчет = ВТ_СхемыПенсионныхСчетов.НомерСчета,ВТ_СхемыПенсионныхСчетов;ВТ_ПенсионныеСчета_Свойства,false
294,Часть_1,JOIN_ON,ВТ_ПенсионныеСчета_Свойства.ПенсионныйСчет = ВТ_Суммы.ПенсионныйСчет,ВТ_Суммы;ВТ_ПенсионныеСчета_Свойства,false
294,Часть_1,JOIN_ON,ВТ_ПенсионныеСчета_Свойства.Участник = ВТ_ИдентификаторыУчастников.Контрагент,ВТ_ИдентификаторыУчастников;ВТ_ПенсионныеСчета_Свойства,false
294,Часть_1,JOIN_ON,ВТ_ФизическиеЛица.ФизическоеЛицо = ВТ_ФизическиеЛица_Свойства.ФизическоеЛицо,ВТ_ФизическиеЛица;ВТ_ФизическиеЛица_Свойства,false
294,Часть_1,JOIN_ON,ВТ_ПенсионныеСчета_Свойства.Участник = ВТ_ФизическиеЛица.Контрагент,ВТ_ФизическиеЛица;ВТ_ПенсионныеСчета_Свойства,false
294,Часть_1,JOIN_ON,ВТ_ПенсионныеСчета_Свойства.ПенсионныйСчет = ВТ_СостоянияПенсионныхСчетов.ПенсионныйСчет,ВТ_СостоянияПенсионныхСчетов;ВТ_ПенсионныеСчета_Свойства,false
294,Часть_1,JOIN_ON,ВТ_ПенсионныеСчета_Свойства.ПенсионныйДоговор = ВТ_МГД.ПенсионныйДоговор,ВТ_МГД;ВТ_ПенсионныеСчета_Свойства,false
294,Часть_1,JOIN_ON,ВТ_ПенсионныеСчета_Свойства.ПенсионныйСчет = ВТ_ПериодичностьВыплат.НомерСчета,ВТ_ПериодичностьВыплат;ВТ_ПенсионныеСчета_Свойства,false
294,Часть_1,JOIN_ON,ВТ_ПенсионныеСчета_Свойства.ПенсионныйСчет = ВТ_ПенсионныеСчета_НачалоВыплат.ПенсионныйСчет,ВТ_ПенсионныеСчета_НачалоВыплат;ВТ_ПенсионныеСчета_Свойства,false
294,Часть_1,JOIN_ON,ВТ_ПенсионныеСчета_Свойства.ПенсионныйСчет = ВТ_КоличествоВыплат.ПенсионныйСчет,ВТ_КоличествоВыплат;ВТ_ПенсионныеСчета_Свойства,false
294,Часть_1,JOIN_ON,ВТ_ПенсионныеСчета_Свойства.ПенсионныйСчет = ВТ_Выплаты.ПенсионныйСчет,ВТ_Выплаты;ВТ_ПенсионныеСчета_Свойства,false
294,Часть_1,JOIN_ON,ВТ_ПенсионныеСчета_Свойства.ПенсионныйСчет = ВТ_Переводы.ПенсионныйСчет,ВТ_Переводы;ВТ_ПенсионныеСчета_Свойства,false
294,Часть_1,JOIN_ON,ВТ_ПенсионныеСчета_Свойства.ПенсионныйСчет = ВТ_ОстаткиВыплат.ПенсионныйСчет,ВТ_ПенсионныеСчета_Свойства;ВТ_ОстаткиВыплат,false
294,Часть_1,JOIN_ON,ВТ_ПенсионныеСчета_Свойства.ПенсионныйСчет = ВТ_ПоследниеВыплаты.ПенсионныйСчет,ВТ_ПоследниеВыплаты;ВТ_ПенсионныеСчета_Свойства,false
294,Часть_1,JOIN_ON,ВТ_ПенсионныеСчета_Свойства.ПенсионныйСчет = ВТ_ДатыОкончанияСрочныхВыплат.ПенсионныйСчет,ВТ_ДатыОкончанияСрочныхВыплат;ВТ_ПенсионныеСчета_Свойства,false
294,Часть_1,JOIN_ON,ВТ_ПенсионныеСчета_Свойства.Участник = ВТ_Умершие.Участник,ВТ_Умершие;ВТ_ПенсионныеСчета_Свойства,false
294,Часть_1,JOIN_ON,ВТ_ПенсионныеСчета_Свойства.ПенсионныйСчет = ВТ_РазмерПенсий.ПенсионныйСчет,ВТ_РазмерПенсий;ВТ_ПенсионныеСчета_Свойства,false
294,Часть_1,JOIN_ON,ВТ_ПенсионныеСчета_Свойства.ПенсионныйСчет = ВТ_ПоследниеВыплатыПоРегиструВыплат.ПенсионныйСчет,ВТ_ПоследниеВыплатыПоРегиструВыплат;ВТ_ПенсионныеСчета_Свойства,false
294,Часть_1,JOIN_ON,ВТ_ПенсионныеСчета_Свойства.ПенсионныйСчет = ВТ_Срочники.ПенсионныйСчет,ВТ_ПенсионныеСчета_Свойства;ВТ_Срочники,false
294,Часть_1,JOIN_ON,ВТ_ПенсионныеСчета_Свойства.ПенсионныйСчет = ВТ_ОстаткиНаследников.ПенсионныйСчет,ВТ_ОстаткиНаследников;ВТ_ПенсионныеСчета_Свойства,false
294,Часть_1,JOIN_ON,ВТ_ПенсионныеСчета_Свойства.ПенсионныйСчет = ВТ_РасчетныеСуммыПП.ПенсионныйСчет,ВТ_РасчетныеСуммыПП;ВТ_ПенсионныеСчета_Свойства,false
294,Часть_1,JOIN_ON,"ВТ_ПенсионныеСчета_Свойства.ПенсионныйСчет = ВТ_РасчетнаяДатаВС.ПенсионныйСчет,",ВТ_РасчетнаяДатаВС;ВТ_ПенсионныеСчета_Свойства,false
295,Часть_2,JOIN_ON,ВТ_ПенсионныеСчета_НеИПС.ПенсионныйСчет = ВТ_НеТранзитныеВидыНачалоКонец.ПенсионныйСчет,ВТ_ПенсионныеСчета_НеИПС;ВТ_НеТранзитныеВидыНачалоКонец,false
295,Часть_2,JOIN_ON,ВТ_ПенсионныеСчета_Свойства.ПенсионныйДоговор = ВТ_ПенсионныеДоговоры_Свойства.ПенсионныйДоговор,ВТ_ПенсионныеДоговоры_Свойства;ВТ_ПенсионныеСчета_Свойства,false
295,Часть_2,JOIN_ON,ВТ_ПенсионныеСчета_Свойства.Вкладчик = ВТ_ИдентификаторыКонтрагентов.Контрагент,ВТ_ИдентификаторыКонтрагентов;ВТ_ПенсионныеСчета_Свойства,false
295,Часть_2,JOIN_ON,ВТ_ПенсионныеСчета_Свойства.Вкладчик = ВТ_ИдентификаторыКонтрагентов_Новые.Контрагент,ВТ_ИдентификаторыКонтрагентов_Новые;ВТ_ПенсионныеСчета_Свойства,false
295,Часть_2,JOIN_ON,ВТ_ПенсионныеСчета_НеИПС.ПенсионныйСчет = ВТ_ПенсионныеСчета_Свойства.ПенсионныйСчет,ВТ_ПенсионныеСчета_НеИПС;ВТ_ПенсионныеСчета_Свойства,false
295,Часть_2,JOIN_ON,(ВТ_ПенсионныеДоговоры_Свойства.ПенсионныйДоговор = ВТ_МГД.ПенсионныйДоговор),ВТ_ПенсионныеДоговоры_Свойства;ВТ_МГД,false
295,Часть_2,JOIN_ON,ВТ_СхемыПенсионныхСчетов.Схема = ВТ_Схемы_Свойства.Схема,ВТ_СхемыПенсионныхСчетов;ВТ_Схемы_Свойства,false
295,Часть_2,JOIN_ON,ВТ_ПенсионныеСчета_НеИПС.ПенсионныйСчет = ВТ_СхемыПенсионныхСчетов.НомерСчета,ВТ_СхемыПенсионныхСчетов;ВТ_ПенсионныеСчета_НеИПС,false
295,Часть_2,JOIN_ON,ВТ_ПенсионныеСчета_НеИПС.ПенсионныйСчет = ВТ_Суммы.ПенсионныйСчет,ВТ_ПенсионныеСчета_НеИПС;ВТ_Суммы,false
295,Часть_2,JOIN_ON,ВТ_ПенсионныеСчета_НеИПС.ПенсионныйСчет = ВТ_Выплаты.ПенсионныйСчет,ВТ_ПенсионныеСчета_НеИПС;ВТ_Выплаты,false
295,Часть_2,JOIN_ON,ВТ_ПенсионныеСчета_НеИПС.ПенсионныйСчет = ВТ_Переводы.ПенсионныйСчет,ВТ_ПенсионныеСчета_НеИПС;ВТ_Переводы,false
295,Часть_2,JOIN_ON,ВТ_ПенсионныеСчета_НеИПС.ПенсионныйСчет = ВТ_СостоянияПенсионныхСчетов.ПенсионныйСчет,ВТ_ПенсионныеСчета_НеИПС;ВТ_СостоянияПенсионныхСчетов,false
295,Часть_2,JOIN_ON,ВТ_ПенсионныеСчета_Свойства.ПенсионныйСчет = ВТ_РасчетныеСуммыПП.ПенсионныйСчет,ВТ_РасчетныеСуммыПП;ВТ_ПенсионныеСчета_Свойства,false
295,Часть_2,JOIN_ON,ВТ_ПенсионныеСчета_Свойства.ПенсионныйСчет = ВТ_РасчетнаяДатаВС.ПенсионныйСчет,ВТ_РасчетнаяДатаВС;ВТ_ПенсионныеСчета_Свойства,false
295,Часть_2,JOIN_ON,ВТ_ПенсионныеСчета_Свойства.ПенсионныйСчет = ВТ_ДополнительноВыкупнаяВкдачикуНетСПТ.СчетДоговора,ВТ_ДополнительноВыкупнаяВкдачикуНетСПТ;ВТ_ПенсионныеСчета_Свойства,false
296,Часть_3,JOIN_ON,ВТ_ТранзитныеВиды.ПенсионныйСчет = ВТ_ПС_Свойства_ТранзитныеОбязательства.ПенсионныйСчет,ВТ_ТранзитныеВиды;ВТ_ПС_Свойства_ТранзитныеОбязательства,false
296,Часть_3,JOIN_ON,ВТ_ПС_Схемы_ТранзитныеОбязательства.Схема = ВТ_Схемы_Свойства.Схема,ВТ_ПС_Схемы_ТранзитныеОбязательства;ВТ_Схемы_Свойства,false
296,Часть_3,JOIN_ON,ВТ_ПС_Свойства_ТранзитныеОбязательства.ПенсионныйСчет = ВТ_ПС_Схемы_ТранзитныеОбязательства.ПенсионныйСчет,ВТ_ПС_Схемы_ТранзитныеОбязательства;ВТ_ПС_Свойства_ТранзитныеОбязательства,false
296,Часть_3,JOIN_ON,ВТ_ПС_Свойства_ТранзитныеОбязательства.ПенсионныйДоговор = ВТ_ПенсионныеДоговоры_Свойства.ПенсионныйДоговор,ВТ_ПенсионныеДоговоры_Свойства;ВТ_ПС_Свойства_ТранзитныеОбязательства,false
296,Часть_3,JOIN_ON,ВТ_ПС_Свойства_ТранзитныеОбязательства.Вкладчик = ВТ_ИдентификаторыКонтрагентов.Контрагент,ВТ_ИдентификаторыКонтрагентов;ВТ_ПС_Свойства_ТранзитныеОбязательства,false
296,Часть_3,JOIN_ON,ВТ_ПС_Свойства_ТранзитныеОбязательства.Вкладчик = ВТ_ИдентификаторыКонтрагентов_Новые.Контрагент,ВТ_ИдентификаторыКонтрагентов_Новые;ВТ_ПС_Свойства_ТранзитныеОбязательства,false
296,Часть_3,JOIN_ON,ВТ_ПС_Свойства_ТранзитныеОбязательства.Участник = ВТ_ИдентификаторыКонтрагентов_Участники.Контрагент,ВТ_ИдентификаторыКонтрагентов_Участники;ВТ_ПС_Свойства_ТранзитныеОбязательства,false
296,Часть_3,JOIN_ON,ВТ_ПС_Свойства_ТранзитныеОбязательства.Участник = ВТ_ИдентификаторыУчастников.Контрагент,ВТ_ПС_Свойства_ТранзитныеОбязательства;ВТ_ИдентификаторыУчастников,false
296,Часть_3,JOIN_ON,ВТ_ФизическиеЛица.ФизическоеЛицо = ВТ_ФизическиеЛица_Свойства.ФизическоеЛицо,ВТ_ФизическиеЛица;ВТ_ФизическиеЛица_Свойства,false
296,Часть_3,JOIN_ON,ВТ_ПС_Свойства_ТранзитныеОбязательства.Участник = ВТ_ФизическиеЛица.Контрагент,ВТ_ФизическиеЛица;ВТ_ПС_Свойства_ТранзитныеОбязательства,false
296,Часть_3,JOIN_ON,ВТ_ПС_Свойства_ТранзитныеОбязательства.ПенсионныйСчет = ВТ_СостоянияПенсионныхСчетов.ПенсионныйСчет,ВТ_СостоянияПенсионныхСчетов;ВТ_ПС_Свойства_ТранзитныеОбязательства,false
296,Часть_3,JOIN_ON,ВТ_ПС_Свойства_ТранзитныеОбязательства.ПенсионныйДоговор = ВТ_МГД.ПенсионныйДоговор,ВТ_МГД;ВТ_ПС_Свойства_ТранзитныеОбязательства,false
296,Часть_3,JOIN_ON,ВТ_ПС_Свойства_ТранзитныеОбязательства.ПенсионныйСчет = ВТ_ПериодичностьВыплат.НомерСчета,ВТ_ПериодичностьВыплат;ВТ_ПС_Свойства_ТранзитныеОбязательства,false
296,Часть_3,JOIN_ON,ВТ_ПС_Свойства_ТранзитныеОбязательства.ПенсионныйСчет = ВТ_ПенсионныеСчета_НачалоВыплат.ПенсионныйСчет,ВТ_ПенсионныеСчета_НачалоВыплат;ВТ_ПС_Свойства_ТранзитныеОбязательства,false
296,Часть_3,JOIN_ON,ВТ_ПС_Свойства_ТранзитныеОбязательства.ПенсионныйСчет = ВТ_КоличествоВыплат.ПенсионныйСчет,ВТ_КоличествоВыплат;ВТ_ПС_Свойства_ТранзитныеОбязательства,false
296,Часть_3,JOIN_ON,ВТ_ПС_Свойства_ТранзитныеОбязательства.ПенсионныйСчет = ВТ_Суммы.ПенсионныйСчет,ВТ_Суммы;ВТ_ПС_Свойства_ТранзитныеОбязательства,false
296,Часть_3,JOIN_ON,ВТ_ПС_Свойства_ТранзитныеОбязательства.ПенсионныйСчет = ВТ_Выплаты.ПенсионныйСчет,ВТ_Выплаты;ВТ_ПС_Свойства_ТранзитныеОбязательства,false
296,Часть_3,JOIN_ON,ВТ_ПС_Свойства_ТранзитныеОбязательства.ПенсионныйСчет = ВТ_Переводы.ПенсионныйСчет,ВТ_Переводы;ВТ_ПС_Свойства_ТранзитныеОбязательства,false
296,Часть_3,JOIN_ON,ВТ_ПС_Свойства_ТранзитныеОбязательства.ПенсионныйСчет = ВТ_ОстаткиВыплат.ПенсионныйСчет,ВТ_ПС_Свойства_ТранзитныеОбязательства;ВТ_ОстаткиВыплат,false
296,Часть_3,JOIN_ON,ВТ_ПС_Свойства_ТранзитныеОбязательства.ПенсионныйСчет = ВТ_ПоследниеВыплаты.ПенсионныйСчет,ВТ_ПС_Свойства_ТранзитныеОбязательства;ВТ_ПоследниеВыплаты,false
296,Часть_3,JOIN_ON,ВТ_ПС_Свойства_ТранзитныеОбязательства.ПенсионныйСчет = ВТ_ДатыОкончанияСрочныхВыплат.ПенсионныйСчет,ВТ_ДатыОкончанияСрочныхВыплат;ВТ_ПС_Свойства_ТранзитныеОбязательства,false
296,Часть_3,JOIN_ON,ВТ_ПС_Свойства_ТранзитныеОбязательства.Участник = ВТ_Умершие.Участник,ВТ_Умершие;ВТ_ПС_Свойства_ТранзитныеОбязательства,false
296,Часть_3,JOIN_ON,ВТ_ПС_Свойства_ТранзитныеОбязательства.ПенсионныйСчет = ВТ_РазмерПенсий.ПенсионныйСчет,ВТ_РазмерПенсий;ВТ_ПС_Свойства_ТранзитныеОбязательства,false
296,Часть_3,JOIN_ON,ВТ_ПС_Свойства_ТранзитныеОбязательства.ПенсионныйСчет = ВТ_ПоследниеВыплатыПоРегиструВыплат.ПенсионныйСчет,ВТ_ПоследниеВыплатыПоРегиструВыплат;ВТ_ПС_Свойства_ТранзитныеОбязательства,false
296,Часть_3,JOIN_ON,ВТ_ПС_Свойства_ТранзитныеОбязательства.ПенсионныйСчет = ВТ_Срочники.ПенсионныйСчет,ВТ_ПС_Свойства_ТранзитныеОбязательства;ВТ_Срочники,false
296,Часть_3,JOIN_ON,ВТ_ПС_Свойства_ТранзитныеОбязательства.ПенсионныйСчет = ВТ_ОстаткиНаследников.ПенсионныйСчет,ВТ_ОстаткиНаследников;ВТ_ПС_Свойства_ТранзитныеОбязательства,false
296,Часть_3,JOIN_ON,ВТ_ПС_Свойства_ТранзитныеОбязательства.ПенсионныйСчет = ВТ_РасчетныеСуммыПП.ПенсионныйСчет,ВТ_РасчетныеСуммыПП;ВТ_ПС_Свойства_ТранзитныеОбязательства,false
296,Часть_3,JOIN_ON,ВТ_ПС_Свойства_ТранзитныеОбязательства.ПенсионныйСчет = ВТ_РасчетнаяДатаВС.ПенсионныйСчет,ВТ_РасчетнаяДатаВС;ВТ_ПС_Свойства_ТранзитныеОбязательства,false
296,Часть_3,JOIN_ON,ВТ_ПС_Свойства_ТранзитныеОбязательства.ПенсионныйСчет = ВТ_ПенсионныеСчета_Свойства.ПенсионныйСчет,ВТ_ПС_Свойства_ТранзитныеОбязательства;ВТ_ПенсионныеСчета_Свойства,false
296,Часть_3,JOIN_ON,"ТипВкладчика,",,false
297,ВТ_258НПО,JOIN_ON,ИЗ,,false
