node_id,node_name,join_type,left_source,left_alias,right_source,right_alias,on_expression
54,袙孝_袙褘锌谢邪褌薪褘械袧邪褔邪谢芯袩械褉懈芯写邪,LEFT JOIN,袪械谐懈褋褌褉小胁械写械薪懈泄.褍锌_小芯褋褌芯褟薪懈褟袩小.小褉械蟹袩械褉胁褘褏,袪械谐懈褋褌褉小胁械写械薪懈泄.褍锌_小芯褋褌芯褟薪懈褟袩小.小褉械蟹袩械褉胁褘褏,袙孝_孝懈锌褘袩械薪褋懈泄袧邪褔邪谢芯袩械褉懈芯写邪,袙孝_孝懈锌褘袩械薪褋懈泄袧邪褔邪谢芯袩械褉懈芯写邪,褍锌_小芯褋褌芯褟薪懈褟袩小小褉械蟹袩械褉胁褘褏.袧芯屑械褉小褔械褌邪 = 袙孝_孝懈锌褘袩械薪褋懈泄袧邪褔邪谢芯袩械褉懈芯写邪.袧芯屑械褉小褔械褌邪
56,袙孝_小芯褋褌芯褟薪懈械袧邪褔邪谢芯袩械褉懈芯写邪,LEFT JOIN,袙孝_袩械薪褋懈芯薪薪褘械小褔械褌邪,袙孝_袩械薪褋懈芯薪薪褘械小褔械褌邪,袙孝_孝懈锌褘袩械薪褋懈泄袧邪褔邪谢芯袩械褉懈芯写邪,袙孝_孝懈锌褘袩械薪褋懈泄袧邪褔邪谢芯袩械褉懈芯写邪,袙孝_袩械薪褋懈芯薪薪褘械小褔械褌邪.袩械薪褋懈芯薪薪褘泄小褔械褌 = 袙孝_孝懈锌褘袩械薪褋懈泄袧邪褔邪谢芯袩械褉懈芯写邪.袧芯屑械褉小褔械褌邪
58,袙孝_袙懈写袨斜褟蟹邪褌械谢褜褋褌胁袧邪褔邪谢芯,LEFT JOIN,袙孝_袩械薪褋懈芯薪薪褘械小褔械褌邪,袙孝_袩械薪褋懈芯薪薪褘械小褔械褌邪,袙孝_袙褘锌谢邪褌薪褘械袧邪褔邪谢芯袩械褉懈芯写邪,袙孝_袙褘锌谢邪褌薪褘械袧邪褔邪谢芯袩械褉懈芯写邪,袙孝_袩械薪褋懈芯薪薪褘械小褔械褌邪.袩械薪褋懈芯薪薪褘泄小褔械褌 = 袙孝_袙褘锌谢邪褌薪褘械袧邪褔邪谢芯袩械褉懈芯写邪.袧芯屑械褉小褔械褌邪
58,袙孝_袙懈写袨斜褟蟹邪褌械谢褜褋褌胁袧邪褔邪谢芯,LEFT JOIN,袙孝_袩械薪褋懈芯薪薪褘械小褔械褌邪,袙孝_袩械薪褋懈芯薪薪褘械小褔械褌邪,袙孝_小芯褋褌芯褟薪懈械袧邪褔邪谢芯袩械褉懈芯写邪,袙孝_小芯褋褌芯褟薪懈械袧邪褔邪谢芯袩械褉懈芯写邪,袙孝_袩械薪褋懈芯薪薪褘械小褔械褌邪.袩械薪褋懈芯薪薪褘泄小褔械褌 = 袙孝_小芯褋褌芯褟薪懈械袧邪褔邪谢芯袩械褉懈芯写邪.袧芯屑械褉小褔械褌邪
66,袙孝_袙懈写褘袨斜褟蟹邪褌械谢褜褋褌胁袛胁懈卸械薪懈械,LEFT JOIN,袙孝_袙懈写褘袨斜褟蟹邪褌械谢褜褋褌胁,袙孝_袙懈写褘袨斜褟蟹邪褌械谢褜褋褌胁,袙孝_袙懈写褘袨斜褟蟹邪褌械谢褜褋褌胁,袙孝_袙懈写褘袨斜褟蟹邪褌械谢褜褋褌胁_1,袙孝_袙懈写褘袨斜褟蟹邪褌械谢褜褋褌胁.袩械薪褋懈芯薪薪褘泄小褔械褌 = 袙孝_袙懈写褘袨斜褟蟹邪褌械谢褜褋褌胁_1.袩械薪褋懈芯薪薪褘泄小褔械褌
68,袙孝_小褔械褌邪袧械孝褉邪薪蟹懈褌薪褘械袙懈写褘袨斜褟蟹邪褌械谢褜褋褌胁,LEFT JOIN,袙孝_袙懈写褘袨斜褟蟹邪褌械谢褜褋褌胁袛胁懈卸械薪懈械,袙孝_袙懈写褘袨斜褟蟹邪褌械谢褜褋褌胁袛胁懈卸械薪懈械,袙孝_小褔械褌邪孝褉邪薪蟹懈褌薪褘械袙懈写褘袨斜褟蟹邪褌械谢褜褋褌胁,袙孝_小褔械褌邪孝褉邪薪蟹懈褌薪褘械袙懈写褘袨斜褟蟹邪褌械谢褜褋褌胁,袙孝_袙懈写褘袨斜褟蟹邪褌械谢褜褋褌胁袛胁懈卸械薪懈械.袩械薪褋懈芯薪薪褘泄小褔械褌 = 袙孝_小褔械褌邪孝褉邪薪蟹懈褌薪褘械袙懈写褘袨斜褟蟹邪褌械谢褜褋褌胁.袩械薪褋懈芯薪薪褘泄小褔械褌
69,袙孝_袧械孝褉邪薪蟹懈褌薪褘械袙懈写褘袧邪褔邪谢芯袣芯薪械褑,INNER JOIN,袙孝_袙懈写褘袨斜褟蟹邪褌械谢褜褋褌胁袛胁懈卸械薪懈械,袙孝_袙懈写褘袨斜褟蟹邪褌械谢褜褋褌胁袛胁懈卸械薪懈械,袙孝_小褔械褌邪袧械孝褉邪薪蟹懈褌薪褘械袙懈写褘袨斜褟蟹邪褌械谢褜褋褌胁,袙孝_小褔械褌邪袧械孝褉邪薪蟹懈褌薪褘械袙懈写褘袨斜褟蟹邪褌械谢褜褋褌胁,袙孝_袙懈写褘袨斜褟蟹邪褌械谢褜褋褌胁袛胁懈卸械薪懈械.袩械薪褋懈芯薪薪褘泄小褔械褌 = 袙孝_小褔械褌邪袧械孝褉邪薪蟹懈褌薪褘械袙懈写褘袨斜褟蟹邪褌械谢褜褋褌胁.袩械薪褋懈芯薪薪褘泄小褔械褌
70,袙孝_孝褉邪薪蟹懈褌薪褘械袙懈写褘袧邪褔邪谢芯袣芯薪械褑,INNER JOIN,袙孝_袙懈写褘袨斜褟蟹邪褌械谢褜褋褌胁袛胁懈卸械薪懈械,袙孝_袙懈写褘袨斜褟蟹邪褌械谢褜褋褌胁袛胁懈卸械薪懈械,袙孝_小褔械褌邪孝褉邪薪蟹懈褌薪褘械袙懈写褘袨斜褟蟹邪褌械谢褜褋褌胁,袙孝_小褔械褌邪孝褉邪薪蟹懈褌薪褘械袙懈写褘袨斜褟蟹邪褌械谢褜褋褌胁,袙孝_袙懈写褘袨斜褟蟹邪褌械谢褜褋褌胁袛胁懈卸械薪懈械.袩械薪褋懈芯薪薪褘泄小褔械褌 = 袙孝_小褔械褌邪孝褉邪薪蟹懈褌薪褘械袙懈写褘袨斜褟蟹邪褌械谢褜褋褌胁.袩械薪褋懈芯薪薪褘泄小褔械褌
71,袙孝_小褌芯褉薪懈褉芯胁邪薪薪褘械小褍屑屑褘孝褉邪薪蟹懈褌薪褘械袙懈写褘,INNER JOIN,袙孝_孝褉邪薪蟹懈褌薪褘械袙懈写褘袧邪褔邪谢芯袣芯薪械褑,袙孝_孝褉邪薪蟹懈褌薪褘械袙懈写褘袧邪褔邪谢芯袣芯薪械褑,袙孝_袛芯泻褍屑械薪褌褘小褌芯褉薪芯,袙孝_袛芯泻褍屑械薪褌褘小褌芯褉薪芯,褍锌_袧邪褔懈褋谢械薪懈褟袩械薪褋懈泄.袪械谐懈褋褌褉邪褌芯褉 = 袙孝_袛芯泻褍屑械薪褌褘小褌芯褉薪芯.袛芯泻褍屑械薪褌小褌芯褉薪芯
71,袙孝_小褌芯褉薪懈褉芯胁邪薪薪褘械小褍屑屑褘孝褉邪薪蟹懈褌薪褘械袙懈写褘,INNER JOIN,袙孝_孝褉邪薪蟹懈褌薪褘械袙懈写褘袧邪褔邪谢芯袣芯薪械褑,袙孝_孝褉邪薪蟹懈褌薪褘械袙懈写褘袧邪褔邪谢芯袣芯薪械褑,袙孝_袛芯泻褍屑械薪褌褘小褌芯褉薪芯,袙孝_袛芯泻褍屑械薪褌褘小褌芯褉薪芯,褍锌_袩褉芯褔懈械袧邪褔懈褋谢械薪懈褟.袪械谐懈褋褌褉邪褌芯褉 = 袙孝_袛芯泻褍屑械薪褌褘小褌芯褉薪芯.袛芯泻褍屑械薪褌小褌芯褉薪芯
72,效邪褋褌褜_1,INNER JOIN,袙孝_孝褉邪薪蟹懈褌薪褘械袙懈写褘袧邪褔邪谢芯袣芯薪械褑,袙孝_孝褉邪薪蟹懈褌薪褘械袙懈写褘袧邪褔邪谢芯袣芯薪械褑,袙孝_袛芯泻褍屑械薪褌褘小褌芯褉薪芯,袙孝_袛芯泻褍屑械薪褌褘小褌芯褉薪芯,褍锌_袧邪褔懈褋谢械薪懈褟袩械薪褋懈泄.袪械谐懈褋褌褉邪褌芯褉 = 袙孝_袛芯泻褍屑械薪褌褘小褌芯褉薪芯.袛芯泻褍屑械薪褌小褌芯褉薪芯
73,效邪褋褌褜_2,INNER JOIN,袙孝_孝褉邪薪蟹懈褌薪褘械袙懈写褘袧邪褔邪谢芯袣芯薪械褑,袙孝_孝褉邪薪蟹懈褌薪褘械袙懈写褘袧邪褔邪谢芯袣芯薪械褑,袙孝_袛芯泻褍屑械薪褌褘小褌芯褉薪芯,袙孝_袛芯泻褍屑械薪褌褘小褌芯褉薪芯,褍锌_袩褉芯褔懈械袧邪褔懈褋谢械薪懈褟.袪械谐懈褋褌褉邪褌芯褉 = 袙孝_袛芯泻褍屑械薪褌褘小褌芯褉薪芯.袛芯泻褍屑械薪褌小褌芯褉薪芯
74,袙孝_袨褋褌邪褌泻懈孝褉邪薪蟹懈褌薪褘械袙懈写褘,LEFT JOIN,袙孝_孝褉邪薪蟹懈褌薪褘械袙懈写褘袧邪褔邪谢芯袣芯薪械褑,袙孝_孝褉邪薪蟹懈褌薪褘械袙懈写褘袧邪褔邪谢芯袣芯薪械褑,袪械谐懈褋褌褉袧邪泻芯锌谢械薪懈褟.褍锌_袪械蟹械褉胁褘,褍锌_袪械蟹械褉胁褘,褍锌_袪械蟹械褉胁褘.袧芯屑械褉小褔械褌邪 = 袙孝_孝褉邪薪蟹懈褌薪褘械袙懈写褘袧邪褔邪谢芯袣芯薪械褑.袩械薪褋懈芯薪薪褘泄小褔械褌
74,袙孝_袨褋褌邪褌泻懈孝褉邪薪蟹懈褌薪褘械袙懈写褘,LEFT JOIN,袙孝_孝褉邪薪蟹懈褌薪褘械袙懈写褘袧邪褔邪谢芯袣芯薪械褑,袙孝_孝褉邪薪蟹懈褌薪褘械袙懈写褘袧邪褔邪谢芯袣芯薪械褑,袪械谐懈褋褌褉袧邪泻芯锌谢械薪懈褟.褍锌_袪械蟹械褉胁褘,褍锌_袪械蟹械褉胁褘,褍锌_袪械蟹械褉胁褘.袧芯屑械褉小褔械褌邪 = 袙孝_孝褉邪薪蟹懈褌薪褘械袙懈写褘袧邪褔邪谢芯袣芯薪械褑.袩械薪褋懈芯薪薪褘泄小褔械褌
74,袙孝_袨褋褌邪褌泻懈孝褉邪薪蟹懈褌薪褘械袙懈写褘,LEFT JOIN,袙孝_孝褉邪薪蟹懈褌薪褘械袙懈写褘袧邪褔邪谢芯袣芯薪械褑,袙孝_孝褉邪薪蟹懈褌薪褘械袙懈写褘袧邪褔邪谢芯袣芯薪械褑,袪械谐懈褋褌褉袧邪泻芯锌谢械薪懈褟.褍锌_袙芯蟹胁褉邪褌褘袩褉芯褔懈褏袧邪褔懈褋谢械薪懈泄袧袩袨,褍锌_袙芯蟹胁褉邪褌褘袩褉芯褔懈褏袧邪褔懈褋谢械薪懈泄袧袩袨,褍锌_袙芯蟹胁褉邪褌褘袩褉芯褔懈褏袧邪褔懈褋谢械薪懈泄袧袩袨.袧芯屑械褉小褔械褌邪 = 袙孝_孝褉邪薪蟹懈褌薪褘械袙懈写褘袧邪褔邪谢芯袣芯薪械褑.袩械薪褋懈芯薪薪褘泄小褔械褌
74,袙孝_袨褋褌邪褌泻懈孝褉邪薪蟹懈褌薪褘械袙懈写褘,LEFT JOIN,袙孝_孝褉邪薪蟹懈褌薪褘械袙懈写褘袧邪褔邪谢芯袣芯薪械褑,袙孝_孝褉邪薪蟹懈褌薪褘械袙懈写褘袧邪褔邪谢芯袣芯薪械褑,袪械谐懈褋褌褉袧邪泻芯锌谢械薪懈褟.褍锌_袙芯蟹胁褉邪褌褘袩褉芯褔懈褏袧邪褔懈褋谢械薪懈泄袧袩袨,褍锌_袙芯蟹胁褉邪褌褘袩褉芯褔懈褏袧邪褔懈褋谢械薪懈泄袧袩袨,褍锌_袙芯蟹胁褉邪褌褘袩褉芯褔懈褏袧邪褔懈褋谢械薪懈泄袧袩袨.袧芯屑械褉小褔械褌邪 = 袙孝_孝褉邪薪蟹懈褌薪褘械袙懈写褘袧邪褔邪谢芯袣芯薪械褑.袩械薪褋懈芯薪薪褘泄小褔械褌
74,袙孝_袨褋褌邪褌泻懈孝褉邪薪蟹懈褌薪褘械袙懈写褘,LEFT JOIN,袙孝_孝褉邪薪蟹懈褌薪褘械袙懈写褘袧邪褔邪谢芯袣芯薪械褑,袙孝_孝褉邪薪蟹懈褌薪褘械袙懈写褘袧邪褔邪谢芯袣芯薪械褑,袪械谐懈褋褌褉袧邪泻芯锌谢械薪懈褟.褍锌_袙芯蟹胁褉邪褌褘袩械薪褋懈泄袧袩袨,褍锌_袙芯蟹胁褉邪褌褘袩械薪褋懈泄袧袩袨,褍锌_袙芯蟹胁褉邪褌褘袩械薪褋懈泄袧袩袨.袧芯屑械褉小褔械褌邪 = 袙孝_孝褉邪薪蟹懈褌薪褘械袙懈写褘袧邪褔邪谢芯袣芯薪械褑.袩械薪褋懈芯薪薪褘泄小褔械褌
74,袙孝_袨褋褌邪褌泻懈孝褉邪薪蟹懈褌薪褘械袙懈写褘,LEFT JOIN,袙孝_孝褉邪薪蟹懈褌薪褘械袙懈写褘袧邪褔邪谢芯袣芯薪械褑,袙孝_孝褉邪薪蟹懈褌薪褘械袙懈写褘袧邪褔邪谢芯袣芯薪械褑,袪械谐懈褋褌褉袧邪泻芯锌谢械薪懈褟.褍锌_袙芯蟹胁褉邪褌褘袩械薪褋懈泄袧袩袨,褍锌_袙芯蟹胁褉邪褌褘袩械薪褋懈泄袧袩袨,褍锌_袙芯蟹胁褉邪褌褘袩械薪褋懈泄袧袩袨.袧芯屑械褉小褔械褌邪 = 袙孝_孝褉邪薪蟹懈褌薪褘械袙懈写褘袧邪褔邪谢芯袣芯薪械褑.袩械薪褋懈芯薪薪褘泄小褔械褌
75,袩芯写袟邪锌褉芯褋,LEFT JOIN,袙孝_孝褉邪薪蟹懈褌薪褘械袙懈写褘袧邪褔邪谢芯袣芯薪械褑,袙孝_孝褉邪薪蟹懈褌薪褘械袙懈写褘袧邪褔邪谢芯袣芯薪械褑,袪械谐懈褋褌褉袧邪泻芯锌谢械薪懈褟.褍锌_袪械蟹械褉胁褘,褍锌_袪械蟹械褉胁褘,褍锌_袪械蟹械褉胁褘.袧芯屑械褉小褔械褌邪 = 袙孝_孝褉邪薪蟹懈褌薪褘械袙懈写褘袧邪褔邪谢芯袣芯薪械褑.袩械薪褋懈芯薪薪褘泄小褔械褌
76,效邪褋褌褜_1,LEFT JOIN,袙孝_孝褉邪薪蟹懈褌薪褘械袙懈写褘袧邪褔邪谢芯袣芯薪械褑,袙孝_孝褉邪薪蟹懈褌薪褘械袙懈写褘袧邪褔邪谢芯袣芯薪械褑,袪械谐懈褋褌褉袧邪泻芯锌谢械薪懈褟.褍锌_袪械蟹械褉胁褘,褍锌_袪械蟹械褉胁褘,褍锌_袪械蟹械褉胁褘.袧芯屑械褉小褔械褌邪 = 袙孝_孝褉邪薪蟹懈褌薪褘械袙懈写褘袧邪褔邪谢芯袣芯薪械褑.袩械薪褋懈芯薪薪褘泄小褔械褌
77,效邪褋褌褜_2,LEFT JOIN,袙孝_孝褉邪薪蟹懈褌薪褘械袙懈写褘袧邪褔邪谢芯袣芯薪械褑,袙孝_孝褉邪薪蟹懈褌薪褘械袙懈写褘袧邪褔邪谢芯袣芯薪械褑,袪械谐懈褋褌褉袧邪泻芯锌谢械薪懈褟.褍锌_袪械蟹械褉胁褘,褍锌_袪械蟹械褉胁褘,褍锌_袪械蟹械褉胁褘.袧芯屑械褉小褔械褌邪 = 袙孝_孝褉邪薪蟹懈褌薪褘械袙懈写褘袧邪褔邪谢芯袣芯薪械褑.袩械薪褋懈芯薪薪褘泄小褔械褌
78,效邪褋褌褜_1,LEFT JOIN,袙蝎袘袪袗孝鞋,袙蝎袘袪袗孝鞋,袪械谐懈褋褌褉袧邪泻芯锌谢械薪懈褟.褍锌_袪械蟹械褉胁褘,褍锌_袪械蟹械褉胁褘,褍锌_袪械蟹械褉胁褘.袧芯屑械褉小褔械褌邪 = 袙孝_孝褉邪薪蟹懈褌薪褘械袙懈写褘袧邪褔邪谢芯袣芯薪械褑.袩械薪褋懈芯薪薪褘泄小褔械褌
78,效邪褋褌褜_1,LEFT JOIN,袙蝎袘袪袗孝鞋,袙蝎袘袪袗孝鞋,袪械谐懈褋褌褉袧邪泻芯锌谢械薪懈褟.褍锌_袪械蟹械褉胁褘,褍锌_袪械蟹械褉胁褘,褍锌_袪械蟹械褉胁褘.袧芯屑械褉小褔械褌邪 = 袙孝_孝褉邪薪蟹懈褌薪褘械袙懈写褘袧邪褔邪谢芯袣芯薪械褑.袩械薪褋懈芯薪薪褘泄小褔械褌
79,效邪褋褌褜_2,LEFT JOIN,袙孝_孝褉邪薪蟹懈褌薪褘械袙懈写褘袧邪褔邪谢芯袣芯薪械褑,袙孝_孝褉邪薪蟹懈褌薪褘械袙懈写褘袧邪褔邪谢芯袣芯薪械褑,袪械谐懈褋褌褉袧邪泻芯锌谢械薪懈褟.褍锌_袙芯蟹胁褉邪褌褘袩褉芯褔懈褏袧邪褔懈褋谢械薪懈泄袧袩袨,褍锌_袙芯蟹胁褉邪褌褘袩褉芯褔懈褏袧邪褔懈褋谢械薪懈泄袧袩袨,褍锌_袙芯蟹胁褉邪褌褘袩褉芯褔懈褏袧邪褔懈褋谢械薪懈泄袧袩袨.袧芯屑械褉小褔械褌邪 = 袙孝_孝褉邪薪蟹懈褌薪褘械袙懈写褘袧邪褔邪谢芯袣芯薪械褑.袩械薪褋懈芯薪薪褘泄小褔械褌
80,效邪褋褌褜_3,LEFT JOIN,袙孝_孝褉邪薪蟹懈褌薪褘械袙懈写褘袧邪褔邪谢芯袣芯薪械褑,袙孝_孝褉邪薪蟹懈褌薪褘械袙懈写褘袧邪褔邪谢芯袣芯薪械褑,袪械谐懈褋褌褉袧邪泻芯锌谢械薪懈褟.褍锌_袙芯蟹胁褉邪褌褘袩褉芯褔懈褏袧邪褔懈褋谢械薪懈泄袧袩袨,褍锌_袙芯蟹胁褉邪褌褘袩褉芯褔懈褏袧邪褔懈褋谢械薪懈泄袧袩袨,褍锌_袙芯蟹胁褉邪褌褘袩褉芯褔懈褏袧邪褔懈褋谢械薪懈泄袧袩袨.袧芯屑械褉小褔械褌邪 = 袙孝_孝褉邪薪蟹懈褌薪褘械袙懈写褘袧邪褔邪谢芯袣芯薪械褑.袩械薪褋懈芯薪薪褘泄小褔械褌
81,效邪褋褌褜_4,LEFT JOIN,袙孝_孝褉邪薪蟹懈褌薪褘械袙懈写褘袧邪褔邪谢芯袣芯薪械褑,袙孝_孝褉邪薪蟹懈褌薪褘械袙懈写褘袧邪褔邪谢芯袣芯薪械褑,袪械谐懈褋褌褉袧邪泻芯锌谢械薪懈褟.褍锌_袙芯蟹胁褉邪褌褘袩械薪褋懈泄袧袩袨,褍锌_袙芯蟹胁褉邪褌褘袩械薪褋懈泄袧袩袨,褍锌_袙芯蟹胁褉邪褌褘袩械薪褋懈泄袧袩袨.袧芯屑械褉小褔械褌邪 = 袙孝_孝褉邪薪蟹懈褌薪褘械袙懈写褘袧邪褔邪谢芯袣芯薪械褑.袩械薪褋懈芯薪薪褘泄小褔械褌
82,效邪褋褌褜_5,LEFT JOIN,袙孝_孝褉邪薪蟹懈褌薪褘械袙懈写褘袧邪褔邪谢芯袣芯薪械褑,袙孝_孝褉邪薪蟹懈褌薪褘械袙懈写褘袧邪褔邪谢芯袣芯薪械褑,袪械谐懈褋褌褉袧邪泻芯锌谢械薪懈褟.褍锌_袙芯蟹胁褉邪褌褘袩械薪褋懈泄袧袩袨,褍锌_袙芯蟹胁褉邪褌褘袩械薪褋懈泄袧袩袨,褍锌_袙芯蟹胁褉邪褌褘袩械薪褋懈泄袧袩袨.袧芯屑械褉小褔械褌邪 = 袙孝_孝褉邪薪蟹懈褌薪褘械袙懈写褘袧邪褔邪谢芯袣芯薪械褑.袩械薪褋懈芯薪薪褘泄小褔械褌
83,袙孝_小褍屑屑褘_袩袪_孝褉邪薪蟹懈褌薪褘械袙懈写褘,LEFT JOIN,袙孝_袨褋褌邪褌泻懈孝褉邪薪蟹懈褌薪褘械袙懈写褘,袙孝_袨褋褌邪褌泻懈孝褉邪薪蟹懈褌薪褘械袙懈写褘,袪械谐懈褋褌褉袧邪泻芯锌谢械薪懈褟.褍锌_袩芯褋褌褍锌谢械薪懈褟,褍锌_袩芯褋褌褍锌谢械薪懈褟,褍锌_袩芯褋褌褍锌谢械薪懈褟.袧芯屑械褉小褔械褌邪 = 袙孝_孝褉邪薪蟹懈褌薪褘械袙懈写褘袧邪褔邪谢芯袣芯薪械褑.袩械薪褋懈芯薪薪褘泄小褔械褌
83,袙孝_小褍屑屑褘_袩袪_孝褉邪薪蟹懈褌薪褘械袙懈写褘,LEFT JOIN,袙孝_袨褋褌邪褌泻懈孝褉邪薪蟹懈褌薪褘械袙懈写褘,袙孝_袨褋褌邪褌泻懈孝褉邪薪蟹懈褌薪褘械袙懈写褘,袪械谐懈褋褌褉袧邪泻芯锌谢械薪懈褟.褍锌_袠薪胁械褋褌袛芯褏芯写,褍锌_袠薪胁械褋褌袛芯褏芯写,褍锌_袠薪胁械褋褌袛芯褏芯写.袧芯屑械褉小褔械褌邪 = 袙孝_孝褉邪薪蟹懈褌薪褘械袙懈写褘袧邪褔邪谢芯袣芯薪械褑.袩械薪褋懈芯薪薪褘泄小褔械褌
83,袙孝_小褍屑屑褘_袩袪_孝褉邪薪蟹懈褌薪褘械袙懈写褘,LEFT JOIN,袙孝_袨褋褌邪褌泻懈孝褉邪薪蟹懈褌薪褘械袙懈写褘,袙孝_袨褋褌邪褌泻懈孝褉邪薪蟹懈褌薪褘械袙懈写褘,袪械谐懈褋褌褉袧邪泻芯锌谢械薪懈褟.褍锌_袟邪写芯谢卸械薪薪芯褋褌褜袩芯袩械薪褋懈褟屑,褍锌_袟邪写芯谢卸械薪薪芯褋褌褜袩芯袩械薪褋懈褟屑,褍锌_袟邪写芯谢卸械薪薪芯褋褌褜袩芯袩械薪褋懈褟屑.袧芯屑械褉小褔械褌邪 = 袙孝_孝褉邪薪蟹懈褌薪褘械袙懈写褘袧邪褔邪谢芯袣芯薪械褑.袩械薪褋懈芯薪薪褘泄小褔械褌
84,袩芯写袟邪锌褉芯褋,LEFT JOIN,袙孝_袨褋褌邪褌泻懈孝褉邪薪蟹懈褌薪褘械袙懈写褘,袙孝_袨褋褌邪褌泻懈孝褉邪薪蟹懈褌薪褘械袙懈写褘,袪械谐懈褋褌褉袧邪泻芯锌谢械薪懈褟.褍锌_袩芯褋褌褍锌谢械薪懈褟,褍锌_袩芯褋褌褍锌谢械薪懈褟,褍锌_袩芯褋褌褍锌谢械薪懈褟.袧芯屑械褉小褔械褌邪 = 袙孝_孝褉邪薪蟹懈褌薪褘械袙懈写褘袧邪褔邪谢芯袣芯薪械褑.袩械薪褋懈芯薪薪褘泄小褔械褌
84,袩芯写袟邪锌褉芯褋,LEFT JOIN,袙孝_袨褋褌邪褌泻懈孝褉邪薪蟹懈褌薪褘械袙懈写褘,袙孝_袨褋褌邪褌泻懈孝褉邪薪蟹懈褌薪褘械袙懈写褘,袪械谐懈褋褌褉袧邪泻芯锌谢械薪懈褟.褍锌_袠薪胁械褋褌袛芯褏芯写,褍锌_袠薪胁械褋褌袛芯褏芯写,褍锌_袠薪胁械褋褌袛芯褏芯写.袧芯屑械褉小褔械褌邪 = 袙孝_孝褉邪薪蟹懈褌薪褘械袙懈写褘袧邪褔邪谢芯袣芯薪械褑.袩械薪褋懈芯薪薪褘泄小褔械褌
86,效邪褋褌褜_2,LEFT JOIN,袙孝_孝褉邪薪蟹懈褌薪褘械袙懈写褘袧邪褔邪谢芯袣芯薪械褑,袙孝_孝褉邪薪蟹懈褌薪褘械袙懈写褘袧邪褔邪谢芯袣芯薪械褑,袪械谐懈褋褌褉袧邪泻芯锌谢械薪懈褟.褍锌_袩芯褋褌褍锌谢械薪懈褟,褍锌_袩芯褋褌褍锌谢械薪懈褟,褍锌_袩芯褋褌褍锌谢械薪懈褟.袧芯屑械褉小褔械褌邪 = 袙孝_孝褉邪薪蟹懈褌薪褘械袙懈写褘袧邪褔邪谢芯袣芯薪械褑.袩械薪褋懈芯薪薪褘泄小褔械褌
87,效邪褋褌褜_3,LEFT JOIN,袙孝_孝褉邪薪蟹懈褌薪褘械袙懈写褘袧邪褔邪谢芯袣芯薪械褑,袙孝_孝褉邪薪蟹懈褌薪褘械袙懈写褘袧邪褔邪谢芯袣芯薪械褑,袪械谐懈褋褌褉袧邪泻芯锌谢械薪懈褟.褍锌_袠薪胁械褋褌袛芯褏芯写,褍锌_袠薪胁械褋褌袛芯褏芯写,褍锌_袠薪胁械褋褌袛芯褏芯写.袧芯屑械褉小褔械褌邪 = 袙孝_孝褉邪薪蟹懈褌薪褘械袙懈写褘袧邪褔邪谢芯袣芯薪械褑.袩械薪褋懈芯薪薪褘泄小褔械褌
88,效邪褋褌褜_4,LEFT JOIN,袙孝_孝褉邪薪蟹懈褌薪褘械袙懈写褘袧邪褔邪谢芯袣芯薪械褑,袙孝_孝褉邪薪蟹懈褌薪褘械袙懈写褘袧邪褔邪谢芯袣芯薪械褑,袪械谐懈褋褌褉袧邪泻芯锌谢械薪懈褟.褍锌_袟邪写芯谢卸械薪薪芯褋褌褜袩芯袩械薪褋懈褟屑,褍锌_袟邪写芯谢卸械薪薪芯褋褌褜袩芯袩械薪褋懈褟屑,褍锌_袟邪写芯谢卸械薪薪芯褋褌褜袩芯袩械薪褋懈褟屑.袧芯屑械褉小褔械褌邪 = 袙孝_孝褉邪薪蟹懈褌薪褘械袙懈写褘袧邪褔邪谢芯袣芯薪械褑.袩械薪褋懈芯薪薪褘泄小褔械褌
89,袙孝_袙褘锌谢邪褌褘袩袪孝褉邪薪蟹懈褌薪褘械袙懈写褘,LEFT JOIN,袙孝_孝褉邪薪蟹懈褌薪褘械袙懈写褘袧邪褔邪谢芯袣芯薪械褑,袙孝_孝褉邪薪蟹懈褌薪褘械袙懈写褘袧邪褔邪谢芯袣芯薪械褑,袪械谐懈褋褌褉袧邪泻芯锌谢械薪懈褟.褍锌_袧邪褔懈褋谢械薪懈褟袩械薪褋懈泄,褍锌_袧邪褔懈褋谢械薪懈褟袩械薪褋懈泄,褍锌_袧邪褔懈褋谢械薪懈褟袩械薪褋懈泄.袧芯屑械褉小褔械褌邪 = 袙孝_孝褉邪薪蟹懈褌薪褘械袙懈写褘袧邪褔邪谢芯袣芯薪械褑.袩械薪褋懈芯薪薪褘泄小褔械褌
89,袙孝_袙褘锌谢邪褌褘袩袪孝褉邪薪蟹懈褌薪褘械袙懈写褘,LEFT JOIN,袙孝_孝褉邪薪蟹懈褌薪褘械袙懈写褘袧邪褔邪谢芯袣芯薪械褑,袙孝_孝褉邪薪蟹懈褌薪褘械袙懈写褘袧邪褔邪谢芯袣芯薪械褑,袪械谐懈褋褌褉袧邪泻芯锌谢械薪懈褟.褍锌_袩褉芯褔懈械袧邪褔懈褋谢械薪懈褟,褍锌_袩褉芯褔懈械袧邪褔懈褋谢械薪懈褟,褍锌_袩褉芯褔懈械袧邪褔懈褋谢械薪懈褟.袧芯屑械褉小褔械褌邪 = 袙孝_孝褉邪薪蟹懈褌薪褘械袙懈写褘袧邪褔邪谢芯袣芯薪械褑.袩械薪褋懈芯薪薪褘泄小褔械褌
89,袙孝_袙褘锌谢邪褌褘袩袪孝褉邪薪蟹懈褌薪褘械袙懈写褘,LEFT JOIN,袙孝_孝褉邪薪蟹懈褌薪褘械袙懈写褘袧邪褔邪谢芯袣芯薪械褑,袙孝_孝褉邪薪蟹懈褌薪褘械袙懈写褘袧邪褔邪谢芯袣芯薪械褑,袪械谐懈褋褌褉袧邪泻芯锌谢械薪懈褟.褍锌_袩褉芯褔懈械袧邪褔懈褋谢械薪懈褟,褍锌_袩褉芯褔懈械袧邪褔懈褋谢械薪懈褟,褍锌_袩褉芯褔懈械袧邪褔懈褋谢械薪懈褟.袧芯屑械褉小褔械褌邪 = 袙孝_孝褉邪薪蟹懈褌薪褘械袙懈写褘袧邪褔邪谢芯袣芯薪械褑.袩械薪褋懈芯薪薪褘泄小褔械褌
89,袙孝_袙褘锌谢邪褌褘袩袪孝褉邪薪蟹懈褌薪褘械袙懈写褘,LEFT JOIN,袙孝_孝褉邪薪蟹懈褌薪褘械袙懈写褘袧邪褔邪谢芯袣芯薪械褑,袙孝_孝褉邪薪蟹懈褌薪褘械袙懈写褘袧邪褔邪谢芯袣芯薪械褑,袪械谐懈褋褌褉袧邪泻芯锌谢械薪懈褟.褍锌_袨褌胁械褉谐薪褍褌褘械袩谢邪褌械卸懈袩械薪褋懈泄袧袩袨,褍锌_袨褌胁械褉谐薪褍褌褘械袩谢邪褌械卸懈袩械薪褋懈泄袧袩袨,褍锌_袨褌胁械褉谐薪褍褌褘械袩谢邪褌械卸懈袩械薪褋懈泄袧袩袨.袧芯屑械褉小褔械褌邪 = 袙孝_孝褉邪薪蟹懈褌薪褘械袙懈写褘袧邪褔邪谢芯袣芯薪械褑.袩械薪褋懈芯薪薪褘泄小褔械褌
89,袙孝_袙褘锌谢邪褌褘袩袪孝褉邪薪蟹懈褌薪褘械袙懈写褘,LEFT JOIN,袙孝_孝褉邪薪蟹懈褌薪褘械袙懈写褘袧邪褔邪谢芯袣芯薪械褑,袙孝_孝褉邪薪蟹懈褌薪褘械袙懈写褘袧邪褔邪谢芯袣芯薪械褑,袪械谐懈褋褌褉袧邪泻芯锌谢械薪懈褟.褍锌_袨褌胁械褉谐薪褍褌褘械袩谢邪褌械卸懈袩褉芯褔懈械袧邪褔懈褋谢械薪懈褟袧袩袨,褍锌_袨褌胁械褉谐薪褍褌褘械袩谢邪褌械卸懈袩褉芯褔懈械袧邪褔懈褋谢械薪懈褟袧袩袨,褍锌_袨褌胁械褉谐薪褍褌褘械袩谢邪褌械卸懈袩褉芯褔懈械袧邪褔懈褋谢械薪懈褟袧袩袨.袧芯屑械褉小褔械褌邪 = 袙孝_孝褉邪薪蟹懈褌薪褘械袙懈写褘袧邪褔邪谢芯袣芯薪械褑.袩械薪褋懈芯薪薪褘泄小褔械褌
90,效邪褋褌褜_1,LEFT JOIN,袙孝_孝褉邪薪蟹懈褌薪褘械袙懈写褘袧邪褔邪谢芯袣芯薪械褑,袙孝_孝褉邪薪蟹懈褌薪褘械袙懈写褘袧邪褔邪谢芯袣芯薪械褑,袪械谐懈褋褌褉袧邪泻芯锌谢械薪懈褟.褍锌_袧邪褔懈褋谢械薪懈褟袩械薪褋懈泄,褍锌_袧邪褔懈褋谢械薪懈褟袩械薪褋懈泄,褍锌_袧邪褔懈褋谢械薪懈褟袩械薪褋懈泄.袧芯屑械褉小褔械褌邪 = 袙孝_孝褉邪薪蟹懈褌薪褘械袙懈写褘袧邪褔邪谢芯袣芯薪械褑.袩械薪褋懈芯薪薪褘泄小褔械褌
91,效邪褋褌褜_2,LEFT JOIN,袙孝_孝褉邪薪蟹懈褌薪褘械袙懈写褘袧邪褔邪谢芯袣芯薪械褑,袙孝_孝褉邪薪蟹懈褌薪褘械袙懈写褘袧邪褔邪谢芯袣芯薪械褑,袪械谐懈褋褌褉袧邪泻芯锌谢械薪懈褟.褍锌_袩褉芯褔懈械袧邪褔懈褋谢械薪懈褟,褍锌_袩褉芯褔懈械袧邪褔懈褋谢械薪懈褟,褍锌_袩褉芯褔懈械袧邪褔懈褋谢械薪懈褟.袧芯屑械褉小褔械褌邪 = 袙孝_孝褉邪薪蟹懈褌薪褘械袙懈写褘袧邪褔邪谢芯袣芯薪械褑.袩械薪褋懈芯薪薪褘泄小褔械褌
92,效邪褋褌褜_3,LEFT JOIN,袙孝_孝褉邪薪蟹懈褌薪褘械袙懈写褘袧邪褔邪谢芯袣芯薪械褑,袙孝_孝褉邪薪蟹懈褌薪褘械袙懈写褘袧邪褔邪谢芯袣芯薪械褑,袪械谐懈褋褌褉袧邪泻芯锌谢械薪懈褟.褍锌_袩褉芯褔懈械袧邪褔懈褋谢械薪懈褟,褍锌_袩褉芯褔懈械袧邪褔懈褋谢械薪懈褟,褍锌_袩褉芯褔懈械袧邪褔懈褋谢械薪懈褟.袧芯屑械褉小褔械褌邪 = 袙孝_孝褉邪薪蟹懈褌薪褘械袙懈写褘袧邪褔邪谢芯袣芯薪械褑.袩械薪褋懈芯薪薪褘泄小褔械褌
93,效邪褋褌褜_4,LEFT JOIN,袙孝_孝褉邪薪蟹懈褌薪褘械袙懈写褘袧邪褔邪谢芯袣芯薪械褑,袙孝_孝褉邪薪蟹懈褌薪褘械袙懈写褘袧邪褔邪谢芯袣芯薪械褑,袪械谐懈褋褌褉袧邪泻芯锌谢械薪懈褟.褍锌_袨褌胁械褉谐薪褍褌褘械袩谢邪褌械卸懈袩械薪褋懈泄袧袩袨,褍锌_袨褌胁械褉谐薪褍褌褘械袩谢邪褌械卸懈袩械薪褋懈泄袧袩袨,褍锌_袨褌胁械褉谐薪褍褌褘械袩谢邪褌械卸懈袩械薪褋懈泄袧袩袨.袧芯屑械褉小褔械褌邪 = 袙孝_孝褉邪薪蟹懈褌薪褘械袙懈写褘袧邪褔邪谢芯袣芯薪械褑.袩械薪褋懈芯薪薪褘泄小褔械褌
94,效邪褋褌褜_5,LEFT JOIN,袙孝_孝褉邪薪蟹懈褌薪褘械袙懈写褘袧邪褔邪谢芯袣芯薪械褑,袙孝_孝褉邪薪蟹懈褌薪褘械袙懈写褘袧邪褔邪谢芯袣芯薪械褑,袪械谐懈褋褌褉袧邪泻芯锌谢械薪懈褟.褍锌_袨褌胁械褉谐薪褍褌褘械袩谢邪褌械卸懈袩褉芯褔懈械袧邪褔懈褋谢械薪懈褟袧袩袨,褍锌_袨褌胁械褉谐薪褍褌褘械袩谢邪褌械卸懈袩褉芯褔懈械袧邪褔懈褋谢械薪懈褟袧袩袨,褍锌_袨褌胁械褉谐薪褍褌褘械袩谢邪褌械卸懈袩褉芯褔懈械袧邪褔懈褋谢械薪懈褟袧袩袨.袧芯屑械褉小褔械褌邪 = 袙孝_孝褉邪薪蟹懈褌薪褘械袙懈写褘袧邪褔邪谢芯袣芯薪械褑.袩械薪褋懈芯薪薪褘泄小褔械褌
96,袙孝_袩械褉械屑械褖械薪懈褟袙小褌褉邪褏芯胁芯泄袪械蟹械褉胁孝褉邪薪蟹懈褌薪褘械袙懈写褘,LEFT JOIN,袙孝_孝褉邪薪蟹懈褌薪褘械袙懈写褘袧邪褔邪谢芯袣芯薪械褑,袙孝_孝褉邪薪蟹懈褌薪褘械袙懈写褘袧邪褔邪谢芯袣芯薪械褑,袪械谐懈褋褌褉袧邪泻芯锌谢械薪懈褟.褍锌_袪械蟹械褉胁褘,褍锌_袪械蟹械褉胁褘,(褍锌_袪械蟹械褉胁褘.袧芯屑械褉小褔械褌邪 = 袙孝_孝褉邪薪蟹懈褌薪褘械袙懈写褘袧邪褔邪谢芯袣芯薪械褑.袩械薪褋懈芯薪薪褘泄小褔械褌)
98,袙孝_袩械褉械胁芯写褘袠蟹袪械谐懈褋褌褉芯胁_袪械蟹械褉胁褘孝褉邪薪蟹懈褌薪褘械袙懈写褘,LEFT JOIN,袙孝_孝褉邪薪蟹懈褌薪褘械袙懈写褘袧邪褔邪谢芯袣芯薪械褑,袙孝_孝褉邪薪蟹懈褌薪褘械袙懈写褘袧邪褔邪谢芯袣芯薪械褑,袪械谐懈褋褌褉袧邪泻芯锌谢械薪懈褟.褍锌_袪械蟹械褉胁褘,袪械蟹械褉胁褘,(袪械蟹械褉胁褘.袧芯屑械褉小褔械褌邪 = 袙孝_孝褉邪薪蟹懈褌薪褘械袙懈写褘袧邪褔邪谢芯袣芯薪械褑.袩械薪褋懈芯薪薪褘泄小褔械褌)
98,袙孝_袩械褉械胁芯写褘袠蟹袪械谐懈褋褌褉芯胁_袪械蟹械褉胁褘孝褉邪薪蟹懈褌薪褘械袙懈写褘,INNER JOIN,袙孝_孝褉邪薪蟹懈褌薪褘械袙懈写褘袧邪褔邪谢芯袣芯薪械褑,袙孝_孝褉邪薪蟹懈褌薪褘械袙懈写褘袧邪褔邪谢芯袣芯薪械褑,袙孝_袩械褉械胁芯写褘袠蟹袪械谐懈褋褌褉芯胁_袙懈写褘袛胁懈卸械薪懈泄,袙孝_袩械褉械胁芯写褘袠蟹袪械谐懈褋褌褉芯胁_袙懈写褘袛胁懈卸械薪懈泄,袪械蟹械褉胁褘.袙懈写袛胁懈卸械薪懈褟袝袩小 = 袙孝_袩械褉械胁芯写褘袠蟹袪械谐懈褋褌褉芯胁_袙懈写褘袛胁懈卸械薪懈泄.小褋褘谢泻邪
98,袙孝_袩械褉械胁芯写褘袠蟹袪械谐懈褋褌褉芯胁_袪械蟹械褉胁褘孝褉邪薪蟹懈褌薪褘械袙懈写褘,INNER JOIN,袙孝_孝褉邪薪蟹懈褌薪褘械袙懈写褘袧邪褔邪谢芯袣芯薪械褑,袙孝_孝褉邪薪蟹懈褌薪褘械袙懈写褘袧邪褔邪谢芯袣芯薪械褑,袙孝_袩械褉械胁芯写褘袠蟹袪械谐懈褋褌褉芯胁_袙懈写褘袛胁懈卸械薪懈泄_袙袪械蟹械褉胁褘,袙孝_袩械褉械胁芯写褘袠蟹袪械谐懈褋褌褉芯胁_袙懈写褘袛胁懈卸械薪懈泄_袙袪械蟹械褉胁褘,袪械蟹械褉胁褘.袙懈写袛胁懈卸械薪懈褟袝袩小 = 袙孝_袩械褉械胁芯写褘袠蟹袪械谐懈褋褌褉芯胁_袙懈写褘袛胁懈卸械薪懈泄_袙袪械蟹械褉胁褘.小褋褘谢泻邪
99,效邪褋褌褜_1,LEFT JOIN,袙孝_孝褉邪薪蟹懈褌薪褘械袙懈写褘袧邪褔邪谢芯袣芯薪械褑,袙孝_孝褉邪薪蟹懈褌薪褘械袙懈写褘袧邪褔邪谢芯袣芯薪械褑,袪械谐懈褋褌褉袧邪泻芯锌谢械薪懈褟.褍锌_袪械蟹械褉胁褘,袪械蟹械褉胁褘,(袪械蟹械褉胁褘.袧芯屑械褉小褔械褌邪 = 袙孝_孝褉邪薪蟹懈褌薪褘械袙懈写褘袧邪褔邪谢芯袣芯薪械褑.袩械薪褋懈芯薪薪褘泄小褔械褌)
99,效邪褋褌褜_1,INNER JOIN,袙孝_孝褉邪薪蟹懈褌薪褘械袙懈写褘袧邪褔邪谢芯袣芯薪械褑,袙孝_孝褉邪薪蟹懈褌薪褘械袙懈写褘袧邪褔邪谢芯袣芯薪械褑,袙孝_袩械褉械胁芯写褘袠蟹袪械谐懈褋褌褉芯胁_袙懈写褘袛胁懈卸械薪懈泄,袙孝_袩械褉械胁芯写褘袠蟹袪械谐懈褋褌褉芯胁_袙懈写褘袛胁懈卸械薪懈泄,袪械蟹械褉胁褘.袙懈写袛胁懈卸械薪懈褟袝袩小 = 袙孝_袩械褉械胁芯写褘袠蟹袪械谐懈褋褌褉芯胁_袙懈写褘袛胁懈卸械薪懈泄.小褋褘谢泻邪
100,效邪褋褌褜_2,INNER JOIN,袙孝_孝褉邪薪蟹懈褌薪褘械袙懈写褘袧邪褔邪谢芯袣芯薪械褑,袙孝_孝褉邪薪蟹懈褌薪褘械袙懈写褘袧邪褔邪谢芯袣芯薪械褑,袙孝_袩械褉械胁芯写褘袠蟹袪械谐懈褋褌褉芯胁_袙懈写褘袛胁懈卸械薪懈泄_袙袪械蟹械褉胁褘,袙孝_袩械褉械胁芯写褘袠蟹袪械谐懈褋褌褉芯胁_袙懈写褘袛胁懈卸械薪懈泄_袙袪械蟹械褉胁褘,袪械蟹械褉胁褘.袙懈写袛胁懈卸械薪懈褟袝袩小 = 袙孝_袩械褉械胁芯写褘袠蟹袪械谐懈褋褌褉芯胁_袙懈写褘袛胁懈卸械薪懈泄_袙袪械蟹械褉胁褘.小褋褘谢泻邪
105,袙孝_袨褋褌邪褌泻懈孝褉邪薪蟹懈褌薪褘械袙懈写褘_袩褉械写胁,LEFT JOIN,袙孝_孝褉邪薪蟹懈褌薪褘械袙懈写褘袧邪褔邪谢芯袣芯薪械褑,袙孝_孝褉邪薪蟹懈褌薪褘械袙懈写褘袧邪褔邪谢芯袣芯薪械褑,袙孝_小褍屑屑褘_袩袪_孝褉邪薪蟹懈褌薪褘械袙懈写褘,袙孝_小褍屑屑褘_袩袪_孝褉邪薪蟹懈褌薪褘械袙懈写褘,(袙孝_孝褉邪薪蟹懈褌薪褘械袙懈写褘袧邪褔邪谢芯袣芯薪械褑.袩械薪褋懈芯薪薪褘泄小褔械褌 = 袙孝_小褍屑屑褘_袩袪_孝褉邪薪蟹懈褌薪褘械袙懈写褘.袩械薪褋懈芯薪薪褘泄小褔械褌
105,袙孝_袨褋褌邪褌泻懈孝褉邪薪蟹懈褌薪褘械袙懈写褘_袩褉械写胁,LEFT JOIN,袙孝_孝褉邪薪蟹懈褌薪褘械袙懈写褘袧邪褔邪谢芯袣芯薪械褑,袙孝_孝褉邪薪蟹懈褌薪褘械袙懈写褘袧邪褔邪谢芯袣芯薪械褑,袙孝_袙褘锌谢邪褌褘孝褉邪薪蟹懈褌薪褘械袙懈写褘,袙孝_袙褘锌谢邪褌褘孝褉邪薪蟹懈褌薪褘械袙懈写褘,(袙孝_孝褉邪薪蟹懈褌薪褘械袙懈写褘袧邪褔邪谢芯袣芯薪械褑.袩械薪褋懈芯薪薪褘泄小褔械褌 = 袙孝_袙褘锌谢邪褌褘孝褉邪薪蟹懈褌薪褘械袙懈写褘.袩械薪褋懈芯薪薪褘泄小褔械褌
105,袙孝_袨褋褌邪褌泻懈孝褉邪薪蟹懈褌薪褘械袙懈写褘_袩褉械写胁,LEFT JOIN,袙孝_孝褉邪薪蟹懈褌薪褘械袙懈写褘袧邪褔邪谢芯袣芯薪械褑,袙孝_孝褉邪薪蟹懈褌薪褘械袙懈写褘袧邪褔邪谢芯袣芯薪械褑,袙孝_袩械褉械胁芯写褘孝褉邪薪蟹懈褌薪褘械袙懈写褘,袙孝_袩械褉械胁芯写褘孝褉邪薪蟹懈褌薪褘械袙懈写褘,(袙孝_孝褉邪薪蟹懈褌薪褘械袙懈写褘袧邪褔邪谢芯袣芯薪械褑.袩械薪褋懈芯薪薪褘泄小褔械褌 = 袙孝_袩械褉械胁芯写褘孝褉邪薪蟹懈褌薪褘械袙懈写褘.袩械薪褋懈芯薪薪褘泄小褔械褌
107,袙孝_孝褉邪薪蟹懈褌薪褘械袙懈写褘_袚褉褍锌锌褘小褔械褌芯胁,LEFT JOIN,袪械谐懈褋褌褉小胁械写械薪懈泄.袠肖袪小17_袚褉褍锌锌褘小褔械褌芯胁袧袩袨,袠肖袪小17_袚褉褍锌锌褘小褔械褌芯胁袧袩袨,袪械谐懈褋褌褉小胁械写械薪懈泄.袠肖袪小17_袚褉褍锌锌褘小褔械褌芯胁袧袩袨,袠肖袪小17_袚褉褍锌锌褘小褔械褌芯胁袧袩袨,袙孝_孝褉邪薪蟹懈褌薪褘械袙懈写褘袧邪褔邪谢芯袣芯薪械褑.袩械薪褋懈芯薪薪褘泄小褔械褌 = 袠肖袪小17_袚褉褍锌锌褘小褔械褌芯胁袧袩袨.袧芯屑械褉小褔械褌邪
107,袙孝_孝褉邪薪蟹懈褌薪褘械袙懈写褘_袚褉褍锌锌褘小褔械褌芯胁,LEFT JOIN,袪械谐懈褋褌褉小胁械写械薪懈泄.袠肖袪小17_袚褉褍锌锌褘小褔械褌芯胁袧袩袨,袠肖袪小17_袚褉褍锌锌褘小褔械褌芯胁袧袩袨,小锌褉邪胁芯褔薪懈泻.袠肖袪小17_袩芯褉褌褎械谢褜袛芯谐芯胁芯褉芯胁袧袩袨,袠肖袪小17_袩芯褉褌褎械谢褜袛芯谐芯胁芯褉芯胁袧袩袨,(袠肖袪小17_袩邪褉邪屑械褌褉褘袚褉褍锌锌褘袛芯谐芯胁芯褉芯胁袧袩袨.袩芯褉褌褎械谢褜袛芯谐芯胁芯褉芯胁袧袩袨 = 袠肖袪小17_袩芯褉褌褎械谢褜袛芯谐芯胁芯褉芯胁袧袩袨.小褋褘谢泻邪)
109,袙孝_孝褉邪薪蟹懈褌薪褘械袙懈写褘_孝懈锌褘袛芯谐芯胁芯褉芯胁袝袩小,LEFT JOIN,袪械谐懈褋褌褉小胁械写械薪懈泄.褍锌_孝懈锌褘袩械薪褋懈芯薪薪褘褏小褔械褌芯胁袛谢褟袝袩小,褍锌_孝懈锌褘袩械薪褋懈芯薪薪褘褏小褔械褌芯胁袛谢褟袝袩小,袪械谐懈褋褌褉小胁械写械薪懈泄.褍锌_孝懈锌褘袩械薪褋懈芯薪薪褘褏小褔械褌芯胁袛谢褟袝袩小,褍锌_孝懈锌褘袩械薪褋懈芯薪薪褘褏小褔械褌芯胁袛谢褟袝袩小,袙孝_孝褉邪薪蟹懈褌薪褘械袙懈写褘袧邪褔邪谢芯袣芯薪械褑.袩械薪褋懈芯薪薪褘泄小褔械褌 = 褍锌_孝懈锌褘袩械薪褋懈芯薪薪褘褏小褔械褌芯胁袛谢褟袝袩小.袧芯屑械褉小褔械褌邪
111,袙孝_孝褉邪薪蟹懈褌薪褘械袙懈写褘_袛邪褌褘肖懈泻褋邪褑懈懈,LEFT JOIN,袪械谐懈褋褌褉小胁械写械薪懈泄.褍锌_袛邪褌邪肖懈泻褋邪褑懈懈袨斜褟蟹邪褌械谢褜褋褌胁袧袩袨,褍锌_袛邪褌邪肖懈泻褋邪褑懈懈袨斜褟蟹邪褌械谢褜褋褌胁袧袩袨,袪械谐懈褋褌褉小胁械写械薪懈泄.褍锌_袛邪褌邪肖懈泻褋邪褑懈懈袨斜褟蟹邪褌械谢褜褋褌胁袧袩袨,褍锌_袛邪褌邪肖懈泻褋邪褑懈懈袨斜褟蟹邪褌械谢褜褋褌胁袧袩袨,袙孝_孝褉邪薪蟹懈褌薪褘械袙懈写褘袧邪褔邪谢芯袣芯薪械褑.袩械薪褋懈芯薪薪褘泄小褔械褌 = 褍锌_袛邪褌邪肖懈泻褋邪褑懈懈袨斜褟蟹邪褌械谢褜褋褌胁袧袩袨.袧芯屑械褉小褔械褌邪
113,袙孝_孝褉邪薪蟹懈褌薪褘械袙懈写褘_袩械褉懈芯写褘袚邪褉邪薪褌袙芯褋锌芯谢薪械薪懈褟,LEFT JOIN,袪械谐懈褋褌褉小胁械写械薪懈泄.褍锌_袩械褉懈芯写褘袚邪褉邪薪褌懈泄薪芯谐芯袙芯褋锌芯谢薪械薪懈褟袧袩袨,褍锌_袩械褉懈芯写褘袚邪褉邪薪褌懈泄薪芯谐芯袙芯褋锌芯谢薪械薪懈褟袧袩袨,袪械谐懈褋褌褉小胁械写械薪懈泄.褍锌_袩械褉懈芯写褘袚邪褉邪薪褌懈泄薪芯谐芯袙芯褋锌芯谢薪械薪懈褟袧袩袨,褍锌_袩械褉懈芯写褘袚邪褉邪薪褌懈泄薪芯谐芯袙芯褋锌芯谢薪械薪懈褟袧袩袨,袙孝_孝褉邪薪蟹懈褌薪褘械袙懈写褘袧邪褔邪谢芯袣芯薪械褑.袩械薪褋懈芯薪薪褘泄小褔械褌 = 褍锌_袩械褉懈芯写褘袚邪褉邪薪褌懈泄薪芯谐芯袙芯褋锌芯谢薪械薪懈褟袧袩袨.袧芯屑械褉小褔械褌邪
115,袙孝_袩械薪褋懈芯薪薪褘械小褔械褌邪_小胁芯泄褋褌胁邪_孝褉邪薪蟹懈褌薪褘械袨斜褟蟹邪褌械谢褜褋褌胁邪,LEFT JOIN,袙孝_孝褉邪薪蟹懈褌薪褘械袙懈写褘袧邪褔邪谢芯袣芯薪械褑,袙孝_孝褉邪薪蟹懈褌薪褘械袙懈写褘袧邪褔邪谢芯袣芯薪械褑,袙孝_孝褉邪薪蟹懈褌薪褘械袙懈写褘_袩械褉懈芯写褘袚邪褉邪薪褌袙芯褋锌芯谢薪械薪懈褟,袙孝_孝褉邪薪蟹懈褌薪褘械袙懈写褘_袩械褉懈芯写褘袚邪褉邪薪褌袙芯褋锌芯谢薪械薪懈褟,袙孝_孝褉邪薪蟹懈褌薪褘械袙懈写褘袧邪褔邪谢芯袣芯薪械褑.袩械薪褋懈芯薪薪褘泄小褔械褌 = 袙孝_孝褉邪薪蟹懈褌薪褘械袙懈写褘_袩械褉懈芯写褘袚邪褉邪薪褌袙芯褋锌芯谢薪械薪懈褟.袩械薪褋懈芯薪薪褘泄小褔械褌
115,袙孝_袩械薪褋懈芯薪薪褘械小褔械褌邪_小胁芯泄褋褌胁邪_孝褉邪薪蟹懈褌薪褘械袨斜褟蟹邪褌械谢褜褋褌胁邪,LEFT JOIN,袙孝_孝褉邪薪蟹懈褌薪褘械袙懈写褘袧邪褔邪谢芯袣芯薪械褑,袙孝_孝褉邪薪蟹懈褌薪褘械袙懈写褘袧邪褔邪谢芯袣芯薪械褑,袙孝_孝褉邪薪蟹懈褌薪褘械袙懈写褘_袛邪褌褘肖懈泻褋邪褑懈懈,袙孝_孝褉邪薪蟹懈褌薪褘械袙懈写褘_袛邪褌褘肖懈泻褋邪褑懈懈,袙孝_孝褉邪薪蟹懈褌薪褘械袙懈写褘袧邪褔邪谢芯袣芯薪械褑.袩械薪褋懈芯薪薪褘泄小褔械褌 = 袙孝_孝褉邪薪蟹懈褌薪褘械袙懈写褘_袛邪褌褘肖懈泻褋邪褑懈懈.袩械薪褋懈芯薪薪褘泄小褔械褌
115,袙孝_袩械薪褋懈芯薪薪褘械小褔械褌邪_小胁芯泄褋褌胁邪_孝褉邪薪蟹懈褌薪褘械袨斜褟蟹邪褌械谢褜褋褌胁邪,LEFT JOIN,袙孝_孝褉邪薪蟹懈褌薪褘械袙懈写褘袧邪褔邪谢芯袣芯薪械褑,袙孝_孝褉邪薪蟹懈褌薪褘械袙懈写褘袧邪褔邪谢芯袣芯薪械褑,袙孝_孝褉邪薪蟹懈褌薪褘械袙懈写褘_袚褉褍锌锌褘小褔械褌芯胁,袙孝_孝褉邪薪蟹懈褌薪褘械袙懈写褘_袚褉褍锌锌褘小褔械褌芯胁,袙孝_孝褉邪薪蟹懈褌薪褘械袙懈写褘袧邪褔邪谢芯袣芯薪械褑.袩械薪褋懈芯薪薪褘泄小褔械褌 = 袙孝_孝褉邪薪蟹懈褌薪褘械袙懈写褘_袚褉褍锌锌褘小褔械褌芯胁.袩械薪褋懈芯薪薪褘泄小褔械褌
115,袙孝_袩械薪褋懈芯薪薪褘械小褔械褌邪_小胁芯泄褋褌胁邪_孝褉邪薪蟹懈褌薪褘械袨斜褟蟹邪褌械谢褜褋褌胁邪,INNER JOIN,袙孝_孝褉邪薪蟹懈褌薪褘械袙懈写褘袧邪褔邪谢芯袣芯薪械褑,袙孝_孝褉邪薪蟹懈褌薪褘械袙懈写褘袧邪褔邪谢芯袣芯薪械褑,袙孝_袩械薪褋懈芯薪薪褘械小褔械褌邪,袙孝_袩械薪褋懈芯薪薪褘械小褔械褌邪,袙孝_孝褉邪薪蟹懈褌薪褘械袙懈写褘袧邪褔邪谢芯袣芯薪械褑.袩械薪褋懈芯薪薪褘泄小褔械褌 = 袙孝_袩械薪褋懈芯薪薪褘械小褔械褌邪.袩械薪褋懈芯薪薪褘泄小褔械褌
115,袙孝_袩械薪褋懈芯薪薪褘械小褔械褌邪_小胁芯泄褋褌胁邪_孝褉邪薪蟹懈褌薪褘械袨斜褟蟹邪褌械谢褜褋褌胁邪,INNER JOIN,袙孝_孝褉邪薪蟹懈褌薪褘械袙懈写褘袧邪褔邪谢芯袣芯薪械褑,袙孝_孝褉邪薪蟹懈褌薪褘械袙懈写褘袧邪褔邪谢芯袣芯薪械褑,小锌褉邪胁芯褔薪懈泻.褍锌_袩械薪褋懈芯薪薪褘械小褔械褌邪,褍锌_袩械薪褋懈芯薪薪褘械小褔械褌邪,袙孝_袩械薪褋懈芯薪薪褘械小褔械褌邪.袩械薪褋懈芯薪薪褘泄小褔械褌 = 褍锌_袩械薪褋懈芯薪薪褘械小褔械褌邪.小褋褘谢泻邪
115,袙孝_袩械薪褋懈芯薪薪褘械小褔械褌邪_小胁芯泄褋褌胁邪_孝褉邪薪蟹懈褌薪褘械袨斜褟蟹邪褌械谢褜褋褌胁邪,LEFT JOIN,袙孝_孝褉邪薪蟹懈褌薪褘械袙懈写褘袧邪褔邪谢芯袣芯薪械褑,袙孝_孝褉邪薪蟹懈褌薪褘械袙懈写褘袧邪褔邪谢芯袣芯薪械褑,袙孝_袩褉懈褔懈薪褘袟邪泻褉褘褌懈褟,袙孝_袩褉懈褔懈薪褘袟邪泻褉褘褌懈褟,袙孝_袩械薪褋懈芯薪薪褘械小褔械褌邪.袩械薪褋懈芯薪薪褘泄小褔械褌 = 袙孝_袩褉懈褔懈薪褘袟邪泻褉褘褌懈褟.袩械薪褋懈芯薪薪褘泄小褔械褌
115,袙孝_袩械薪褋懈芯薪薪褘械小褔械褌邪_小胁芯泄褋褌胁邪_孝褉邪薪蟹懈褌薪褘械袨斜褟蟹邪褌械谢褜褋褌胁邪,LEFT JOIN,袙孝_孝褉邪薪蟹懈褌薪褘械袙懈写褘袧邪褔邪谢芯袣芯薪械褑,袙孝_孝褉邪薪蟹懈褌薪褘械袙懈写褘袧邪褔邪谢芯袣芯薪械褑,袙孝_袙懈写褘袩械薪褋懈芯薪薪褘褏小褔械褌芯胁,袙孝_袙懈写褘袩械薪褋懈芯薪薪褘褏小褔械褌芯胁,袙孝_袩械薪褋懈芯薪薪褘械小褔械褌邪.袩械薪褋懈芯薪薪褘泄小褔械褌 = 袙孝_袙懈写褘袩械薪褋懈芯薪薪褘褏小褔械褌芯胁.袩械薪褋懈芯薪薪褘泄小褔械褌
115,袙孝_袩械薪褋懈芯薪薪褘械小褔械褌邪_小胁芯泄褋褌胁邪_孝褉邪薪蟹懈褌薪褘械袨斜褟蟹邪褌械谢褜褋褌胁邪,LEFT JOIN,袙孝_孝褉邪薪蟹懈褌薪褘械袙懈写褘袧邪褔邪谢芯袣芯薪械褑,袙孝_孝褉邪薪蟹懈褌薪褘械袙懈写褘袧邪褔邪谢芯袣芯薪械褑,袙孝_袩械薪褋懈芯薪薪褘械小褔械褌邪袪袩袙,袙孝_袩械薪褋懈芯薪薪褘械小褔械褌邪袪袩袙,袙孝_袩械薪褋懈芯薪薪褘械小褔械褌邪.袩械薪褋懈芯薪薪褘泄小褔械褌 = 袙孝_袩械薪褋懈芯薪薪褘械小褔械褌邪袪袩袙.袩械薪褋懈芯薪薪褘泄小褔械褌
116,袙孝_袩械薪褋懈芯薪薪褘械小褔械褌邪小袩孝,INNER JOIN,袙孝_袩械薪褋懈芯薪薪褘械小褔械褌邪,袙孝_袩械薪褋懈芯薪薪褘械小褔械褌邪,小锌褉邪胁芯褔薪懈泻.褍锌_袩械薪褋懈芯薪薪褘械小褔械褌邪,褍锌_袩械薪褋懈芯薪薪褘械小褔械褌邪,袙孝_袩械薪褋懈芯薪薪褘械小褔械褌邪.袩械薪褋懈芯薪薪褘泄小褔械褌 = 褍锌_袩械薪褋懈芯薪薪褘械小褔械褌邪.小褋褘谢泻邪
116,袙孝_袩械薪褋懈芯薪薪褘械小褔械褌邪小袩孝,LEFT JOIN,袙孝_袩械薪褋懈芯薪薪褘械小褔械褌邪,袙孝_袩械薪褋懈芯薪薪褘械小褔械褌邪,小锌褉邪胁芯褔薪懈泻.褍锌_楔邪斜谢芯薪褘袛芯谐芯胁芯褉芯胁,褍锌_楔邪斜谢芯薪褘袛芯谐芯胁芯褉芯胁,(褍锌_袩邪褉邪屑械褌褉褘袩械薪褋懈芯薪薪芯谐芯袛芯谐芯胁芯褉邪小褉械蟹袩芯褋谢械写薪懈褏.楔邪斜谢芯薪袛芯谐芯胁芯褉邪 = 褍锌_楔邪斜谢芯薪褘袛芯谐芯胁芯褉芯胁.小褋褘谢泻邪)
117,袙孝_袩械薪褋懈芯薪薪褘械小褔械褌邪_小胁芯泄褋褌胁邪,INNER JOIN,袙孝_袩械薪褋懈芯薪薪褘械小褔械褌邪,袙孝_袩械薪褋懈芯薪薪褘械小褔械褌邪,小锌褉邪胁芯褔薪懈泻.褍锌_袩械薪褋懈芯薪薪褘械小褔械褌邪,褍锌_袩械薪褋懈芯薪薪褘械小褔械褌邪,袙孝_袩械薪褋懈芯薪薪褘械小褔械褌邪.袩械薪褋懈芯薪薪褘泄小褔械褌 = 褍锌_袩械薪褋懈芯薪薪褘械小褔械褌邪.小褋褘谢泻邪
117,袙孝_袩械薪褋懈芯薪薪褘械小褔械褌邪_小胁芯泄褋褌胁邪,LEFT JOIN,袙孝_袩械薪褋懈芯薪薪褘械小褔械褌邪,袙孝_袩械薪褋懈芯薪薪褘械小褔械褌邪,袙孝_袩褉懈褔懈薪褘袟邪泻褉褘褌懈褟,袙孝_袩褉懈褔懈薪褘袟邪泻褉褘褌懈褟,袙孝_袩械薪褋懈芯薪薪褘械小褔械褌邪.袩械薪褋懈芯薪薪褘泄小褔械褌 = 袙孝_袩褉懈褔懈薪褘袟邪泻褉褘褌懈褟.袩械薪褋懈芯薪薪褘泄小褔械褌
117,袙孝_袩械薪褋懈芯薪薪褘械小褔械褌邪_小胁芯泄褋褌胁邪,LEFT JOIN,袙孝_袩械薪褋懈芯薪薪褘械小褔械褌邪,袙孝_袩械薪褋懈芯薪薪褘械小褔械褌邪,袙孝_袙懈写褘袩械薪褋懈芯薪薪褘褏小褔械褌芯胁,袙孝_袙懈写褘袩械薪褋懈芯薪薪褘褏小褔械褌芯胁,袙孝_袩械薪褋懈芯薪薪褘械小褔械褌邪.袩械薪褋懈芯薪薪褘泄小褔械褌 = 袙孝_袙懈写褘袩械薪褋懈芯薪薪褘褏小褔械褌芯胁.袩械薪褋懈芯薪薪褘泄小褔械褌
117,袙孝_袩械薪褋懈芯薪薪褘械小褔械褌邪_小胁芯泄褋褌胁邪,LEFT JOIN,袙孝_袩械薪褋懈芯薪薪褘械小褔械褌邪,袙孝_袩械薪褋懈芯薪薪褘械小褔械褌邪,袙孝_袩械薪褋懈芯薪薪褘械小褔械褌邪袪袩袙,袙孝_袩械薪褋懈芯薪薪褘械小褔械褌邪袪袩袙,袙孝_袩械薪褋懈芯薪薪褘械小褔械褌邪.袩械薪褋懈芯薪薪褘泄小褔械褌 = 袙孝_袩械薪褋懈芯薪薪褘械小褔械褌邪袪袩袙.袩械薪褋懈芯薪薪褘泄小褔械褌
117,袙孝_袩械薪褋懈芯薪薪褘械小褔械褌邪_小胁芯泄褋褌胁邪,LEFT JOIN,袙孝_袩械薪褋懈芯薪薪褘械小褔械褌邪,袙孝_袩械薪褋懈芯薪薪褘械小褔械褌邪,袙孝_袩械薪褋懈芯薪薪褘械小褔械褌邪小袩孝,袙孝_袩械薪褋懈芯薪薪褘械小褔械褌邪小袩孝,袙孝_袩械薪褋懈芯薪薪褘械小褔械褌邪.袩械薪褋懈芯薪薪褘泄小褔械褌 = 袙孝_袩械薪褋懈芯薪薪褘械小褔械褌邪小袩孝.袩械薪褋懈芯薪薪褘泄小褔械褌
117,袙孝_袩械薪褋懈芯薪薪褘械小褔械褌邪_小胁芯泄褋褌胁邪,LEFT JOIN,袙孝_袩械薪褋懈芯薪薪褘械小褔械褌邪,袙孝_袩械薪褋懈芯薪薪褘械小褔械褌邪,小锌褉邪胁芯褔薪懈泻.袠肖袪小17_袩芯褉褌褎械谢褜袛芯谐芯胁芯褉芯胁袧袩袨,袠肖袪小17_袩芯褉褌褎械谢褜袛芯谐芯胁芯褉芯胁袧袩袨,(袠肖袪小17_袩邪褉邪屑械褌褉褘袚褉褍锌锌褘袛芯谐芯胁芯褉芯胁袧袩袨.袩芯褉褌褎械谢褜袛芯谐芯胁芯褉芯胁袧袩袨 = 袠肖袪小17_袩芯褉褌褎械谢褜袛芯谐芯胁芯褉芯胁袧袩袨.小褋褘谢泻邪)
132,袙孝_袩械薪褋懈芯薪薪褘械袛芯谐芯胁芯褉褘_小胁芯泄褋褌胁邪,LEFT JOIN,袙孝_袩械薪褋懈芯薪薪褘械袛芯谐芯胁芯褉褘,袙孝_袩械薪褋懈芯薪薪褘械袛芯谐芯胁芯褉褘,小锌褉邪胁芯褔薪懈泻.褍锌_袩械薪褋懈芯薪薪褘械袛芯谐芯胁芯褉褘,褍锌_袩械薪褋懈芯薪薪褘械袛芯谐芯胁芯褉褘,袙孝_袩械薪褋懈芯薪薪褘械袛芯谐芯胁芯褉褘.袩械薪褋懈芯薪薪褘泄袛芯谐芯胁芯褉 = 褍锌_袩械薪褋懈芯薪薪褘械袛芯谐芯胁芯褉褘.小褋褘谢泻邪
132,袙孝_袩械薪褋懈芯薪薪褘械袛芯谐芯胁芯褉褘_小胁芯泄褋褌胁邪,LEFT JOIN,袙孝_袩械薪褋懈芯薪薪褘械袛芯谐芯胁芯褉褘,袙孝_袩械薪褋懈芯薪薪褘械袛芯谐芯胁芯褉褘,袙孝_袩邪褉邪屑械褌褉褘袩械薪褋懈芯薪薪褘褏袛芯谐芯胁芯褉芯胁,袙孝_袩邪褉邪屑械褌褉褘袩械薪褋懈芯薪薪褘褏袛芯谐芯胁芯褉芯胁,袙孝_袩械薪褋懈芯薪薪褘械袛芯谐芯胁芯褉褘.袩械薪褋懈芯薪薪褘泄袛芯谐芯胁芯褉 = 袙孝_袩邪褉邪屑械褌褉褘袩械薪褋懈芯薪薪褘褏袛芯谐芯胁芯褉芯胁.袩械薪褋懈芯薪薪褘泄袛芯谐芯胁芯褉
132,袙孝_袩械薪褋懈芯薪薪褘械袛芯谐芯胁芯褉褘_小胁芯泄褋褌胁邪,LEFT JOIN,袙孝_袩械薪褋懈芯薪薪褘械袛芯谐芯胁芯褉褘,袙孝_袩械薪褋懈芯薪薪褘械袛芯谐芯胁芯褉褘,小锌褉邪胁芯褔薪懈泻.袠肖袪小17_袩芯褉褌褎械谢褜袛芯谐芯胁芯褉芯胁袧袩袨,袠肖袪小17_袩芯褉褌褎械谢褜袛芯谐芯胁芯褉芯胁袧袩袨,(袠肖袪小17_袩邪褉邪屑械褌褉褘袚褉褍锌锌褘袛芯谐芯胁芯褉芯胁袧袩袨.袩芯褉褌褎械谢褜袛芯谐芯胁芯褉芯胁袧袩袨 = 袠肖袪小17_袩芯褉褌褎械谢褜袛芯谐芯胁芯褉芯胁袧袩袨.小褋褘谢泻邪)
134,袙孝_小褏械屑褘袩械薪褋懈芯薪薪褘褏小褔械褌芯胁,LEFT JOIN,袪械谐懈褋褌褉小胁械写械薪懈泄.褍锌_小褏械屑邪小褔械褌邪.小褉械蟹袩芯褋谢械写薪懈褏,袪械谐懈褋褌褉小胁械写械薪懈泄.褍锌_小褏械屑邪小褔械褌邪.小褉械蟹袩芯褋谢械写薪懈褏,袙孝_袩械薪褋懈芯薪薪褘械袛芯谐芯胁芯褉褘_小胁芯泄褋褌胁邪,袙孝_袩械薪褋懈芯薪薪褘械袛芯谐芯胁芯褉褘_小胁芯泄褋褌胁邪,褍锌_小褏械屑邪小褔械褌邪.袧芯屑械褉小褔械褌邪.袙谢邪写械谢械褑 = 袙孝_袩械薪褋懈芯薪薪褘械袛芯谐芯胁芯褉褘_小胁芯泄褋褌胁邪.袩械薪褋懈芯薪薪褘泄袛芯谐芯胁芯褉
134,袙孝_小褏械屑褘袩械薪褋懈芯薪薪褘褏小褔械褌芯胁,LEFT JOIN,袪械谐懈褋褌褉小胁械写械薪懈泄.褍锌_小褏械屑邪小褔械褌邪.小褉械蟹袩芯褋谢械写薪懈褏,袪械谐懈褋褌褉小胁械写械薪懈泄.褍锌_小褏械屑邪小褔械褌邪.小褉械蟹袩芯褋谢械写薪懈褏,袙孝_小芯褋褌芯褟薪懈褟袩械薪褋懈芯薪薪褘褏小褔械褌芯胁,袙孝_小芯褋褌芯褟薪懈褟袩械薪褋懈芯薪薪褘褏小褔械褌芯胁,褍锌_小褏械屑邪小褔械褌邪.袧芯屑械褉小褔械褌邪 = 袙孝_小芯褋褌芯褟薪懈褟袩械薪褋懈芯薪薪褘褏小褔械褌芯胁.袩械薪褋懈芯薪薪褘泄小褔械褌
134,袙孝_小褏械屑褘袩械薪褋懈芯薪薪褘褏小褔械褌芯胁,LEFT JOIN,袪械谐懈褋褌褉小胁械写械薪懈泄.褍锌_小褏械屑邪小褔械褌邪.小褉械蟹袩芯褋谢械写薪懈褏,袪械谐懈褋褌褉小胁械写械薪懈泄.褍锌_小褏械屑邪小褔械褌邪.小褉械蟹袩芯褋谢械写薪懈褏,袙孝_袩褉懈褔懈薪褘袟邪泻褉褘褌懈褟,袙孝_袩褉懈褔懈薪褘袟邪泻褉褘褌懈褟,褍锌_小褏械屑邪小褔械褌邪.袧芯屑械褉小褔械褌邪 =  袙孝_袩褉懈褔懈薪褘袟邪泻褉褘褌懈褟.袩械薪褋懈芯薪薪褘泄小褔械褌
137,袙孝_小褏械屑褘_小胁芯泄褋褌胁邪,LEFT JOIN,袙孝_袩械薪褋懈芯薪薪褘械小褏械屑褘,袙孝_袩械薪褋懈芯薪薪褘械小褏械屑褘,小锌褉邪胁芯褔薪懈泻.褍锌_袩械薪褋懈芯薪薪褘械小褏械屑褘,褍锌_袩械薪褋懈芯薪薪褘械小褏械屑褘,袙孝_袩械薪褋懈芯薪薪褘械小褏械屑褘.小褏械屑邪 = 褍锌_袩械薪褋懈芯薪薪褘械小褏械屑褘.小褋褘谢泻邪
138,袙孝_小褏械屑褘袩械薪褋懈芯薪薪褘褏小褔械褌芯胁_孝褉邪薪蟹懈褌薪褘械袨斜褟蟹邪褌械谢褜褋褌胁邪,LEFT JOIN,袪械谐懈褋褌褉小胁械写械薪懈泄.褍锌_小褏械屑邪小褔械褌邪,褍锌_小褏械屑邪小褔械褌邪,袪械谐懈褋褌褉小胁械写械薪懈泄.褍锌_小褏械屑邪小褔械褌邪,褍锌_小褏械屑邪小褔械褌邪,袙孝_孝褉邪薪蟹懈褌薪褘械袙懈写褘袧邪褔邪谢芯袣芯薪械褑.袩械薪褋懈芯薪薪褘泄小褔械褌 = 褍锌_小褏械屑邪小褔械褌邪.袧芯屑械褉小褔械褌邪
138,袙孝_小褏械屑褘袩械薪褋懈芯薪薪褘褏小褔械褌芯胁_孝褉邪薪蟹懈褌薪褘械袨斜褟蟹邪褌械谢褜褋褌胁邪,LEFT JOIN,袪械谐懈褋褌褉小胁械写械薪懈泄.褍锌_小褏械屑邪小褔械褌邪,褍锌_小褏械屑邪小褔械褌邪,袙孝_袩械薪褋懈芯薪薪褘械袛芯谐芯胁芯褉褘_小胁芯泄褋褌胁邪,袙孝_袩械薪褋懈芯薪薪褘械袛芯谐芯胁芯褉褘_小胁芯泄褋褌胁邪,褍锌_小褏械屑邪小褔械褌邪.袧芯屑械褉小褔械褌邪.袙谢邪写械谢械褑 = 袙孝_袩械薪褋懈芯薪薪褘械袛芯谐芯胁芯褉褘_小胁芯泄褋褌胁邪.袩械薪褋懈芯薪薪褘泄袛芯谐芯胁芯褉
138,袙孝_小褏械屑褘袩械薪褋懈芯薪薪褘褏小褔械褌芯胁_孝褉邪薪蟹懈褌薪褘械袨斜褟蟹邪褌械谢褜褋褌胁邪,LEFT JOIN,袪械谐懈褋褌褉小胁械写械薪懈泄.褍锌_小褏械屑邪小褔械褌邪,褍锌_小褏械屑邪小褔械褌邪,袙孝_小芯褋褌芯褟薪懈褟袩械薪褋懈芯薪薪褘褏小褔械褌芯胁,袙孝_小芯褋褌芯褟薪懈褟袩械薪褋懈芯薪薪褘褏小褔械褌芯胁,褍锌_小褏械屑邪小褔械褌邪.袧芯屑械褉小褔械褌邪 = 袙孝_小芯褋褌芯褟薪懈褟袩械薪褋懈芯薪薪褘褏小褔械褌芯胁.袩械薪褋懈芯薪薪褘泄小褔械褌
138,袙孝_小褏械屑褘袩械薪褋懈芯薪薪褘褏小褔械褌芯胁_孝褉邪薪蟹懈褌薪褘械袨斜褟蟹邪褌械谢褜褋褌胁邪,LEFT JOIN,袪械谐懈褋褌褉小胁械写械薪懈泄.褍锌_小褏械屑邪小褔械褌邪,褍锌_小褏械屑邪小褔械褌邪,袙孝_袩褉懈褔懈薪褘袟邪泻褉褘褌懈褟,袙孝_袩褉懈褔懈薪褘袟邪泻褉褘褌懈褟,褍锌_小褏械屑邪小褔械褌邪.袧芯屑械褉小褔械褌邪 =  袙孝_袩褉懈褔懈薪褘袟邪泻褉褘褌懈褟.袩械薪褋懈芯薪薪褘泄小褔械褌
147,袙孝_袛邪薪薪褘械袣芯薪褌褉邪谐械薪褌芯胁,INNER JOIN,袙孝_袙泻谢邪写褔懈泻懈校褔邪褋褌薪懈泻懈,袙孝_袣芯薪褌褉邪谐械薪褌褘264,小锌褉邪胁芯褔薪懈泻.袣芯薪褌褉邪谐械薪褌褘,袣芯薪褌褉邪谐械薪褌褘,(袣芯薪褌褉邪谐械薪褌褘.小褋褘谢泻邪 = 袙孝_袣芯薪褌褉邪谐械薪褌褘264.袣芯薪褌褉邪谐械薪褌)
148,效邪褋褌褜_1,INNER JOIN,袙孝_袙泻谢邪写褔懈泻懈校褔邪褋褌薪懈泻懈,袙孝_袣芯薪褌褉邪谐械薪褌褘264,小锌褉邪胁芯褔薪懈泻.袣芯薪褌褉邪谐械薪褌褘,袣芯薪褌褉邪谐械薪褌褘,(袣芯薪褌褉邪谐械薪褌褘.小褋褘谢泻邪 = 袙孝_袣芯薪褌褉邪谐械薪褌褘264.袣芯薪褌褉邪谐械薪褌)
152,袙孝_肖袠袨_袠袩,INNER JOIN,袪械谐懈褋褌褉小胁械写械薪懈泄.械锌褋_袛芯锌芯谢薪懈褌械谢褜薪褘械小胁械写械薪懈褟.小褉械蟹袩芯褋谢械写薪懈褏,袪械谐懈褋褌褉小胁械写械薪懈泄.械锌褋_袛芯锌芯谢薪懈褌械谢褜薪褘械小胁械写械薪懈褟.小褉械蟹袩芯褋谢械写薪懈褏,袙孝_袛邪薪薪褘械袣芯薪褌褉邪谐械薪褌芯胁,袛邪薪薪褘械袣芯薪褌褉邪谐械薪褌芯胁,(袛邪薪薪褘械袣芯薪褌褉邪谐械薪褌芯胁.袣芯薪褌褉邪谐械薪褌 = 小胁械写械薪懈褟袠袩.袨斜褗械泻褌)
153,袙孝_袩邪褋锌芯褉褌薪褘械袛邪薪薪褘械_袩芯褋谢械写薪褟褟袟邪锌懈褋褜,INNER JOIN,袪械谐懈褋褌褉小胁械写械薪懈泄.袛芯泻褍屑械薪褌褘肖懈蟹懈褔械褋泻懈褏袥懈褑,袛芯泻褍屑械薪褌褘肖懈蟹懈褔械褋泻懈褏袥懈褑,袙孝_袛邪薪薪褘械袣芯薪褌褉邪谐械薪褌芯胁,袙孝_肖懈蟹懈褔械褋泻懈械袥懈褑邪_袛谢褟袩邪褋锌芯褉褌芯胁,袛芯泻褍屑械薪褌褘肖懈蟹懈褔械褋泻懈褏袥懈褑.肖懈蟹谢懈褑芯 = 袙孝_肖懈蟹懈褔械褋泻懈械袥懈褑邪_袛谢褟袩邪褋锌芯褉褌芯胁.肖懈蟹懈褔械褋泻芯械袥懈褑芯
155,袙孝_袩邪褋锌芯褉褌薪褘械袛邪薪薪褘械_1,INNER JOIN,袪械谐懈褋褌褉小胁械写械薪懈泄.袛芯泻褍屑械薪褌褘肖懈蟹懈褔械褋泻懈褏袥懈褑,袛芯泻褍屑械薪褌褘肖懈蟹懈褔械褋泻懈褏袥懈褑,袙孝_袩邪褋锌芯褉褌薪褘械袛邪薪薪褘械_袩芯褋谢械写薪褟褟袟邪锌懈褋褜,袙孝_袩邪褋锌芯褉褌薪褘械袛邪薪薪褘械_袩芯褋谢械写薪褟褟袟邪锌懈褋褜,袛芯泻褍屑械薪褌褘肖懈蟹懈褔械褋泻懈褏袥懈褑.袩械褉懈芯写 = 袙孝_袩邪褋锌芯褉褌薪褘械袛邪薪薪褘械_袩芯褋谢械写薪褟褟袟邪锌懈褋褜.袩械褉懈芯写
159,袙孝_袛邪薪薪褘械_泻,LEFT JOIN,袙孝_袛邪薪薪褘械袣芯薪褌褉邪谐械薪褌芯胁,袙孝_写邪薪薪褘械,袙孝_袩邪褋锌芯褉褌薪褘械袛邪薪薪褘械,袙孝_袩邪褋锌芯褉褌薪褘械袛邪薪薪褘械,袙孝_写邪薪薪褘械.肖懈蟹懈褔械褋泻芯械袥懈褑芯 = 袙孝_袩邪褋锌芯褉褌薪褘械袛邪薪薪褘械.肖懈蟹谢懈褑芯
159,袙孝_袛邪薪薪褘械_泻,LEFT JOIN,袙孝_袛邪薪薪褘械袣芯薪褌褉邪谐械薪褌芯胁,袙孝_写邪薪薪褘械,袙孝_肖袠袨_肖袥,肖袠袨_肖袥,袙孝_写邪薪薪褘械.肖懈蟹懈褔械褋泻芯械袥懈褑芯 = 肖袠袨_肖袥.肖懈蟹袥懈褑芯
159,袙孝_袛邪薪薪褘械_泻,LEFT JOIN,袙孝_袛邪薪薪褘械袣芯薪褌褉邪谐械薪褌芯胁,袙孝_写邪薪薪褘械,袙孝_肖袠袨_袠袩,肖袠袨_袠袩,袙孝_写邪薪薪褘械.袣芯薪褌褉邪谐械薪褌 = 肖袠袨_袠袩.袣芯薪褌褉邪谐械薪褌
164,袙孝_肖懈蟹懈褔械褋泻懈械袥懈褑邪_小胁芯泄褋褌胁邪,LEFT JOIN,袙孝_肖懈蟹懈褔械褋泻懈械袥懈褑邪,袙孝_肖懈蟹懈褔械褋泻懈械袥懈褑邪,小锌褉邪胁芯褔薪懈泻.肖懈蟹懈褔械褋泻懈械袥懈褑邪,肖懈蟹懈褔械褋泻懈械袥懈褑邪,袙孝_肖懈蟹懈褔械褋泻懈械袥懈褑邪.肖懈蟹懈褔械褋泻芯械袥懈褑芯 = 肖懈蟹懈褔械褋泻懈械袥懈褑邪.小褋褘谢泻邪
168,袙孝_袠写械薪褌懈褎懈泻邪褌芯褉褘袣芯薪褌褉邪谐械薪褌芯胁_小褌邪褉褘械,LEFT JOIN,袙孝_袙泻谢邪写褔懈泻懈,袙孝_袙泻谢邪写褔懈泻懈,袙孝_袩邪褋锌芯褉褌薪褘械袛邪薪薪褘械,袙孝_袩邪褋锌芯褉褌薪褘械袛邪薪薪褘械,袙孝_肖懈蟹懈褔械褋泻懈械袥懈褑邪.肖懈蟹懈褔械褋泻芯械袥懈褑芯 = 袙孝_袩邪褋锌芯褉褌薪褘械袛邪薪薪褘械.肖懈蟹谢懈褑芯
168,袙孝_袠写械薪褌懈褎懈泻邪褌芯褉褘袣芯薪褌褉邪谐械薪褌芯胁_小褌邪褉褘械,INNER JOIN,袙孝_袙泻谢邪写褔懈泻懈,袙孝_袙泻谢邪写褔懈泻懈,袙孝_肖懈蟹懈褔械褋泻懈械袥懈褑邪_小胁芯泄褋褌胁邪,袙孝_肖懈蟹懈褔械褋泻懈械袥懈褑邪_小胁芯泄褋褌胁邪,袙孝_肖懈蟹懈褔械褋泻懈械袥懈褑邪.肖懈蟹懈褔械褋泻芯械袥懈褑芯 = 袙孝_肖懈蟹懈褔械褋泻懈械袥懈褑邪_小胁芯泄褋褌胁邪.肖懈蟹懈褔械褋泻芯械袥懈褑芯
168,袙孝_袠写械薪褌懈褎懈泻邪褌芯褉褘袣芯薪褌褉邪谐械薪褌芯胁_小褌邪褉褘械,LEFT JOIN,袙孝_袙泻谢邪写褔懈泻懈,袙孝_袙泻谢邪写褔懈泻懈,袙孝_袚褉邪卸写邪薪褋褌胁芯肖懈蟹懈褔械褋泻懈褏袥懈褑,袙孝_袚褉邪卸写邪薪褋褌胁芯肖懈蟹懈褔械褋泻懈褏袥懈褑,袙孝_肖懈蟹懈褔械褋泻懈械袥懈褑邪.肖懈蟹懈褔械褋泻芯械袥懈褑芯 = 袙孝_袚褉邪卸写邪薪褋褌胁芯肖懈蟹懈褔械褋泻懈褏袥懈褑.肖懈蟹懈褔械褋泻芯械袥懈褑芯
170,效邪褋褌褜_2,LEFT JOIN,袙孝_肖懈蟹懈褔械褋泻懈械袥懈褑邪,袙孝_肖懈蟹懈褔械褋泻懈械袥懈褑邪,袙孝_袩邪褋锌芯褉褌薪褘械袛邪薪薪褘械,袙孝_袩邪褋锌芯褉褌薪褘械袛邪薪薪褘械,袙孝_肖懈蟹懈褔械褋泻懈械袥懈褑邪.肖懈蟹懈褔械褋泻芯械袥懈褑芯 = 袙孝_袩邪褋锌芯褉褌薪褘械袛邪薪薪褘械.肖懈蟹谢懈褑芯
170,效邪褋褌褜_2,INNER JOIN,袙孝_肖懈蟹懈褔械褋泻懈械袥懈褑邪,袙孝_肖懈蟹懈褔械褋泻懈械袥懈褑邪,袙孝_肖懈蟹懈褔械褋泻懈械袥懈褑邪_小胁芯泄褋褌胁邪,袙孝_肖懈蟹懈褔械褋泻懈械袥懈褑邪_小胁芯泄褋褌胁邪,袙孝_肖懈蟹懈褔械褋泻懈械袥懈褑邪.肖懈蟹懈褔械褋泻芯械袥懈褑芯 = 袙孝_肖懈蟹懈褔械褋泻懈械袥懈褑邪_小胁芯泄褋褌胁邪.肖懈蟹懈褔械褋泻芯械袥懈褑芯
170,效邪褋褌褜_2,LEFT JOIN,袙孝_肖懈蟹懈褔械褋泻懈械袥懈褑邪,袙孝_肖懈蟹懈褔械褋泻懈械袥懈褑邪,袙孝_袚褉邪卸写邪薪褋褌胁芯肖懈蟹懈褔械褋泻懈褏袥懈褑,袙孝_袚褉邪卸写邪薪褋褌胁芯肖懈蟹懈褔械褋泻懈褏袥懈褑,袙孝_肖懈蟹懈褔械褋泻懈械袥懈褑邪.肖懈蟹懈褔械褋泻芯械袥懈褑芯 = 袙孝_袚褉邪卸写邪薪褋褌胁芯肖懈蟹懈褔械褋泻懈褏袥懈褑.肖懈蟹懈褔械褋泻芯械袥懈褑芯
171,袙孝_袣芯褉褉械泻褌懈褉芯胁泻懈,INNER JOIN,袪械谐懈褋褌褉袧邪泻芯锌谢械薪懈褟.褍锌_袪械蟹械褉胁褘袧袩袨袧械褉邪褋锌褉械写械谢械薪薪褘械袩谢邪褌械卸懈,袠褋褌芯褔薪懈泻袛邪薪薪褘褏,袙孝_袩械薪褋懈芯薪薪褘械小褔械褌邪,袙孝_袩械薪褋懈芯薪薪褘械小褔械褌邪,袠褋褌芯褔薪懈泻袛邪薪薪褘褏.袧芯屑械褉小褔械褌邪 = 袙孝_袩械薪褋懈芯薪薪褘械小褔械褌邪.袩械薪褋懈芯薪薪褘泄小褔械褌
195,袙孝_小褍屑屑褘_袩袪_写谢褟袙小,LEFT JOIN,袙孝_小褍屑屑褘_袩袪,袙孝_小褍屑屑褘_袩袪,袙孝_小褏械屑褘袩械薪褋懈芯薪薪褘褏小褔械褌芯胁,袙孝_小褏械屑褘袩械薪褋懈芯薪薪褘褏小褔械褌芯胁,袙孝_小褍屑屑褘_袩袪.袩械薪褋懈芯薪薪褘泄小褔械褌 = 袙孝_小褏械屑褘袩械薪褋懈芯薪薪褘褏小褔械褌芯胁.袧芯屑械褉小褔械褌邪
195,袙孝_小褍屑屑褘_袩袪_写谢褟袙小,LEFT JOIN,袙孝_小褍屑屑褘_袩袪,袙孝_小褍屑屑褘_袩袪,袙孝_小褏械屑褘_小胁芯泄褋褌胁邪,袙孝_小褏械屑褘_小胁芯泄褋褌胁邪,袙孝_小褏械屑褘袩械薪褋懈芯薪薪褘褏小褔械褌芯胁.小褏械屑邪 = 袙孝_小褏械屑褘_小胁芯泄褋褌胁邪.小褏械屑邪
196,袙孝_小褍屑屑褘袣芯褝褎褎懈褑懈械薪褌褘袙小_锌褉械写胁,LEFT JOIN,袙孝_小褍屑屑褘_袩袪_写谢褟袙小,袙孝_小褍屑屑褘_袩袪_写谢褟袙小,袙孝_袩械薪褋懈芯薪薪褘械袛芯谐芯胁芯褉褘_小胁芯泄褋褌胁邪,袙孝_袩械薪褋懈芯薪薪褘械袛芯谐芯胁芯褉褘_小胁芯泄褋褌胁邪,袙孝_小褍屑屑褘_袩袪_写谢褟袙小.袩械薪褋懈芯薪薪褘泄小褔械褌.袙谢邪写械谢械褑 = 袙孝_袩械薪褋懈芯薪薪褘械袛芯谐芯胁芯褉褘_小胁芯泄褋褌胁邪.袩械薪褋懈芯薪薪褘泄袛芯谐芯胁芯褉
211,袙孝_袪邪褋褔械褌薪褘械小褍屑屑褘袩袩,LEFT JOIN,袙孝_袪邪褋褔械褌薪褘械小褍屑屑褘袩袩_锌褉械写,袙孝_袪邪褋褔械褌薪褘械小褍屑屑褘袩袩_锌褉械写,袙孝_袨褋褌邪褌泻懈袧邪褋谢械写薪懈泻芯胁,袙孝_袨褋褌邪褌泻懈袧邪褋谢械写薪懈泻芯胁,袙孝_袪邪褋褔械褌薪褘械小褍屑屑褘袩袩_锌褉械写.袩械薪褋懈芯薪薪褘泄小褔械褌 = 袙孝_袨褋褌邪褌泻懈袧邪褋谢械写薪懈泻芯胁.袩械薪褋懈芯薪薪褘泄小褔械褌
212,袙孝_小褍屑屑褘_袩袪_小_袨斜褟蟹邪褌械谢褜褋褌胁邪屑懈,LEFT JOIN,袙孝_小褍屑屑褘_袩袪,袙孝_小褍屑屑褘_袩袪,袙孝_小芯褋褌芯褟薪懈褟袩械薪褋懈芯薪薪褘褏小褔械褌芯胁,袙孝_小芯褋褌芯褟薪懈褟袩械薪褋懈芯薪薪褘褏小褔械褌芯胁,袙孝_小褍屑屑褘_袩袪.袩械薪褋懈芯薪薪褘泄小褔械褌 = 袙孝_小芯褋褌芯褟薪懈褟袩械薪褋懈芯薪薪褘褏小褔械褌芯胁.袩械薪褋懈芯薪薪褘泄小褔械褌
212,袙孝_小褍屑屑褘_袩袪_小_袨斜褟蟹邪褌械谢褜褋褌胁邪屑懈,LEFT JOIN,袙孝_小褍屑屑褘_袩袪,袙孝_小褍屑屑褘_袩袪,袙孝_小褏械屑褘_小胁芯泄褋褌胁邪,袙孝_小褏械屑褘_小胁芯泄褋褌胁邪,袙孝_小褏械屑褘袩械薪褋懈芯薪薪褘褏小褔械褌芯胁.小褏械屑邪 = 袙孝_小褏械屑褘_小胁芯泄褋褌胁邪.小褏械屑邪
214,效邪褋褌褜_2,LEFT JOIN,袙孝_小褍屑屑褘_袩袪,袙孝_小褍屑屑褘_袩袪,袙孝_小芯褋褌芯褟薪懈褟袩械薪褋懈芯薪薪褘褏小褔械褌芯胁,袙孝_小芯褋褌芯褟薪懈褟袩械薪褋懈芯薪薪褘褏小褔械褌芯胁,袙孝_小褍屑屑褘_袩袪.袩械薪褋懈芯薪薪褘泄小褔械褌 = 袙孝_小芯褋褌芯褟薪懈褟袩械薪褋懈芯薪薪褘褏小褔械褌芯胁.袩械薪褋懈芯薪薪褘泄小褔械褌
214,效邪褋褌褜_2,LEFT JOIN,袙孝_小褍屑屑褘_袩袪,袙孝_小褍屑屑褘_袩袪,袙孝_小褏械屑褘_小胁芯泄褋褌胁邪,袙孝_小褏械屑褘_小胁芯泄褋褌胁邪,袙孝_小褏械屑褘袩械薪褋懈芯薪薪褘褏小褔械褌芯胁.小褏械屑邪 = 袙孝_小褏械屑褘_小胁芯泄褋褌胁邪.小褏械屑邪
217,袙孝_袧邪褔懈褋谢械薪懈褟袩械薪褋懈泄袩芯小褔械褌邪屑,INNER JOIN,袪械谐懈褋褌褉袧邪泻芯锌谢械薪懈褟.褍锌_袧邪褔懈褋谢械薪懈褟袩械薪褋懈泄,褍锌_袧邪褔懈褋谢械薪懈褟袩械薪褋懈泄,袙孝_袩械薪褋懈芯薪薪褘械小褔械褌邪_小胁芯泄褋褌胁邪,袙孝_袩械薪褋懈芯薪薪褘械小褔械褌邪_小胁芯泄褋褌胁邪,褍锌_袧邪褔懈褋谢械薪懈褟袩械薪褋懈泄.袧芯屑械褉小褔械褌邪 = 袙孝_袩械薪褋懈芯薪薪褘械小褔械褌邪_小胁芯泄褋褌胁邪.袩械薪褋懈芯薪薪褘泄小褔械褌
217,袙孝_袧邪褔懈褋谢械薪懈褟袩械薪褋懈泄袩芯小褔械褌邪屑,INNER JOIN,袪械谐懈褋褌褉袧邪泻芯锌谢械薪懈褟.褍锌_袧邪褔懈褋谢械薪懈褟袩械薪褋懈泄,褍锌_袧邪褔懈褋谢械薪懈褟袩械薪褋懈泄,袙孝_袩械薪褋懈芯薪薪褘械小褔械褌邪_小胁芯泄褋褌胁邪,袙孝_袩械薪褋懈芯薪薪褘械小褔械褌邪_小胁芯泄褋褌胁邪,褍锌_袪械蟹械褉胁褘.袧芯屑械褉小褔械褌邪 = 袙孝_袩械薪褋懈芯薪薪褘械小褔械褌邪_小胁芯泄褋褌胁邪.袩械薪褋懈芯薪薪褘泄小褔械褌
219,袪械谐懈褋褌褉褘,INNER JOIN,袪械谐懈褋褌褉袧邪泻芯锌谢械薪懈褟.褍锌_袧邪褔懈褋谢械薪懈褟袩械薪褋懈泄,褍锌_袧邪褔懈褋谢械薪懈褟袩械薪褋懈泄,袙孝_袩械薪褋懈芯薪薪褘械小褔械褌邪_小胁芯泄褋褌胁邪,袙孝_袩械薪褋懈芯薪薪褘械小褔械褌邪_小胁芯泄褋褌胁邪,褍锌_袧邪褔懈褋谢械薪懈褟袩械薪褋懈泄.袧芯屑械褉小褔械褌邪 = 袙孝_袩械薪褋懈芯薪薪褘械小褔械褌邪_小胁芯泄褋褌胁邪.袩械薪褋懈芯薪薪褘泄小褔械褌
219,袪械谐懈褋褌褉褘,INNER JOIN,袪械谐懈褋褌褉袧邪泻芯锌谢械薪懈褟.褍锌_袧邪褔懈褋谢械薪懈褟袩械薪褋懈泄,褍锌_袧邪褔懈褋谢械薪懈褟袩械薪褋懈泄,袙孝_袩械薪褋懈芯薪薪褘械小褔械褌邪_小胁芯泄褋褌胁邪,袙孝_袩械薪褋懈芯薪薪褘械小褔械褌邪_小胁芯泄褋褌胁邪,褍锌_袪械蟹械褉胁褘.袧芯屑械褉小褔械褌邪 = 袙孝_袩械薪褋懈芯薪薪褘械小褔械褌邪_小胁芯泄褋褌胁邪.袩械薪褋懈芯薪薪褘泄小褔械褌
220,效邪褋褌褜_1,INNER JOIN,袪械谐懈褋褌褉袧邪泻芯锌谢械薪懈褟.褍锌_袧邪褔懈褋谢械薪懈褟袩械薪褋懈泄,褍锌_袧邪褔懈褋谢械薪懈褟袩械薪褋懈泄,袙孝_袩械薪褋懈芯薪薪褘械小褔械褌邪_小胁芯泄褋褌胁邪,袙孝_袩械薪褋懈芯薪薪褘械小褔械褌邪_小胁芯泄褋褌胁邪,褍锌_袧邪褔懈褋谢械薪懈褟袩械薪褋懈泄.袧芯屑械褉小褔械褌邪 = 袙孝_袩械薪褋懈芯薪薪褘械小褔械褌邪_小胁芯泄褋褌胁邪.袩械薪褋懈芯薪薪褘泄小褔械褌
221,效邪褋褌褜_2,INNER JOIN,袪械谐懈褋褌褉袧邪泻芯锌谢械薪懈褟.褍锌_袪械蟹械褉胁褘,褍锌_袪械蟹械褉胁褘,袙孝_袩械薪褋懈芯薪薪褘械小褔械褌邪_小胁芯泄褋褌胁邪,袙孝_袩械薪褋懈芯薪薪褘械小褔械褌邪_小胁芯泄褋褌胁邪,褍锌_袪械蟹械褉胁褘.袧芯屑械褉小褔械褌邪 = 袙孝_袩械薪褋懈芯薪薪褘械小褔械褌邪_小胁芯泄褋褌胁邪.袩械薪褋懈芯薪薪褘泄小褔械褌
222,袙孝_袪械谐懈褋褌褉邪褌芯褉褘袧邪褔懈褋谢械薪懈泄小芯谢懈写邪褉薪褘褏小褔械褌芯胁,INNER JOIN,袙孝_袧邪褔懈褋谢械薪懈褟袩械薪褋懈泄袩芯小褔械褌邪屑,袙孝_袧邪褔懈褋谢械薪懈褟袩械薪褋懈泄袩芯小褔械褌邪屑,袙孝_袩械薪褋懈芯薪薪褘械小褔械褌邪_小胁芯泄褋褌胁邪,袙孝_袩械薪褋懈芯薪薪褘械小褔械褌邪_小胁芯泄褋褌胁邪,袙孝_袧邪褔懈褋谢械薪懈褟袩械薪褋懈泄袩芯小褔械褌邪屑.袧芯屑械褉小褔械褌邪 = 袙孝_袩械薪褋懈芯薪薪褘械小褔械褌邪_小胁芯泄褋褌胁邪.袩械薪褋懈芯薪薪褘泄小褔械褌
229,袙孝_袩械褉械屑械褖械薪懈褟袙小褌褉邪褏芯胁芯泄袪械蟹械褉胁,INNER JOIN,袙孝_袩械薪褋懈芯薪薪褘械小褔械褌邪,袙孝_袩械薪褋懈芯薪薪褘械小褔械褌邪,袪械谐懈褋褌褉袧邪泻芯锌谢械薪懈褟.褍锌_袪械蟹械褉胁褘,褍锌_袪械蟹械褉胁褘,袙孝_袩械薪褋懈芯薪薪褘械小褔械褌邪.袩械薪褋懈芯薪薪褘泄小褔械褌 = 褍锌_袪械蟹械褉胁褘.袧芯屑械褉小褔械褌邪
231,袙孝_袙芯蟹胁褉邪褌褘袩械薪褋懈泄,INNER JOIN,袙孝_袩械薪褋懈芯薪薪褘械小褔械褌邪,袙孝_袩械薪褋懈芯薪薪褘械小褔械褌邪,袪械谐懈褋褌褉袧邪泻芯锌谢械薪懈褟.褍锌_袪械蟹械褉胁褘,褍锌_袪械蟹械褉胁褘,袙孝_袩械薪褋懈芯薪薪褘械小褔械褌邪.袩械薪褋懈芯薪薪褘泄小褔械褌 = 褍锌_袪械蟹械褉胁褘.袧芯屑械褉小褔械褌邪
233,袙孝_袩械褉械胁芯写褘袠蟹袪械谐懈褋褌褉芯胁_袪械蟹械褉胁褘,INNER JOIN,袪械谐懈褋褌褉袧邪泻芯锌谢械薪懈褟.褍锌_袪械蟹械褉胁褘,袪械蟹械褉胁褘,袙孝_袩械薪褋懈芯薪薪褘械小褔械褌邪,袙孝_袩械薪褋懈芯薪薪褘械小褔械褌邪,袪械蟹械褉胁褘.袧芯屑械褉小褔械褌邪 = 袙孝_袩械薪褋懈芯薪薪褘械小褔械褌邪.袩械薪褋懈芯薪薪褘泄小褔械褌
233,袙孝_袩械褉械胁芯写褘袠蟹袪械谐懈褋褌褉芯胁_袪械蟹械褉胁褘,INNER JOIN,袪械谐懈褋褌褉袧邪泻芯锌谢械薪懈褟.褍锌_袪械蟹械褉胁褘,袪械蟹械褉胁褘,袙孝_袩械褉械胁芯写褘袠蟹袪械谐懈褋褌褉芯胁_袙懈写褘袛胁懈卸械薪懈泄,袙孝_袩械褉械胁芯写褘袠蟹袪械谐懈褋褌褉芯胁_袙懈写褘袛胁懈卸械薪懈泄,袪械蟹械褉胁褘.袙懈写袛胁懈卸械薪懈褟袝袩小 = 袙孝_袩械褉械胁芯写褘袠蟹袪械谐懈褋褌褉芯胁_袙懈写褘袛胁懈卸械薪懈泄.小褋褘谢泻邪
233,袙孝_袩械褉械胁芯写褘袠蟹袪械谐懈褋褌褉芯胁_袪械蟹械褉胁褘,INNER JOIN,袪械谐懈褋褌褉袧邪泻芯锌谢械薪懈褟.褍锌_袪械蟹械褉胁褘,袪械蟹械褉胁褘,袙孝_袩械薪褋懈芯薪薪褘械小褔械褌邪,袙孝_袩械薪褋懈芯薪薪褘械小褔械褌邪,袪械蟹械褉胁褘.袧芯屑械褉小褔械褌邪 = 袙孝_袩械薪褋懈芯薪薪褘械小褔械褌邪.袩械薪褋懈芯薪薪褘泄小褔械褌
233,袙孝_袩械褉械胁芯写褘袠蟹袪械谐懈褋褌褉芯胁_袪械蟹械褉胁褘,INNER JOIN,袪械谐懈褋褌褉袧邪泻芯锌谢械薪懈褟.褍锌_袪械蟹械褉胁褘,袪械蟹械褉胁褘,袙孝_袩械褉械胁芯写褘袠蟹袪械谐懈褋褌褉芯胁_袙懈写褘袛胁懈卸械薪懈泄_袙袪械蟹械褉胁褘,袙孝_袩械褉械胁芯写褘袠蟹袪械谐懈褋褌褉芯胁_袙懈写褘袛胁懈卸械薪懈泄_袙袪械蟹械褉胁褘,袪械蟹械褉胁褘.袙懈写袛胁懈卸械薪懈褟袝袩小 = 袙孝_袩械褉械胁芯写褘袠蟹袪械谐懈褋褌褉芯胁_袙懈写褘袛胁懈卸械薪懈泄_袙袪械蟹械褉胁褘.小褋褘谢泻邪
234,效邪褋褌褜_1,INNER JOIN,袪械谐懈褋褌褉袧邪泻芯锌谢械薪懈褟.褍锌_袪械蟹械褉胁褘,袪械蟹械褉胁褘,袙孝_袩械薪褋懈芯薪薪褘械小褔械褌邪,袙孝_袩械薪褋懈芯薪薪褘械小褔械褌邪,袪械蟹械褉胁褘.袧芯屑械褉小褔械褌邪 = 袙孝_袩械薪褋懈芯薪薪褘械小褔械褌邪.袩械薪褋懈芯薪薪褘泄小褔械褌
234,效邪褋褌褜_1,INNER JOIN,袪械谐懈褋褌褉袧邪泻芯锌谢械薪懈褟.褍锌_袪械蟹械褉胁褘,袪械蟹械褉胁褘,袙孝_袩械褉械胁芯写褘袠蟹袪械谐懈褋褌褉芯胁_袙懈写褘袛胁懈卸械薪懈泄,袙孝_袩械褉械胁芯写褘袠蟹袪械谐懈褋褌褉芯胁_袙懈写褘袛胁懈卸械薪懈泄,袪械蟹械褉胁褘.袙懈写袛胁懈卸械薪懈褟袝袩小 = 袙孝_袩械褉械胁芯写褘袠蟹袪械谐懈褋褌褉芯胁_袙懈写褘袛胁懈卸械薪懈泄.小褋褘谢泻邪
235,效邪褋褌褜_2,INNER JOIN,袪械谐懈褋褌褉袧邪泻芯锌谢械薪懈褟.褍锌_袪械蟹械褉胁褘,袪械蟹械褉胁褘,袙孝_袩械薪褋懈芯薪薪褘械小褔械褌邪,袙孝_袩械薪褋懈芯薪薪褘械小褔械褌邪,袪械蟹械褉胁褘.袧芯屑械褉小褔械褌邪 = 袙孝_袩械薪褋懈芯薪薪褘械小褔械褌邪.袩械薪褋懈芯薪薪褘泄小褔械褌
235,效邪褋褌褜_2,INNER JOIN,袪械谐懈褋褌褉袧邪泻芯锌谢械薪懈褟.褍锌_袪械蟹械褉胁褘,袪械蟹械褉胁褘,袙孝_袩械褉械胁芯写褘袠蟹袪械谐懈褋褌褉芯胁_袙懈写褘袛胁懈卸械薪懈泄_袙袪械蟹械褉胁褘,袙孝_袩械褉械胁芯写褘袠蟹袪械谐懈褋褌褉芯胁_袙懈写褘袛胁懈卸械薪懈泄_袙袪械蟹械褉胁褘,袪械蟹械褉胁褘.袙懈写袛胁懈卸械薪懈褟袝袩小 = 袙孝_袩械褉械胁芯写褘袠蟹袪械谐懈褋褌褉芯胁_袙懈写褘袛胁懈卸械薪懈泄_袙袪械蟹械褉胁褘.小褋褘谢泻邪
241,袙孝_袩械褉械胁芯写褘袩袪,INNER JOIN,袙孝_袛胁懈卸械薪懈褟袩芯袛芯泻褍屑械薪褌邪屑,袙孝_袛胁懈卸械薪懈褟袩芯袛芯泻褍屑械薪褌邪屑,袛芯泻褍屑械薪褌.褍锌_袟邪泻褉褘褌懈械小褔械褌芯胁.袪邪褋锌褉械写械谢械薪懈械,袪邪褋锌褉械写械谢械薪懈械,袙孝_袛胁懈卸械薪懈褟袩芯袪械谐懈褋褌褉邪褌芯褉邪屑.袧芯屑械褉小褔械褌邪 = 袪邪褋锌褉械写械谢械薪懈械.袧芯屑械褉小褌褉芯泻懈
241,袙孝_袩械褉械胁芯写褘袩袪,INNER JOIN,袙孝_袛胁懈卸械薪懈褟袩芯袛芯泻褍屑械薪褌邪屑,袙孝_袛胁懈卸械薪懈褟袩芯袛芯泻褍屑械薪褌邪屑,袛芯泻褍屑械薪褌.褍锌_袟邪泻褉褘褌懈械袛芯谐芯胁芯褉邪袙袩芯谢褜蟹褍孝褉械褌褜懈褏袥懈褑.袪邪褋锌褉械写械谢械薪懈械,袪邪褋锌褉械写械谢械薪懈械,袙孝_袛胁懈卸械薪懈褟袩芯袪械谐懈褋褌褉邪褌芯褉邪屑.袧芯屑械褉小褔械褌邪 = 袪邪褋锌褉械写械谢械薪懈械.袧芯屑械褉小褌褉芯泻懈
242,袩芯写蟹邪锌褉芯褋,INNER JOIN,袙孝_袛胁懈卸械薪懈褟袩芯袪械谐懈褋褌褉邪褌芯褉邪屑,袙孝_袛胁懈卸械薪懈褟袩芯袪械谐懈褋褌褉邪褌芯褉邪屑,袛芯泻褍屑械薪褌.褍锌_袟邪泻褉褘褌懈械小褔械褌芯胁.袪邪褋锌褉械写械谢械薪懈械,袪邪褋锌褉械写械谢械薪懈械,袙孝_袛胁懈卸械薪懈褟袩芯袪械谐懈褋褌褉邪褌芯褉邪屑.袧芯屑械褉小褔械褌邪 = 袪邪褋锌褉械写械谢械薪懈械.袧芯屑械褉小褌褉芯泻懈
243,效邪褋褌褜_1,INNER JOIN,袙孝_袛胁懈卸械薪懈褟袩芯袪械谐懈褋褌褉邪褌芯褉邪屑,袙孝_袛胁懈卸械薪懈褟袩芯袪械谐懈褋褌褉邪褌芯褉邪屑,袛芯泻褍屑械薪褌.褍锌_袟邪泻褉褘褌懈械小褔械褌芯胁.袪邪褋锌褉械写械谢械薪懈械,袪邪褋锌褉械写械谢械薪懈械,袙孝_袛胁懈卸械薪懈褟袩芯袪械谐懈褋褌褉邪褌芯褉邪屑.袧芯屑械褉小褔械褌邪 = 袪邪褋锌褉械写械谢械薪懈械.袧芯屑械褉小褌褉芯泻懈
244,效邪褋褌褜_2,INNER JOIN,袙孝_袛胁懈卸械薪懈褟袩芯袪械谐懈褋褌褉邪褌芯褉邪屑,袙孝_袛胁懈卸械薪懈褟袩芯袪械谐懈褋褌褉邪褌芯褉邪屑,袛芯泻褍屑械薪褌.褍锌_袟邪泻褉褘褌懈械袛芯谐芯胁芯褉邪袙袩芯谢褜蟹褍孝褉械褌褜懈褏袥懈褑.袪邪褋锌褉械写械谢械薪懈械,袪邪褋锌褉械写械谢械薪懈械,袙孝_袛胁懈卸械薪懈褟袩芯袪械谐懈褋褌褉邪褌芯褉邪屑.袧芯屑械褉小褔械褌邪 = 袪邪褋锌褉械写械谢械薪懈械.袧芯屑械褉小褌褉芯泻懈
247,效邪褋褌褜_3,INNER JOIN,袙蝎袘袪袗孝鞋,袙蝎袘袪袗孝鞋,袛芯泻褍屑械薪褌.褍锌_袟邪泻褉褘褌懈械小褔械褌芯胁.袪邪褋锌褉械写械谢械薪懈械,袪邪褋锌褉械写械谢械薪懈械,袙孝_袛胁懈卸械薪懈褟袩芯袪械谐懈褋褌褉邪褌芯褉邪屑.袧芯屑械褉小褔械褌邪 = 袪邪褋锌褉械写械谢械薪懈械.袧芯屑械褉小褌褉芯泻懈
247,效邪褋褌褜_3,INNER JOIN,袙蝎袘袪袗孝鞋,袙蝎袘袪袗孝鞋,袛芯泻褍屑械薪褌.褍锌_袟邪泻褉褘褌懈械袛芯谐芯胁芯褉邪袙袩芯谢褜蟹褍孝褉械褌褜懈褏袥懈褑.袪邪褋锌褉械写械谢械薪懈械,袪邪褋锌褉械写械谢械薪懈械,袙孝_袛胁懈卸械薪懈褟袩芯袪械谐懈褋褌褉邪褌芯褉邪屑.袧芯屑械褉小褔械褌邪 = 袪邪褋锌褉械写械谢械薪懈械.袧芯屑械褉小褌褉芯泻懈
252,袙孝_小褌芯褉薪懈褉芯胁邪薪薪褘械小褍屑屑褘,INNER JOIN,袪械谐懈褋褌褉袧邪泻芯锌谢械薪懈褟.褍锌_袧邪褔懈褋谢械薪懈褟袩械薪褋懈泄,褍锌_袧邪褔懈褋谢械薪懈褟袩械薪褋懈泄,袙孝_袛芯泻褍屑械薪褌褘小褌芯褉薪芯,袙孝_袛芯泻褍屑械薪褌褘小褌芯褉薪芯,褍锌_袧邪褔懈褋谢械薪懈褟袩械薪褋懈泄.袪械谐懈褋褌褉邪褌芯褉 = 袙孝_袛芯泻褍屑械薪褌褘小褌芯褉薪芯.袛芯泻褍屑械薪褌小褌芯褉薪芯
252,袙孝_小褌芯褉薪懈褉芯胁邪薪薪褘械小褍屑屑褘,INNER JOIN,袪械谐懈褋褌褉袧邪泻芯锌谢械薪懈褟.褍锌_袧邪褔懈褋谢械薪懈褟袩械薪褋懈泄,褍锌_袧邪褔懈褋谢械薪懈褟袩械薪褋懈泄,袙孝_袛芯泻褍屑械薪褌褘小褌芯褉薪芯,袙孝_袛芯泻褍屑械薪褌褘小褌芯褉薪芯,褍锌_袧邪褔懈褋谢械薪懈褟袩械薪褋懈泄.袪械谐懈褋褌褉邪褌芯褉 = 袙孝_袛芯泻褍屑械薪褌褘小褌芯褉薪芯.袛芯泻褍屑械薪褌小褌芯褉薪芯
269,袙孝_袦袚袛,LEFT JOIN,袙孝_袩械薪褋懈芯薪薪褘械袛芯谐芯胁芯褉褘,袙孝_袩械薪褋懈芯薪薪褘械袛芯谐芯胁芯褉褘,袙孝_袦袚袛_袩袪,袙孝_袦袚袛_袩袪,袙孝_袩械薪褋懈芯薪薪褘械袛芯谐芯胁芯褉褘.袩械薪褋懈芯薪薪褘泄袛芯谐芯胁芯褉 = 袙孝_袦袚袛_袩袪.袩械薪褋懈芯薪薪褘泄袛芯谐芯胁芯褉
270,袙孝_校屑械褉褕懈械,INNER JOIN,袙孝_袩械薪褋懈芯薪薪褘械小褔械褌邪_小胁芯泄褋褌胁邪,袙孝_袩械薪褋懈芯薪薪褘械小褔械褌邪_小胁芯泄褋褌胁邪,袙孝_小芯褋褌芯褟薪懈褟袩械薪褋懈芯薪薪褘褏小褔械褌芯胁,袙孝_小芯褋褌芯褟薪懈褟袩械薪褋懈芯薪薪褘褏小褔械褌芯胁,袙孝_袩械薪褋懈芯薪薪褘械小褔械褌邪_小胁芯泄褋褌胁邪.袩械薪褋懈芯薪薪褘泄小褔械褌 = 袙孝_小芯褋褌芯褟薪懈褟袩械薪褋懈芯薪薪褘褏小褔械褌芯胁.袩械薪褋懈芯薪薪褘泄小褔械褌
275,袙孝_小褉芯褔薪懈泻懈,INNER JOIN,袙孝_小芯褋褌芯褟薪懈褟袩械薪褋懈芯薪薪褘褏小褔械褌芯胁,袙孝_小芯褋褌芯褟薪懈褟袩械薪褋懈芯薪薪褘褏小褔械褌芯胁,袙孝_小褏械屑褘_小胁芯泄褋褌胁邪,袙孝_小褏械屑褘_小胁芯泄褋褌胁邪,袙孝_小褏械屑褘袩械薪褋懈芯薪薪褘褏小褔械褌芯胁.小褏械屑邪 = 袙孝_小褏械屑褘_小胁芯泄褋褌胁邪.小褏械屑邪
283,袙孝_袨褋褌邪褌泻懈袙褘锌谢邪褌,LEFT JOIN,袙孝_袣芯谢懈褔械褋褌胁芯袙褘锌谢邪褌,袙孝_袣芯谢懈褔械褋褌胁芯袙褘锌谢邪褌,袙孝_袪邪褋褏芯写袙褘锌谢邪褌,袙孝_袪邪褋褏芯写袙褘锌谢邪褌,袙孝_袣芯谢懈褔械褋褌胁芯袙褘锌谢邪褌.袩械薪褋懈芯薪薪褘泄小褔械褌 = 袙孝_袪邪褋褏芯写袙褘锌谢邪褌.袩械薪褋懈芯薪薪褘泄小褔械褌
284,袙孝_袩芯褋谢械写薪懈械袙褘锌谢邪褌褘,INNER JOIN,袪械谐懈褋褌褉袧邪泻芯锌谢械薪懈褟.褍锌_小褔械褌褔懈泻袧邪褔懈褋谢械薪懈泄,褍锌_小褔械褌褔懈泻袧邪褔懈褋谢械薪懈泄,袙孝_袩械薪褋懈芯薪薪褘械小褔械褌邪,袙孝_袩械薪褋懈芯薪薪褘械小褔械褌邪,褍锌_小褔械褌褔懈泻袧邪褔懈褋谢械薪懈泄.袧芯屑械褉小褔械褌邪 = 袙孝_袩械薪褋懈芯薪薪褘械小褔械褌邪.袩械薪褋懈芯薪薪褘泄小褔械褌
290,袙孝_袪邪褋褔械褌薪褘械小褍屑屑褘袩械薪褋懈泄,INNER JOIN,袙孝_小褉芯褔薪懈泻懈,袙孝_小褉芯褔薪懈泻懈,袙孝_袨褋褌邪褌泻懈袙褘锌谢邪褌,袙孝_袨褋褌邪褌泻懈袙褘锌谢邪褌,袙孝_小褉芯褔薪懈泻懈.袩械薪褋懈芯薪薪褘泄小褔械褌 = 袙孝_袨褋褌邪褌泻懈袙褘锌谢邪褌.袩械薪褋懈芯薪薪褘泄小褔械褌
290,袙孝_袪邪褋褔械褌薪褘械小褍屑屑褘袩械薪褋懈泄,INNER JOIN,袙孝_小褉芯褔薪懈泻懈,袙孝_小褉芯褔薪懈泻懈,袙孝_小褍屑屑褘,袙孝_小褍屑屑褘,袙孝_小褉芯褔薪懈泻懈.袩械薪褋懈芯薪薪褘泄小褔械褌 = 袙孝_小褍屑屑褘.袩械薪褋懈芯薪薪褘泄小褔械褌
291,袙孝_袪邪蟹屑械褉袩械薪褋懈泄,INNER JOIN,袙孝_袙褘锌谢邪褌薪褘械小褔械褌邪,袙孝_袙褘锌谢邪褌薪褘械小褔械褌邪,袙孝_小褏械屑褘_小胁芯泄褋褌胁邪,袙孝_小褏械屑褘_小胁芯泄褋褌胁邪,袙孝_小褏械屑褘袩械薪褋懈芯薪薪褘褏小褔械褌芯胁.小褏械屑邪 = 袙孝_小褏械屑褘_小胁芯泄褋褌胁邪.小褏械屑邪
291,袙孝_袪邪蟹屑械褉袩械薪褋懈泄,LEFT JOIN,袙孝_袙褘锌谢邪褌薪褘械小褔械褌邪,袙孝_袙褘锌谢邪褌薪褘械小褔械褌邪,袙孝_袪邪蟹屑械褉袩械薪褋懈泄肖懈泻褋,袙孝_袪邪蟹屑械褉袩械薪褋懈泄,袙孝_袙褘锌谢邪褌薪褘械小褔械褌邪.袩械薪褋懈芯薪薪褘泄小褔械褌 = 袙孝_袪邪蟹屑械褉袩械薪褋懈泄.袩械薪褋懈芯薪薪褘泄小褔械褌
291,袙孝_袪邪蟹屑械褉袩械薪褋懈泄,LEFT JOIN,袙孝_袙褘锌谢邪褌薪褘械小褔械褌邪,袙孝_袙褘锌谢邪褌薪褘械小褔械褌邪,袙孝_袪邪褋褔械褌薪褘械小褍屑屑褘袩械薪褋懈泄,袙孝_袪邪褋褔械褌薪褘械小褍屑屑褘袩械薪褋懈泄,袙孝_袙褘锌谢邪褌薪褘械小褔械褌邪.袩械薪褋懈芯薪薪褘泄小褔械褌 = 袙孝_袪邪褋褔械褌薪褘械小褍屑屑褘袩械薪褋懈泄.袩械薪褋懈芯薪薪褘泄小褔械褌
292,袙孝_袛芯锌芯谢薪懈褌械谢褜薪芯袙褘泻褍锌薪邪褟袙泻写邪褔懈泻褍袧械褌小袩孝,INNER JOIN,袙孝_袩械薪褋懈芯薪薪褘械小褔械褌邪_小胁芯泄褋褌胁邪,袙孝_袩械薪褋懈芯薪薪褘械小褔械褌邪_小胁芯泄褋褌胁邪,袙孝_袧械孝褉邪薪蟹懈褌薪褘械袙懈写褘袧邪褔邪谢芯袣芯薪械褑,袙孝_袧械孝褉邪薪蟹懈褌薪褘械袙懈写褘袧邪褔邪谢芯袣芯薪械褑,袙孝_袩械薪褋懈芯薪薪褘械小褔械褌邪_小胁芯泄褋褌胁邪.袩械薪褋懈芯薪薪褘泄小褔械褌 = 袙孝_袧械孝褉邪薪蟹懈褌薪褘械袙懈写褘袧邪褔邪谢芯袣芯薪械褑.袩械薪褋懈芯薪薪褘泄小褔械褌
292,袙孝_袛芯锌芯谢薪懈褌械谢褜薪芯袙褘泻褍锌薪邪褟袙泻写邪褔懈泻褍袧械褌小袩孝,LEFT JOIN,袙孝_袩械薪褋懈芯薪薪褘械小褔械褌邪_小胁芯泄褋褌胁邪,袙孝_袩械薪褋懈芯薪薪褘械小褔械褌邪_小胁芯泄褋褌胁邪,袙孝_小褍屑屑褘,袙孝_小褍屑屑褘,袙孝_袩械薪褋懈芯薪薪褘械小褔械褌邪_小胁芯泄褋褌胁邪.袩械薪褋懈芯薪薪褘泄小褔械褌 = 袙孝_小褍屑屑褘.袩械薪褋懈芯薪薪褘泄小褔械褌
292,袙孝_袛芯锌芯谢薪懈褌械谢褜薪芯袙褘泻褍锌薪邪褟袙泻写邪褔懈泻褍袧械褌小袩孝,LEFT JOIN,袙孝_袩械薪褋懈芯薪薪褘械小褔械褌邪_小胁芯泄褋褌胁邪,袙孝_袩械薪褋懈芯薪薪褘械小褔械褌邪_小胁芯泄褋褌胁邪,袙孝_袪邪褋褔械褌薪邪褟袛邪褌邪袙小,袙孝_袪邪褋褔械褌薪邪褟袛邪褌邪袙小,袙孝_袩械薪褋懈芯薪薪褘械小褔械褌邪_小胁芯泄褋褌胁邪.袩械薪褋懈芯薪薪褘泄小褔械褌 = 袙孝_袪邪褋褔械褌薪邪褟袛邪褌邪袙小.袩械薪褋懈芯薪薪褘泄小褔械褌
293,袙孝_袪械蟹褍谢褜褌邪褌袩褉械写胁,INNER JOIN,袙孝_袩械薪褋懈芯薪薪褘械小褔械褌邪_小胁芯泄褋褌胁邪,袙孝_袩械薪褋懈芯薪薪褘械小褔械褌邪_小胁芯泄褋褌胁邪,袙孝_袧械孝褉邪薪蟹懈褌薪褘械袙懈写褘袧邪褔邪谢芯袣芯薪械褑,袙孝_袧械孝褉邪薪蟹懈褌薪褘械袙懈写褘袧邪褔邪谢芯袣芯薪械褑,袙孝_袩械薪褋懈芯薪薪褘械小褔械褌邪_小胁芯泄褋褌胁邪.袩械薪褋懈芯薪薪褘泄小褔械褌 = 袙孝_袧械孝褉邪薪蟹懈褌薪褘械袙懈写褘袧邪褔邪谢芯袣芯薪械褑.袩械薪褋懈芯薪薪褘泄小褔械褌
293,袙孝_袪械蟹褍谢褜褌邪褌袩褉械写胁,INNER JOIN,袙孝_袩械薪褋懈芯薪薪褘械小褔械褌邪_小胁芯泄褋褌胁邪,袙孝_袩械薪褋懈芯薪薪褘械小褔械褌邪_小胁芯泄褋褌胁邪,袙孝_袩械薪褋懈芯薪薪褘械袛芯谐芯胁芯褉褘_小胁芯泄褋褌胁邪,袙孝_袩械薪褋懈芯薪薪褘械袛芯谐芯胁芯褉褘_小胁芯泄褋褌胁邪,袙孝_袩械薪褋懈芯薪薪褘械小褔械褌邪_小胁芯泄褋褌胁邪.袩械薪褋懈芯薪薪褘泄袛芯谐芯胁芯褉 = 袙孝_袩械薪褋懈芯薪薪褘械袛芯谐芯胁芯褉褘_小胁芯泄褋褌胁邪.袩械薪褋懈芯薪薪褘泄袛芯谐芯胁芯褉
293,袙孝_袪械蟹褍谢褜褌邪褌袩褉械写胁,INNER JOIN,袙孝_袩械薪褋懈芯薪薪褘械小褔械褌邪_小胁芯泄褋褌胁邪,袙孝_袩械薪褋懈芯薪薪褘械小褔械褌邪_小胁芯泄褋褌胁邪,袙孝_袠写械薪褌懈褎懈泻邪褌芯褉褘袣芯薪褌褉邪谐械薪褌芯胁_小褌邪褉褘械,袙孝_袠写械薪褌懈褎懈泻邪褌芯褉褘袣芯薪褌褉邪谐械薪褌芯胁,袙孝_袩械薪褋懈芯薪薪褘械小褔械褌邪_小胁芯泄褋褌胁邪.袙泻谢邪写褔懈泻 = 袙孝_袠写械薪褌懈褎懈泻邪褌芯褉褘袣芯薪褌褉邪谐械薪褌芯胁.袣芯薪褌褉邪谐械薪褌
293,袙孝_袪械蟹褍谢褜褌邪褌袩褉械写胁,INNER JOIN,袙孝_袩械薪褋懈芯薪薪褘械小褔械褌邪_小胁芯泄褋褌胁邪,袙孝_袩械薪褋懈芯薪薪褘械小褔械褌邪_小胁芯泄褋褌胁邪,袙孝_袠写械薪褌懈褎懈泻邪褌芯褉褘袣芯薪褌褉邪谐械薪褌芯胁,袙孝_袠写械薪褌懈褎懈泻邪褌芯褉褘袣芯薪褌褉邪谐械薪褌芯胁_袧芯胁褘械,袙孝_袩械薪褋懈芯薪薪褘械小褔械褌邪_小胁芯泄褋褌胁邪.袙泻谢邪写褔懈泻 = 袙孝_袠写械薪褌懈褎懈泻邪褌芯褉褘袣芯薪褌褉邪谐械薪褌芯胁_袧芯胁褘械.袣芯薪褌褉邪谐械薪褌
293,袙孝_袪械蟹褍谢褜褌邪褌袩褉械写胁,INNER JOIN,袙孝_袩械薪褋懈芯薪薪褘械小褔械褌邪_小胁芯泄褋褌胁邪,袙孝_袩械薪褋懈芯薪薪褘械小褔械褌邪_小胁芯泄褋褌胁邪,袙孝_袠写械薪褌懈褎懈泻邪褌芯褉褘袣芯薪褌褉邪谐械薪褌芯胁,袙孝_袠写械薪褌懈褎懈泻邪褌芯褉褘袣芯薪褌褉邪谐械薪褌芯胁_校褔邪褋褌薪懈泻懈,袙孝_袩械薪褋懈芯薪薪褘械小褔械褌邪_小胁芯泄褋褌胁邪.校褔邪褋褌薪懈泻 = 袙孝_袠写械薪褌懈褎懈泻邪褌芯褉褘袣芯薪褌褉邪谐械薪褌芯胁_校褔邪褋褌薪懈泻懈.袣芯薪褌褉邪谐械薪褌
293,袙孝_袪械蟹褍谢褜褌邪褌袩褉械写胁,LEFT JOIN,袙孝_袩械薪褋懈芯薪薪褘械小褔械褌邪_小胁芯泄褋褌胁邪,袙孝_袩械薪褋懈芯薪薪褘械小褔械褌邪_小胁芯泄褋褌胁邪,袙孝_小褏械屑褘_小胁芯泄褋褌胁邪,袙孝_小褏械屑褘_小胁芯泄褋褌胁邪,袙孝_小褏械屑褘袩械薪褋懈芯薪薪褘褏小褔械褌芯胁.小褏械屑邪 = 袙孝_小褏械屑褘_小胁芯泄褋褌胁邪.小褏械屑邪
293,袙孝_袪械蟹褍谢褜褌邪褌袩褉械写胁,LEFT JOIN,袙孝_袩械薪褋懈芯薪薪褘械小褔械褌邪_小胁芯泄褋褌胁邪,袙孝_袩械薪褋懈芯薪薪褘械小褔械褌邪_小胁芯泄褋褌胁邪,袙孝_小褍屑屑褘,袙孝_小褍屑屑褘,袙孝_袩械薪褋懈芯薪薪褘械小褔械褌邪_小胁芯泄褋褌胁邪.袩械薪褋懈芯薪薪褘泄小褔械褌 = 袙孝_小褍屑屑褘.袩械薪褋懈芯薪薪褘泄小褔械褌
293,袙孝_袪械蟹褍谢褜褌邪褌袩褉械写胁,LEFT JOIN,袙孝_袩械薪褋懈芯薪薪褘械小褔械褌邪_小胁芯泄褋褌胁邪,袙孝_袩械薪褋懈芯薪薪褘械小褔械褌邪_小胁芯泄褋褌胁邪,袙孝_袠写械薪褌懈褎懈泻邪褌芯褉褘袣芯薪褌褉邪谐械薪褌芯胁_小褌邪褉褘械,袙孝_袠写械薪褌懈褎懈泻邪褌芯褉褘校褔邪褋褌薪懈泻芯胁,袙孝_袩械薪褋懈芯薪薪褘械小褔械褌邪_小胁芯泄褋褌胁邪.校褔邪褋褌薪懈泻 = 袙孝_袠写械薪褌懈褎懈泻邪褌芯褉褘校褔邪褋褌薪懈泻芯胁.袣芯薪褌褉邪谐械薪褌
293,袙孝_袪械蟹褍谢褜褌邪褌袩褉械写胁,LEFT JOIN,袙孝_袩械薪褋懈芯薪薪褘械小褔械褌邪_小胁芯泄褋褌胁邪,袙孝_袩械薪褋懈芯薪薪褘械小褔械褌邪_小胁芯泄褋褌胁邪,袙孝_肖懈蟹懈褔械褋泻懈械袥懈褑邪_小胁芯泄褋褌胁邪,袙孝_肖懈蟹懈褔械褋泻懈械袥懈褑邪_小胁芯泄褋褌胁邪,袙孝_肖懈蟹懈褔械褋泻懈械袥懈褑邪.肖懈蟹懈褔械褋泻芯械袥懈褑芯 = 袙孝_肖懈蟹懈褔械褋泻懈械袥懈褑邪_小胁芯泄褋褌胁邪.肖懈蟹懈褔械褋泻芯械袥懈褑芯
293,袙孝_袪械蟹褍谢褜褌邪褌袩褉械写胁,LEFT JOIN,袙孝_袩械薪褋懈芯薪薪褘械小褔械褌邪_小胁芯泄褋褌胁邪,袙孝_袩械薪褋懈芯薪薪褘械小褔械褌邪_小胁芯泄褋褌胁邪,袙孝_小芯褋褌芯褟薪懈褟袩械薪褋懈芯薪薪褘褏小褔械褌芯胁,袙孝_小芯褋褌芯褟薪懈褟袩械薪褋懈芯薪薪褘褏小褔械褌芯胁,袙孝_袩械薪褋懈芯薪薪褘械小褔械褌邪_小胁芯泄褋褌胁邪.袩械薪褋懈芯薪薪褘泄小褔械褌 = 袙孝_小芯褋褌芯褟薪懈褟袩械薪褋懈芯薪薪褘褏小褔械褌芯胁.袩械薪褋懈芯薪薪褘泄小褔械褌
293,袙孝_袪械蟹褍谢褜褌邪褌袩褉械写胁,LEFT JOIN,袙孝_袩械薪褋懈芯薪薪褘械小褔械褌邪_小胁芯泄褋褌胁邪,袙孝_袩械薪褋懈芯薪薪褘械小褔械褌邪_小胁芯泄褋褌胁邪,袙孝_袦袚袛,袙孝_袦袚袛,袙孝_袩械薪褋懈芯薪薪褘械小褔械褌邪_小胁芯泄褋褌胁邪.袩械薪褋懈芯薪薪褘泄袛芯谐芯胁芯褉 = 袙孝_袦袚袛.袩械薪褋懈芯薪薪褘泄袛芯谐芯胁芯褉
293,袙孝_袪械蟹褍谢褜褌邪褌袩褉械写胁,LEFT JOIN,袙孝_袩械薪褋懈芯薪薪褘械小褔械褌邪_小胁芯泄褋褌胁邪,袙孝_袩械薪褋懈芯薪薪褘械小褔械褌邪_小胁芯泄褋褌胁邪,袙孝_袩械褉懈芯写懈褔薪芯褋褌褜袙褘锌谢邪褌,袙孝_袩械褉懈芯写懈褔薪芯褋褌褜袙褘锌谢邪褌,袙孝_袩械薪褋懈芯薪薪褘械小褔械褌邪_小胁芯泄褋褌胁邪.袩械薪褋懈芯薪薪褘泄小褔械褌 = 袙孝_袩械褉懈芯写懈褔薪芯褋褌褜袙褘锌谢邪褌.袧芯屑械褉小褔械褌邪
293,袙孝_袪械蟹褍谢褜褌邪褌袩褉械写胁,LEFT JOIN,袙孝_袩械薪褋懈芯薪薪褘械小褔械褌邪_小胁芯泄褋褌胁邪,袙孝_袩械薪褋懈芯薪薪褘械小褔械褌邪_小胁芯泄褋褌胁邪,袙孝_袩械薪褋懈芯薪薪褘械小褔械褌邪_袧邪褔邪谢芯袙褘锌谢邪褌,袙孝_袩械薪褋懈芯薪薪褘械小褔械褌邪_袧邪褔邪谢芯袙褘锌谢邪褌,袙孝_袩械薪褋懈芯薪薪褘械小褔械褌邪_小胁芯泄褋褌胁邪.袩械薪褋懈芯薪薪褘泄小褔械褌 = 袙孝_袩械薪褋懈芯薪薪褘械小褔械褌邪_袧邪褔邪谢芯袙褘锌谢邪褌.袩械薪褋懈芯薪薪褘泄小褔械褌
293,袙孝_袪械蟹褍谢褜褌邪褌袩褉械写胁,LEFT JOIN,袙孝_袩械薪褋懈芯薪薪褘械小褔械褌邪_小胁芯泄褋褌胁邪,袙孝_袩械薪褋懈芯薪薪褘械小褔械褌邪_小胁芯泄褋褌胁邪,袙孝_袣芯谢懈褔械褋褌胁芯袙褘锌谢邪褌,袙孝_袣芯谢懈褔械褋褌胁芯袙褘锌谢邪褌,袙孝_袩械薪褋懈芯薪薪褘械小褔械褌邪_小胁芯泄褋褌胁邪.袩械薪褋懈芯薪薪褘泄小褔械褌 = 袙孝_袣芯谢懈褔械褋褌胁芯袙褘锌谢邪褌.袩械薪褋懈芯薪薪褘泄小褔械褌
293,袙孝_袪械蟹褍谢褜褌邪褌袩褉械写胁,LEFT JOIN,袙孝_袩械薪褋懈芯薪薪褘械小褔械褌邪_小胁芯泄褋褌胁邪,袙孝_袩械薪褋懈芯薪薪褘械小褔械褌邪_小胁芯泄褋褌胁邪,袙孝_袙褘锌谢邪褌褘,袙孝_袙褘锌谢邪褌褘,袙孝_袩械薪褋懈芯薪薪褘械小褔械褌邪_小胁芯泄褋褌胁邪.袩械薪褋懈芯薪薪褘泄小褔械褌 = 袙孝_袙褘锌谢邪褌褘.袩械薪褋懈芯薪薪褘泄小褔械褌
293,袙孝_袪械蟹褍谢褜褌邪褌袩褉械写胁,LEFT JOIN,袙孝_袩械薪褋懈芯薪薪褘械小褔械褌邪_小胁芯泄褋褌胁邪,袙孝_袩械薪褋懈芯薪薪褘械小褔械褌邪_小胁芯泄褋褌胁邪,袙孝_袩械褉械胁芯写褘,袙孝_袩械褉械胁芯写褘,袙孝_袩械薪褋懈芯薪薪褘械小褔械褌邪_小胁芯泄褋褌胁邪.袩械薪褋懈芯薪薪褘泄小褔械褌 = 袙孝_袩械褉械胁芯写褘.袩械薪褋懈芯薪薪褘泄小褔械褌
293,袙孝_袪械蟹褍谢褜褌邪褌袩褉械写胁,LEFT JOIN,袙孝_袩械薪褋懈芯薪薪褘械小褔械褌邪_小胁芯泄褋褌胁邪,袙孝_袩械薪褋懈芯薪薪褘械小褔械褌邪_小胁芯泄褋褌胁邪,袙孝_袨褋褌邪褌泻懈袙褘锌谢邪褌,袙孝_袨褋褌邪褌泻懈袙褘锌谢邪褌,袙孝_袩械薪褋懈芯薪薪褘械小褔械褌邪_小胁芯泄褋褌胁邪.袩械薪褋懈芯薪薪褘泄小褔械褌 = 袙孝_袨褋褌邪褌泻懈袙褘锌谢邪褌.袩械薪褋懈芯薪薪褘泄小褔械褌
293,袙孝_袪械蟹褍谢褜褌邪褌袩褉械写胁,LEFT JOIN,袙孝_袩械薪褋懈芯薪薪褘械小褔械褌邪_小胁芯泄褋褌胁邪,袙孝_袩械薪褋懈芯薪薪褘械小褔械褌邪_小胁芯泄褋褌胁邪,袙孝_袩芯褋谢械写薪懈械袙褘锌谢邪褌褘,袙孝_袩芯褋谢械写薪懈械袙褘锌谢邪褌褘,袙孝_袩械薪褋懈芯薪薪褘械小褔械褌邪_小胁芯泄褋褌胁邪.袩械薪褋懈芯薪薪褘泄小褔械褌 = 袙孝_袩芯褋谢械写薪懈械袙褘锌谢邪褌褘.袩械薪褋懈芯薪薪褘泄小褔械褌
293,袙孝_袪械蟹褍谢褜褌邪褌袩褉械写胁,LEFT JOIN,袙孝_袩械薪褋懈芯薪薪褘械小褔械褌邪_小胁芯泄褋褌胁邪,袙孝_袩械薪褋懈芯薪薪褘械小褔械褌邪_小胁芯泄褋褌胁邪,袙孝_袛邪褌褘袨泻芯薪褔邪薪懈褟小褉芯褔薪褘褏袙褘锌谢邪褌,袙孝_袛邪褌褘袨泻芯薪褔邪薪懈褟小褉芯褔薪褘褏袙褘锌谢邪褌,袙孝_袩械薪褋懈芯薪薪褘械小褔械褌邪_小胁芯泄褋褌胁邪.袩械薪褋懈芯薪薪褘泄小褔械褌 = 袙孝_袛邪褌褘袨泻芯薪褔邪薪懈褟小褉芯褔薪褘褏袙褘锌谢邪褌.袩械薪褋懈芯薪薪褘泄小褔械褌
293,袙孝_袪械蟹褍谢褜褌邪褌袩褉械写胁,LEFT JOIN,袙孝_袩械薪褋懈芯薪薪褘械小褔械褌邪_小胁芯泄褋褌胁邪,袙孝_袩械薪褋懈芯薪薪褘械小褔械褌邪_小胁芯泄褋褌胁邪,袙孝_校屑械褉褕懈械,袙孝_校屑械褉褕懈械,袙孝_袩械薪褋懈芯薪薪褘械小褔械褌邪_小胁芯泄褋褌胁邪.校褔邪褋褌薪懈泻 = 袙孝_校屑械褉褕懈械.校褔邪褋褌薪懈泻
293,袙孝_袪械蟹褍谢褜褌邪褌袩褉械写胁,LEFT JOIN,袙孝_袩械薪褋懈芯薪薪褘械小褔械褌邪_小胁芯泄褋褌胁邪,袙孝_袩械薪褋懈芯薪薪褘械小褔械褌邪_小胁芯泄褋褌胁邪,袙孝_袪邪蟹屑械褉袩械薪褋懈泄,袙孝_袪邪蟹屑械褉袩械薪褋懈泄,袙孝_袩械薪褋懈芯薪薪褘械小褔械褌邪_小胁芯泄褋褌胁邪.袩械薪褋懈芯薪薪褘泄小褔械褌 = 袙孝_袪邪蟹屑械褉袩械薪褋懈泄.袩械薪褋懈芯薪薪褘泄小褔械褌
293,袙孝_袪械蟹褍谢褜褌邪褌袩褉械写胁,LEFT JOIN,袙孝_袩械薪褋懈芯薪薪褘械小褔械褌邪_小胁芯泄褋褌胁邪,袙孝_袩械薪褋懈芯薪薪褘械小褔械褌邪_小胁芯泄褋褌胁邪,袙孝_袩芯褋谢械写薪懈械袙褘锌谢邪褌褘袩芯袪械谐懈褋褌褉褍袙褘锌谢邪褌,袙孝_袩芯褋谢械写薪懈械袙褘锌谢邪褌褘袩芯袪械谐懈褋褌褉褍袙褘锌谢邪褌,袙孝_袩械薪褋懈芯薪薪褘械小褔械褌邪_小胁芯泄褋褌胁邪.袩械薪褋懈芯薪薪褘泄小褔械褌 = 袙孝_袩芯褋谢械写薪懈械袙褘锌谢邪褌褘袩芯袪械谐懈褋褌褉褍袙褘锌谢邪褌.袩械薪褋懈芯薪薪褘泄小褔械褌
293,袙孝_袪械蟹褍谢褜褌邪褌袩褉械写胁,LEFT JOIN,袙孝_袩械薪褋懈芯薪薪褘械小褔械褌邪_小胁芯泄褋褌胁邪,袙孝_袩械薪褋懈芯薪薪褘械小褔械褌邪_小胁芯泄褋褌胁邪,袙孝_小褉芯褔薪懈泻懈,袙孝_小褉芯褔薪懈泻懈,袙孝_袩械薪褋懈芯薪薪褘械小褔械褌邪_小胁芯泄褋褌胁邪.袩械薪褋懈芯薪薪褘泄小褔械褌 = 袙孝_小褉芯褔薪懈泻懈.袩械薪褋懈芯薪薪褘泄小褔械褌
293,袙孝_袪械蟹褍谢褜褌邪褌袩褉械写胁,LEFT JOIN,袙孝_袩械薪褋懈芯薪薪褘械小褔械褌邪_小胁芯泄褋褌胁邪,袙孝_袩械薪褋懈芯薪薪褘械小褔械褌邪_小胁芯泄褋褌胁邪,袙孝_袨褋褌邪褌泻懈袧邪褋谢械写薪懈泻芯胁,袙孝_袨褋褌邪褌泻懈袧邪褋谢械写薪懈泻芯胁,袙孝_袩械薪褋懈芯薪薪褘械小褔械褌邪_小胁芯泄褋褌胁邪.袩械薪褋懈芯薪薪褘泄小褔械褌 = 袙孝_袨褋褌邪褌泻懈袧邪褋谢械写薪懈泻芯胁.袩械薪褋懈芯薪薪褘泄小褔械褌
293,袙孝_袪械蟹褍谢褜褌邪褌袩褉械写胁,LEFT JOIN,袙孝_袩械薪褋懈芯薪薪褘械小褔械褌邪_小胁芯泄褋褌胁邪,袙孝_袩械薪褋懈芯薪薪褘械小褔械褌邪_小胁芯泄褋褌胁邪,袙孝_袪邪褋褔械褌薪褘械小褍屑屑褘袩袩,袙孝_袪邪褋褔械褌薪褘械小褍屑屑褘袩袩,袙孝_袩械薪褋懈芯薪薪褘械小褔械褌邪_小胁芯泄褋褌胁邪.袩械薪褋懈芯薪薪褘泄小褔械褌 = 袙孝_袪邪褋褔械褌薪褘械小褍屑屑褘袩袩.袩械薪褋懈芯薪薪褘泄小褔械褌
293,袙孝_袪械蟹褍谢褜褌邪褌袩褉械写胁,LEFT JOIN,袙孝_袩械薪褋懈芯薪薪褘械小褔械褌邪_小胁芯泄褋褌胁邪,袙孝_袩械薪褋懈芯薪薪褘械小褔械褌邪_小胁芯泄褋褌胁邪,袙孝_袪邪褋褔械褌薪邪褟袛邪褌邪袙小,袙孝_袪邪褋褔械褌薪邪褟袛邪褌邪袙小,"袙孝_袩械薪褋懈芯薪薪褘械小褔械褌邪_小胁芯泄褋褌胁邪.袩械薪褋懈芯薪薪褘泄小褔械褌 = 袙孝_袪邪褋褔械褌薪邪褟袛邪褌邪袙小.袩械薪褋懈芯薪薪褘泄小褔械褌,"
293,袙孝_袪械蟹褍谢褜褌邪褌袩褉械写胁,INNER JOIN,袙孝_袩械薪褋懈芯薪薪褘械小褔械褌邪_小胁芯泄褋褌胁邪,袙孝_袩械薪褋懈芯薪薪褘械小褔械褌邪_小胁芯泄褋褌胁邪,袙孝_袧械孝褉邪薪蟹懈褌薪褘械袙懈写褘袧邪褔邪谢芯袣芯薪械褑,袙孝_袧械孝褉邪薪蟹懈褌薪褘械袙懈写褘袧邪褔邪谢芯袣芯薪械褑,袙孝_袩械薪褋懈芯薪薪褘械小褔械褌邪_袧械袠袩小.袩械薪褋懈芯薪薪褘泄小褔械褌 = 袙孝_袧械孝褉邪薪蟹懈褌薪褘械袙懈写褘袧邪褔邪谢芯袣芯薪械褑.袩械薪褋懈芯薪薪褘泄小褔械褌
293,袙孝_袪械蟹褍谢褜褌邪褌袩褉械写胁,INNER JOIN,袙孝_袩械薪褋懈芯薪薪褘械小褔械褌邪_小胁芯泄褋褌胁邪,袙孝_袩械薪褋懈芯薪薪褘械小褔械褌邪_小胁芯泄褋褌胁邪,袙孝_袩械薪褋懈芯薪薪褘械袛芯谐芯胁芯褉褘_小胁芯泄褋褌胁邪,袙孝_袩械薪褋懈芯薪薪褘械袛芯谐芯胁芯褉褘_小胁芯泄褋褌胁邪,袙孝_袩械薪褋懈芯薪薪褘械小褔械褌邪_小胁芯泄褋褌胁邪.袩械薪褋懈芯薪薪褘泄袛芯谐芯胁芯褉 = 袙孝_袩械薪褋懈芯薪薪褘械袛芯谐芯胁芯褉褘_小胁芯泄褋褌胁邪.袩械薪褋懈芯薪薪褘泄袛芯谐芯胁芯褉
293,袙孝_袪械蟹褍谢褜褌邪褌袩褉械写胁,INNER JOIN,袙孝_袩械薪褋懈芯薪薪褘械小褔械褌邪_小胁芯泄褋褌胁邪,袙孝_袩械薪褋懈芯薪薪褘械小褔械褌邪_小胁芯泄褋褌胁邪,袙孝_袠写械薪褌懈褎懈泻邪褌芯褉褘袣芯薪褌褉邪谐械薪褌芯胁_小褌邪褉褘械,袙孝_袠写械薪褌懈褎懈泻邪褌芯褉褘袣芯薪褌褉邪谐械薪褌芯胁,袙孝_袩械薪褋懈芯薪薪褘械小褔械褌邪_小胁芯泄褋褌胁邪.袙泻谢邪写褔懈泻 = 袙孝_袠写械薪褌懈褎懈泻邪褌芯褉褘袣芯薪褌褉邪谐械薪褌芯胁.袣芯薪褌褉邪谐械薪褌
293,袙孝_袪械蟹褍谢褜褌邪褌袩褉械写胁,INNER JOIN,袙孝_袩械薪褋懈芯薪薪褘械小褔械褌邪_小胁芯泄褋褌胁邪,袙孝_袩械薪褋懈芯薪薪褘械小褔械褌邪_小胁芯泄褋褌胁邪,袙孝_袠写械薪褌懈褎懈泻邪褌芯褉褘袣芯薪褌褉邪谐械薪褌芯胁,袙孝_袠写械薪褌懈褎懈泻邪褌芯褉褘袣芯薪褌褉邪谐械薪褌芯胁_袧芯胁褘械,袙孝_袩械薪褋懈芯薪薪褘械小褔械褌邪_小胁芯泄褋褌胁邪.袙泻谢邪写褔懈泻 = 袙孝_袠写械薪褌懈褎懈泻邪褌芯褉褘袣芯薪褌褉邪谐械薪褌芯胁_袧芯胁褘械.袣芯薪褌褉邪谐械薪褌
293,袙孝_袪械蟹褍谢褜褌邪褌袩褉械写胁,LEFT JOIN,袙孝_袩械薪褋懈芯薪薪褘械小褔械褌邪_小胁芯泄褋褌胁邪,袙孝_袩械薪褋懈芯薪薪褘械小褔械褌邪_小胁芯泄褋褌胁邪,袙孝_袦袚袛,袙孝_袦袚袛,(袙孝_袩械薪褋懈芯薪薪褘械袛芯谐芯胁芯褉褘_小胁芯泄褋褌胁邪.袩械薪褋懈芯薪薪褘泄袛芯谐芯胁芯褉 = 袙孝_袦袚袛.袩械薪褋懈芯薪薪褘泄袛芯谐芯胁芯褉)
293,袙孝_袪械蟹褍谢褜褌邪褌袩褉械写胁,LEFT JOIN,袙孝_袩械薪褋懈芯薪薪褘械小褔械褌邪_小胁芯泄褋褌胁邪,袙孝_袩械薪褋懈芯薪薪褘械小褔械褌邪_小胁芯泄褋褌胁邪,袙孝_小褏械屑褘_小胁芯泄褋褌胁邪,袙孝_小褏械屑褘_小胁芯泄褋褌胁邪,袙孝_小褏械屑褘袩械薪褋懈芯薪薪褘褏小褔械褌芯胁.小褏械屑邪 = 袙孝_小褏械屑褘_小胁芯泄褋褌胁邪.小褏械屑邪
293,袙孝_袪械蟹褍谢褜褌邪褌袩褉械写胁,LEFT JOIN,袙孝_袩械薪褋懈芯薪薪褘械小褔械褌邪_小胁芯泄褋褌胁邪,袙孝_袩械薪褋懈芯薪薪褘械小褔械褌邪_小胁芯泄褋褌胁邪,袙孝_小褍屑屑褘,袙孝_小褍屑屑褘,袙孝_袩械薪褋懈芯薪薪褘械小褔械褌邪_袧械袠袩小.袩械薪褋懈芯薪薪褘泄小褔械褌 = 袙孝_小褍屑屑褘.袩械薪褋懈芯薪薪褘泄小褔械褌
293,袙孝_袪械蟹褍谢褜褌邪褌袩褉械写胁,LEFT JOIN,袙孝_袩械薪褋懈芯薪薪褘械小褔械褌邪_小胁芯泄褋褌胁邪,袙孝_袩械薪褋懈芯薪薪褘械小褔械褌邪_小胁芯泄褋褌胁邪,袙孝_袙褘锌谢邪褌褘,袙孝_袙褘锌谢邪褌褘,袙孝_袩械薪褋懈芯薪薪褘械小褔械褌邪_袧械袠袩小.袩械薪褋懈芯薪薪褘泄小褔械褌 = 袙孝_袙褘锌谢邪褌褘.袩械薪褋懈芯薪薪褘泄小褔械褌
293,袙孝_袪械蟹褍谢褜褌邪褌袩褉械写胁,LEFT JOIN,袙孝_袩械薪褋懈芯薪薪褘械小褔械褌邪_小胁芯泄褋褌胁邪,袙孝_袩械薪褋懈芯薪薪褘械小褔械褌邪_小胁芯泄褋褌胁邪,袙孝_袩械褉械胁芯写褘,袙孝_袩械褉械胁芯写褘,袙孝_袩械薪褋懈芯薪薪褘械小褔械褌邪_袧械袠袩小.袩械薪褋懈芯薪薪褘泄小褔械褌 = 袙孝_袩械褉械胁芯写褘.袩械薪褋懈芯薪薪褘泄小褔械褌
293,袙孝_袪械蟹褍谢褜褌邪褌袩褉械写胁,LEFT JOIN,袙孝_袩械薪褋懈芯薪薪褘械小褔械褌邪_小胁芯泄褋褌胁邪,袙孝_袩械薪褋懈芯薪薪褘械小褔械褌邪_小胁芯泄褋褌胁邪,袙孝_小芯褋褌芯褟薪懈褟袩械薪褋懈芯薪薪褘褏小褔械褌芯胁,袙孝_小芯褋褌芯褟薪懈褟袩械薪褋懈芯薪薪褘褏小褔械褌芯胁,袙孝_袩械薪褋懈芯薪薪褘械小褔械褌邪_袧械袠袩小.袩械薪褋懈芯薪薪褘泄小褔械褌 = 袙孝_小芯褋褌芯褟薪懈褟袩械薪褋懈芯薪薪褘褏小褔械褌芯胁.袩械薪褋懈芯薪薪褘泄小褔械褌
293,袙孝_袪械蟹褍谢褜褌邪褌袩褉械写胁,LEFT JOIN,袙孝_袩械薪褋懈芯薪薪褘械小褔械褌邪_小胁芯泄褋褌胁邪,袙孝_袩械薪褋懈芯薪薪褘械小褔械褌邪_小胁芯泄褋褌胁邪,袙孝_袪邪褋褔械褌薪褘械小褍屑屑褘袩袩,袙孝_袪邪褋褔械褌薪褘械小褍屑屑褘袩袩,袙孝_袩械薪褋懈芯薪薪褘械小褔械褌邪_小胁芯泄褋褌胁邪.袩械薪褋懈芯薪薪褘泄小褔械褌 = 袙孝_袪邪褋褔械褌薪褘械小褍屑屑褘袩袩.袩械薪褋懈芯薪薪褘泄小褔械褌
293,袙孝_袪械蟹褍谢褜褌邪褌袩褉械写胁,LEFT JOIN,袙孝_袩械薪褋懈芯薪薪褘械小褔械褌邪_小胁芯泄褋褌胁邪,袙孝_袩械薪褋懈芯薪薪褘械小褔械褌邪_小胁芯泄褋褌胁邪,袙孝_袪邪褋褔械褌薪邪褟袛邪褌邪袙小,袙孝_袪邪褋褔械褌薪邪褟袛邪褌邪袙小,袙孝_袩械薪褋懈芯薪薪褘械小褔械褌邪_小胁芯泄褋褌胁邪.袩械薪褋懈芯薪薪褘泄小褔械褌 = 袙孝_袪邪褋褔械褌薪邪褟袛邪褌邪袙小.袩械薪褋懈芯薪薪褘泄小褔械褌
293,袙孝_袪械蟹褍谢褜褌邪褌袩褉械写胁,LEFT JOIN,袙孝_袩械薪褋懈芯薪薪褘械小褔械褌邪_小胁芯泄褋褌胁邪,袙孝_袩械薪褋懈芯薪薪褘械小褔械褌邪_小胁芯泄褋褌胁邪,袙孝_袛芯锌芯谢薪懈褌械谢褜薪芯袙褘泻褍锌薪邪褟袙泻写邪褔懈泻褍袧械褌小袩孝,袙孝_袛芯锌芯谢薪懈褌械谢褜薪芯袙褘泻褍锌薪邪褟袙泻写邪褔懈泻褍袧械褌小袩孝,袙孝_袩械薪褋懈芯薪薪褘械小褔械褌邪_小胁芯泄褋褌胁邪.袩械薪褋懈芯薪薪褘泄小褔械褌 = 袙孝_袛芯锌芯谢薪懈褌械谢褜薪芯袙褘泻褍锌薪邪褟袙泻写邪褔懈泻褍袧械褌小袩孝.小褔械褌袛芯谐芯胁芯褉邪
293,袙孝_袪械蟹褍谢褜褌邪褌袩褉械写胁,LEFT JOIN,袙孝_袩械薪褋懈芯薪薪褘械小褔械褌邪_小胁芯泄褋褌胁邪,袙孝_袩械薪褋懈芯薪薪褘械小褔械褌邪_小胁芯泄褋褌胁邪,袙孝_袩械薪褋懈芯薪薪褘械小褔械褌邪_小胁芯泄褋褌胁邪_孝褉邪薪蟹懈褌薪褘械袨斜褟蟹邪褌械谢褜褋褌胁邪,袙孝_袩小_小胁芯泄褋褌胁邪_孝褉邪薪蟹懈褌薪褘械袨斜褟蟹邪褌械谢褜褋褌胁邪,袙孝_孝褉邪薪蟹懈褌薪褘械袙懈写褘.袩械薪褋懈芯薪薪褘泄小褔械褌 = 袙孝_袩小_小胁芯泄褋褌胁邪_孝褉邪薪蟹懈褌薪褘械袨斜褟蟹邪褌械谢褜褋褌胁邪.袩械薪褋懈芯薪薪褘泄小褔械褌
293,袙孝_袪械蟹褍谢褜褌邪褌袩褉械写胁,LEFT JOIN,袙孝_袩械薪褋懈芯薪薪褘械小褔械褌邪_小胁芯泄褋褌胁邪,袙孝_袩械薪褋懈芯薪薪褘械小褔械褌邪_小胁芯泄褋褌胁邪,袙孝_小褏械屑褘_小胁芯泄褋褌胁邪,袙孝_小褏械屑褘_小胁芯泄褋褌胁邪,袙孝_袩小_小褏械屑褘_孝褉邪薪蟹懈褌薪褘械袨斜褟蟹邪褌械谢褜褋褌胁邪.小褏械屑邪 = 袙孝_小褏械屑褘_小胁芯泄褋褌胁邪.小褏械屑邪
293,袙孝_袪械蟹褍谢褜褌邪褌袩褉械写胁,INNER JOIN,袙孝_袩械薪褋懈芯薪薪褘械小褔械褌邪_小胁芯泄褋褌胁邪,袙孝_袩械薪褋懈芯薪薪褘械小褔械褌邪_小胁芯泄褋褌胁邪,袙孝_袩械薪褋懈芯薪薪褘械袛芯谐芯胁芯褉褘_小胁芯泄褋褌胁邪,袙孝_袩械薪褋懈芯薪薪褘械袛芯谐芯胁芯褉褘_小胁芯泄褋褌胁邪,袙孝_袩小_小胁芯泄褋褌胁邪_孝褉邪薪蟹懈褌薪褘械袨斜褟蟹邪褌械谢褜褋褌胁邪.袩械薪褋懈芯薪薪褘泄袛芯谐芯胁芯褉 = 袙孝_袩械薪褋懈芯薪薪褘械袛芯谐芯胁芯褉褘_小胁芯泄褋褌胁邪.袩械薪褋懈芯薪薪褘泄袛芯谐芯胁芯褉
293,袙孝_袪械蟹褍谢褜褌邪褌袩褉械写胁,INNER JOIN,袙孝_袩械薪褋懈芯薪薪褘械小褔械褌邪_小胁芯泄褋褌胁邪,袙孝_袩械薪褋懈芯薪薪褘械小褔械褌邪_小胁芯泄褋褌胁邪,袙孝_袠写械薪褌懈褎懈泻邪褌芯褉褘袣芯薪褌褉邪谐械薪褌芯胁_小褌邪褉褘械,袙孝_袠写械薪褌懈褎懈泻邪褌芯褉褘袣芯薪褌褉邪谐械薪褌芯胁,袙孝_袩小_小胁芯泄褋褌胁邪_孝褉邪薪蟹懈褌薪褘械袨斜褟蟹邪褌械谢褜褋褌胁邪.袙泻谢邪写褔懈泻 = 袙孝_袠写械薪褌懈褎懈泻邪褌芯褉褘袣芯薪褌褉邪谐械薪褌芯胁.袣芯薪褌褉邪谐械薪褌
293,袙孝_袪械蟹褍谢褜褌邪褌袩褉械写胁,INNER JOIN,袙孝_袩械薪褋懈芯薪薪褘械小褔械褌邪_小胁芯泄褋褌胁邪,袙孝_袩械薪褋懈芯薪薪褘械小褔械褌邪_小胁芯泄褋褌胁邪,袙孝_袠写械薪褌懈褎懈泻邪褌芯褉褘袣芯薪褌褉邪谐械薪褌芯胁,袙孝_袠写械薪褌懈褎懈泻邪褌芯褉褘袣芯薪褌褉邪谐械薪褌芯胁_袧芯胁褘械,袙孝_袩小_小胁芯泄褋褌胁邪_孝褉邪薪蟹懈褌薪褘械袨斜褟蟹邪褌械谢褜褋褌胁邪.袙泻谢邪写褔懈泻 = 袙孝_袠写械薪褌懈褎懈泻邪褌芯褉褘袣芯薪褌褉邪谐械薪褌芯胁_袧芯胁褘械.袣芯薪褌褉邪谐械薪褌
293,袙孝_袪械蟹褍谢褜褌邪褌袩褉械写胁,INNER JOIN,袙孝_袩械薪褋懈芯薪薪褘械小褔械褌邪_小胁芯泄褋褌胁邪,袙孝_袩械薪褋懈芯薪薪褘械小褔械褌邪_小胁芯泄褋褌胁邪,袙孝_袠写械薪褌懈褎懈泻邪褌芯褉褘袣芯薪褌褉邪谐械薪褌芯胁,袙孝_袠写械薪褌懈褎懈泻邪褌芯褉褘袣芯薪褌褉邪谐械薪褌芯胁_校褔邪褋褌薪懈泻懈,袙孝_袩小_小胁芯泄褋褌胁邪_孝褉邪薪蟹懈褌薪褘械袨斜褟蟹邪褌械谢褜褋褌胁邪.校褔邪褋褌薪懈泻 = 袙孝_袠写械薪褌懈褎懈泻邪褌芯褉褘袣芯薪褌褉邪谐械薪褌芯胁_校褔邪褋褌薪懈泻懈.袣芯薪褌褉邪谐械薪褌
293,袙孝_袪械蟹褍谢褜褌邪褌袩褉械写胁,LEFT JOIN,袙孝_袩械薪褋懈芯薪薪褘械小褔械褌邪_小胁芯泄褋褌胁邪,袙孝_袩械薪褋懈芯薪薪褘械小褔械褌邪_小胁芯泄褋褌胁邪,袙孝_袠写械薪褌懈褎懈泻邪褌芯褉褘袣芯薪褌褉邪谐械薪褌芯胁_小褌邪褉褘械,袙孝_袠写械薪褌懈褎懈泻邪褌芯褉褘校褔邪褋褌薪懈泻芯胁,袙孝_袩小_小胁芯泄褋褌胁邪_孝褉邪薪蟹懈褌薪褘械袨斜褟蟹邪褌械谢褜褋褌胁邪.校褔邪褋褌薪懈泻 = 袙孝_袠写械薪褌懈褎懈泻邪褌芯褉褘校褔邪褋褌薪懈泻芯胁.袣芯薪褌褉邪谐械薪褌
293,袙孝_袪械蟹褍谢褜褌邪褌袩褉械写胁,LEFT JOIN,袙孝_袩械薪褋懈芯薪薪褘械小褔械褌邪_小胁芯泄褋褌胁邪,袙孝_袩械薪褋懈芯薪薪褘械小褔械褌邪_小胁芯泄褋褌胁邪,袙孝_肖懈蟹懈褔械褋泻懈械袥懈褑邪_小胁芯泄褋褌胁邪,袙孝_肖懈蟹懈褔械褋泻懈械袥懈褑邪_小胁芯泄褋褌胁邪,袙孝_肖懈蟹懈褔械褋泻懈械袥懈褑邪.肖懈蟹懈褔械褋泻芯械袥懈褑芯 = 袙孝_肖懈蟹懈褔械褋泻懈械袥懈褑邪_小胁芯泄褋褌胁邪.肖懈蟹懈褔械褋泻芯械袥懈褑芯
293,袙孝_袪械蟹褍谢褜褌邪褌袩褉械写胁,LEFT JOIN,袙孝_袩械薪褋懈芯薪薪褘械小褔械褌邪_小胁芯泄褋褌胁邪,袙孝_袩械薪褋懈芯薪薪褘械小褔械褌邪_小胁芯泄褋褌胁邪,袙孝_小芯褋褌芯褟薪懈褟袩械薪褋懈芯薪薪褘褏小褔械褌芯胁,袙孝_小芯褋褌芯褟薪懈褟袩械薪褋懈芯薪薪褘褏小褔械褌芯胁,袙孝_袩小_小胁芯泄褋褌胁邪_孝褉邪薪蟹懈褌薪褘械袨斜褟蟹邪褌械谢褜褋褌胁邪.袩械薪褋懈芯薪薪褘泄小褔械褌 = 袙孝_小芯褋褌芯褟薪懈褟袩械薪褋懈芯薪薪褘褏小褔械褌芯胁.袩械薪褋懈芯薪薪褘泄小褔械褌
293,袙孝_袪械蟹褍谢褜褌邪褌袩褉械写胁,LEFT JOIN,袙孝_袩械薪褋懈芯薪薪褘械小褔械褌邪_小胁芯泄褋褌胁邪,袙孝_袩械薪褋懈芯薪薪褘械小褔械褌邪_小胁芯泄褋褌胁邪,袙孝_袦袚袛,袙孝_袦袚袛,袙孝_袩小_小胁芯泄褋褌胁邪_孝褉邪薪蟹懈褌薪褘械袨斜褟蟹邪褌械谢褜褋褌胁邪.袩械薪褋懈芯薪薪褘泄袛芯谐芯胁芯褉 = 袙孝_袦袚袛.袩械薪褋懈芯薪薪褘泄袛芯谐芯胁芯褉
293,袙孝_袪械蟹褍谢褜褌邪褌袩褉械写胁,LEFT JOIN,袙孝_袩械薪褋懈芯薪薪褘械小褔械褌邪_小胁芯泄褋褌胁邪,袙孝_袩械薪褋懈芯薪薪褘械小褔械褌邪_小胁芯泄褋褌胁邪,袙孝_袩械褉懈芯写懈褔薪芯褋褌褜袙褘锌谢邪褌,袙孝_袩械褉懈芯写懈褔薪芯褋褌褜袙褘锌谢邪褌,袙孝_袩小_小胁芯泄褋褌胁邪_孝褉邪薪蟹懈褌薪褘械袨斜褟蟹邪褌械谢褜褋褌胁邪.袩械薪褋懈芯薪薪褘泄小褔械褌 = 袙孝_袩械褉懈芯写懈褔薪芯褋褌褜袙褘锌谢邪褌.袧芯屑械褉小褔械褌邪
293,袙孝_袪械蟹褍谢褜褌邪褌袩褉械写胁,LEFT JOIN,袙孝_袩械薪褋懈芯薪薪褘械小褔械褌邪_小胁芯泄褋褌胁邪,袙孝_袩械薪褋懈芯薪薪褘械小褔械褌邪_小胁芯泄褋褌胁邪,袙孝_袩械薪褋懈芯薪薪褘械小褔械褌邪_袧邪褔邪谢芯袙褘锌谢邪褌,袙孝_袩械薪褋懈芯薪薪褘械小褔械褌邪_袧邪褔邪谢芯袙褘锌谢邪褌,袙孝_袩小_小胁芯泄褋褌胁邪_孝褉邪薪蟹懈褌薪褘械袨斜褟蟹邪褌械谢褜褋褌胁邪.袩械薪褋懈芯薪薪褘泄小褔械褌 = 袙孝_袩械薪褋懈芯薪薪褘械小褔械褌邪_袧邪褔邪谢芯袙褘锌谢邪褌.袩械薪褋懈芯薪薪褘泄小褔械褌
293,袙孝_袪械蟹褍谢褜褌邪褌袩褉械写胁,LEFT JOIN,袙孝_袩械薪褋懈芯薪薪褘械小褔械褌邪_小胁芯泄褋褌胁邪,袙孝_袩械薪褋懈芯薪薪褘械小褔械褌邪_小胁芯泄褋褌胁邪,袙孝_袣芯谢懈褔械褋褌胁芯袙褘锌谢邪褌,袙孝_袣芯谢懈褔械褋褌胁芯袙褘锌谢邪褌,袙孝_袩小_小胁芯泄褋褌胁邪_孝褉邪薪蟹懈褌薪褘械袨斜褟蟹邪褌械谢褜褋褌胁邪.袩械薪褋懈芯薪薪褘泄小褔械褌 = 袙孝_袣芯谢懈褔械褋褌胁芯袙褘锌谢邪褌.袩械薪褋懈芯薪薪褘泄小褔械褌
293,袙孝_袪械蟹褍谢褜褌邪褌袩褉械写胁,LEFT JOIN,袙孝_袩械薪褋懈芯薪薪褘械小褔械褌邪_小胁芯泄褋褌胁邪,袙孝_袩械薪褋懈芯薪薪褘械小褔械褌邪_小胁芯泄褋褌胁邪,袙孝_小褍屑屑褘,袙孝_小褍屑屑褘,袙孝_袩小_小胁芯泄褋褌胁邪_孝褉邪薪蟹懈褌薪褘械袨斜褟蟹邪褌械谢褜褋褌胁邪.袩械薪褋懈芯薪薪褘泄小褔械褌 = 袙孝_小褍屑屑褘.袩械薪褋懈芯薪薪褘泄小褔械褌
293,袙孝_袪械蟹褍谢褜褌邪褌袩褉械写胁,LEFT JOIN,袙孝_袩械薪褋懈芯薪薪褘械小褔械褌邪_小胁芯泄褋褌胁邪,袙孝_袩械薪褋懈芯薪薪褘械小褔械褌邪_小胁芯泄褋褌胁邪,袙孝_袙褘锌谢邪褌褘,袙孝_袙褘锌谢邪褌褘,袙孝_袩小_小胁芯泄褋褌胁邪_孝褉邪薪蟹懈褌薪褘械袨斜褟蟹邪褌械谢褜褋褌胁邪.袩械薪褋懈芯薪薪褘泄小褔械褌 = 袙孝_袙褘锌谢邪褌褘.袩械薪褋懈芯薪薪褘泄小褔械褌
293,袙孝_袪械蟹褍谢褜褌邪褌袩褉械写胁,LEFT JOIN,袙孝_袩械薪褋懈芯薪薪褘械小褔械褌邪_小胁芯泄褋褌胁邪,袙孝_袩械薪褋懈芯薪薪褘械小褔械褌邪_小胁芯泄褋褌胁邪,袙孝_袩械褉械胁芯写褘,袙孝_袩械褉械胁芯写褘,袙孝_袩小_小胁芯泄褋褌胁邪_孝褉邪薪蟹懈褌薪褘械袨斜褟蟹邪褌械谢褜褋褌胁邪.袩械薪褋懈芯薪薪褘泄小褔械褌 = 袙孝_袩械褉械胁芯写褘.袩械薪褋懈芯薪薪褘泄小褔械褌
293,袙孝_袪械蟹褍谢褜褌邪褌袩褉械写胁,LEFT JOIN,袙孝_袩械薪褋懈芯薪薪褘械小褔械褌邪_小胁芯泄褋褌胁邪,袙孝_袩械薪褋懈芯薪薪褘械小褔械褌邪_小胁芯泄褋褌胁邪,袙孝_袨褋褌邪褌泻懈袙褘锌谢邪褌,袙孝_袨褋褌邪褌泻懈袙褘锌谢邪褌,袙孝_袩小_小胁芯泄褋褌胁邪_孝褉邪薪蟹懈褌薪褘械袨斜褟蟹邪褌械谢褜褋褌胁邪.袩械薪褋懈芯薪薪褘泄小褔械褌 = 袙孝_袨褋褌邪褌泻懈袙褘锌谢邪褌.袩械薪褋懈芯薪薪褘泄小褔械褌
293,袙孝_袪械蟹褍谢褜褌邪褌袩褉械写胁,LEFT JOIN,袙孝_袩械薪褋懈芯薪薪褘械小褔械褌邪_小胁芯泄褋褌胁邪,袙孝_袩械薪褋懈芯薪薪褘械小褔械褌邪_小胁芯泄褋褌胁邪,袙孝_袩芯褋谢械写薪懈械袙褘锌谢邪褌褘,袙孝_袩芯褋谢械写薪懈械袙褘锌谢邪褌褘,袙孝_袩小_小胁芯泄褋褌胁邪_孝褉邪薪蟹懈褌薪褘械袨斜褟蟹邪褌械谢褜褋褌胁邪.袩械薪褋懈芯薪薪褘泄小褔械褌 = 袙孝_袩芯褋谢械写薪懈械袙褘锌谢邪褌褘.袩械薪褋懈芯薪薪褘泄小褔械褌
293,袙孝_袪械蟹褍谢褜褌邪褌袩褉械写胁,LEFT JOIN,袙孝_袩械薪褋懈芯薪薪褘械小褔械褌邪_小胁芯泄褋褌胁邪,袙孝_袩械薪褋懈芯薪薪褘械小褔械褌邪_小胁芯泄褋褌胁邪,袙孝_袛邪褌褘袨泻芯薪褔邪薪懈褟小褉芯褔薪褘褏袙褘锌谢邪褌,袙孝_袛邪褌褘袨泻芯薪褔邪薪懈褟小褉芯褔薪褘褏袙褘锌谢邪褌,袙孝_袩小_小胁芯泄褋褌胁邪_孝褉邪薪蟹懈褌薪褘械袨斜褟蟹邪褌械谢褜褋褌胁邪.袩械薪褋懈芯薪薪褘泄小褔械褌 = 袙孝_袛邪褌褘袨泻芯薪褔邪薪懈褟小褉芯褔薪褘褏袙褘锌谢邪褌.袩械薪褋懈芯薪薪褘泄小褔械褌
293,袙孝_袪械蟹褍谢褜褌邪褌袩褉械写胁,LEFT JOIN,袙孝_袩械薪褋懈芯薪薪褘械小褔械褌邪_小胁芯泄褋褌胁邪,袙孝_袩械薪褋懈芯薪薪褘械小褔械褌邪_小胁芯泄褋褌胁邪,袙孝_校屑械褉褕懈械,袙孝_校屑械褉褕懈械,袙孝_袩小_小胁芯泄褋褌胁邪_孝褉邪薪蟹懈褌薪褘械袨斜褟蟹邪褌械谢褜褋褌胁邪.校褔邪褋褌薪懈泻 = 袙孝_校屑械褉褕懈械.校褔邪褋褌薪懈泻
293,袙孝_袪械蟹褍谢褜褌邪褌袩褉械写胁,LEFT JOIN,袙孝_袩械薪褋懈芯薪薪褘械小褔械褌邪_小胁芯泄褋褌胁邪,袙孝_袩械薪褋懈芯薪薪褘械小褔械褌邪_小胁芯泄褋褌胁邪,袙孝_袪邪蟹屑械褉袩械薪褋懈泄,袙孝_袪邪蟹屑械褉袩械薪褋懈泄,袙孝_袩小_小胁芯泄褋褌胁邪_孝褉邪薪蟹懈褌薪褘械袨斜褟蟹邪褌械谢褜褋褌胁邪.袩械薪褋懈芯薪薪褘泄小褔械褌 = 袙孝_袪邪蟹屑械褉袩械薪褋懈泄.袩械薪褋懈芯薪薪褘泄小褔械褌
293,袙孝_袪械蟹褍谢褜褌邪褌袩褉械写胁,LEFT JOIN,袙孝_袩械薪褋懈芯薪薪褘械小褔械褌邪_小胁芯泄褋褌胁邪,袙孝_袩械薪褋懈芯薪薪褘械小褔械褌邪_小胁芯泄褋褌胁邪,袙孝_袩芯褋谢械写薪懈械袙褘锌谢邪褌褘袩芯袪械谐懈褋褌褉褍袙褘锌谢邪褌,袙孝_袩芯褋谢械写薪懈械袙褘锌谢邪褌褘袩芯袪械谐懈褋褌褉褍袙褘锌谢邪褌,袙孝_袩小_小胁芯泄褋褌胁邪_孝褉邪薪蟹懈褌薪褘械袨斜褟蟹邪褌械谢褜褋褌胁邪.袩械薪褋懈芯薪薪褘泄小褔械褌 = 袙孝_袩芯褋谢械写薪懈械袙褘锌谢邪褌褘袩芯袪械谐懈褋褌褉褍袙褘锌谢邪褌.袩械薪褋懈芯薪薪褘泄小褔械褌
293,袙孝_袪械蟹褍谢褜褌邪褌袩褉械写胁,LEFT JOIN,袙孝_袩械薪褋懈芯薪薪褘械小褔械褌邪_小胁芯泄褋褌胁邪,袙孝_袩械薪褋懈芯薪薪褘械小褔械褌邪_小胁芯泄褋褌胁邪,袙孝_小褉芯褔薪懈泻懈,袙孝_小褉芯褔薪懈泻懈,袙孝_袩小_小胁芯泄褋褌胁邪_孝褉邪薪蟹懈褌薪褘械袨斜褟蟹邪褌械谢褜褋褌胁邪.袩械薪褋懈芯薪薪褘泄小褔械褌 = 袙孝_小褉芯褔薪懈泻懈.袩械薪褋懈芯薪薪褘泄小褔械褌
293,袙孝_袪械蟹褍谢褜褌邪褌袩褉械写胁,LEFT JOIN,袙孝_袩械薪褋懈芯薪薪褘械小褔械褌邪_小胁芯泄褋褌胁邪,袙孝_袩械薪褋懈芯薪薪褘械小褔械褌邪_小胁芯泄褋褌胁邪,袙孝_袨褋褌邪褌泻懈袧邪褋谢械写薪懈泻芯胁,袙孝_袨褋褌邪褌泻懈袧邪褋谢械写薪懈泻芯胁,袙孝_袩小_小胁芯泄褋褌胁邪_孝褉邪薪蟹懈褌薪褘械袨斜褟蟹邪褌械谢褜褋褌胁邪.袩械薪褋懈芯薪薪褘泄小褔械褌 = 袙孝_袨褋褌邪褌泻懈袧邪褋谢械写薪懈泻芯胁.袩械薪褋懈芯薪薪褘泄小褔械褌
293,袙孝_袪械蟹褍谢褜褌邪褌袩褉械写胁,LEFT JOIN,袙孝_袩械薪褋懈芯薪薪褘械小褔械褌邪_小胁芯泄褋褌胁邪,袙孝_袩械薪褋懈芯薪薪褘械小褔械褌邪_小胁芯泄褋褌胁邪,袙孝_袪邪褋褔械褌薪褘械小褍屑屑褘袩袩,袙孝_袪邪褋褔械褌薪褘械小褍屑屑褘袩袩,袙孝_袩小_小胁芯泄褋褌胁邪_孝褉邪薪蟹懈褌薪褘械袨斜褟蟹邪褌械谢褜褋褌胁邪.袩械薪褋懈芯薪薪褘泄小褔械褌 = 袙孝_袪邪褋褔械褌薪褘械小褍屑屑褘袩袩.袩械薪褋懈芯薪薪褘泄小褔械褌
293,袙孝_袪械蟹褍谢褜褌邪褌袩褉械写胁,LEFT JOIN,袙孝_袩械薪褋懈芯薪薪褘械小褔械褌邪_小胁芯泄褋褌胁邪,袙孝_袩械薪褋懈芯薪薪褘械小褔械褌邪_小胁芯泄褋褌胁邪,袙孝_袪邪褋褔械褌薪邪褟袛邪褌邪袙小,袙孝_袪邪褋褔械褌薪邪褟袛邪褌邪袙小,袙孝_袩小_小胁芯泄褋褌胁邪_孝褉邪薪蟹懈褌薪褘械袨斜褟蟹邪褌械谢褜褋褌胁邪.袩械薪褋懈芯薪薪褘泄小褔械褌 = 袙孝_袪邪褋褔械褌薪邪褟袛邪褌邪袙小.袩械薪褋懈芯薪薪褘泄小褔械褌
293,袙孝_袪械蟹褍谢褜褌邪褌袩褉械写胁,LEFT JOIN,袙孝_袩械薪褋懈芯薪薪褘械小褔械褌邪_小胁芯泄褋褌胁邪,袙孝_袩械薪褋懈芯薪薪褘械小褔械褌邪_小胁芯泄褋褌胁邪,袙孝_袩械薪褋懈芯薪薪褘械小褔械褌邪_小胁芯泄褋褌胁邪,袙孝_袩械薪褋懈芯薪薪褘械小褔械褌邪_小胁芯泄褋褌胁邪,袙孝_袩小_小胁芯泄褋褌胁邪_孝褉邪薪蟹懈褌薪褘械袨斜褟蟹邪褌械谢褜褋褌胁邪.袩械薪褋懈芯薪薪褘泄小褔械褌 = 袙孝_袩械薪褋懈芯薪薪褘械小褔械褌邪_小胁芯泄褋褌胁邪.袩械薪褋懈芯薪薪褘泄小褔械褌
294,效邪褋褌褜_1,INNER JOIN,袙孝_袩械薪褋懈芯薪薪褘械小褔械褌邪_小胁芯泄褋褌胁邪,袙孝_袩械薪褋懈芯薪薪褘械小褔械褌邪_小胁芯泄褋褌胁邪,袙孝_袧械孝褉邪薪蟹懈褌薪褘械袙懈写褘袧邪褔邪谢芯袣芯薪械褑,袙孝_袧械孝褉邪薪蟹懈褌薪褘械袙懈写褘袧邪褔邪谢芯袣芯薪械褑,袙孝_袩械薪褋懈芯薪薪褘械小褔械褌邪_小胁芯泄褋褌胁邪.袩械薪褋懈芯薪薪褘泄小褔械褌 = 袙孝_袧械孝褉邪薪蟹懈褌薪褘械袙懈写褘袧邪褔邪谢芯袣芯薪械褑.袩械薪褋懈芯薪薪褘泄小褔械褌
294,效邪褋褌褜_1,INNER JOIN,袙孝_袩械薪褋懈芯薪薪褘械小褔械褌邪_小胁芯泄褋褌胁邪,袙孝_袩械薪褋懈芯薪薪褘械小褔械褌邪_小胁芯泄褋褌胁邪,袙孝_袩械薪褋懈芯薪薪褘械袛芯谐芯胁芯褉褘_小胁芯泄褋褌胁邪,袙孝_袩械薪褋懈芯薪薪褘械袛芯谐芯胁芯褉褘_小胁芯泄褋褌胁邪,袙孝_袩械薪褋懈芯薪薪褘械小褔械褌邪_小胁芯泄褋褌胁邪.袩械薪褋懈芯薪薪褘泄袛芯谐芯胁芯褉 = 袙孝_袩械薪褋懈芯薪薪褘械袛芯谐芯胁芯褉褘_小胁芯泄褋褌胁邪.袩械薪褋懈芯薪薪褘泄袛芯谐芯胁芯褉
294,效邪褋褌褜_1,INNER JOIN,袙孝_袩械薪褋懈芯薪薪褘械小褔械褌邪_小胁芯泄褋褌胁邪,袙孝_袩械薪褋懈芯薪薪褘械小褔械褌邪_小胁芯泄褋褌胁邪,袙孝_袠写械薪褌懈褎懈泻邪褌芯褉褘袣芯薪褌褉邪谐械薪褌芯胁_小褌邪褉褘械,袙孝_袠写械薪褌懈褎懈泻邪褌芯褉褘袣芯薪褌褉邪谐械薪褌芯胁,袙孝_袩械薪褋懈芯薪薪褘械小褔械褌邪_小胁芯泄褋褌胁邪.袙泻谢邪写褔懈泻 = 袙孝_袠写械薪褌懈褎懈泻邪褌芯褉褘袣芯薪褌褉邪谐械薪褌芯胁.袣芯薪褌褉邪谐械薪褌
294,效邪褋褌褜_1,INNER JOIN,袙孝_袩械薪褋懈芯薪薪褘械小褔械褌邪_小胁芯泄褋褌胁邪,袙孝_袩械薪褋懈芯薪薪褘械小褔械褌邪_小胁芯泄褋褌胁邪,袙孝_袠写械薪褌懈褎懈泻邪褌芯褉褘袣芯薪褌褉邪谐械薪褌芯胁,袙孝_袠写械薪褌懈褎懈泻邪褌芯褉褘袣芯薪褌褉邪谐械薪褌芯胁_袧芯胁褘械,袙孝_袩械薪褋懈芯薪薪褘械小褔械褌邪_小胁芯泄褋褌胁邪.袙泻谢邪写褔懈泻 = 袙孝_袠写械薪褌懈褎懈泻邪褌芯褉褘袣芯薪褌褉邪谐械薪褌芯胁_袧芯胁褘械.袣芯薪褌褉邪谐械薪褌
294,效邪褋褌褜_1,INNER JOIN,袙孝_袩械薪褋懈芯薪薪褘械小褔械褌邪_小胁芯泄褋褌胁邪,袙孝_袩械薪褋懈芯薪薪褘械小褔械褌邪_小胁芯泄褋褌胁邪,袙孝_袠写械薪褌懈褎懈泻邪褌芯褉褘袣芯薪褌褉邪谐械薪褌芯胁,袙孝_袠写械薪褌懈褎懈泻邪褌芯褉褘袣芯薪褌褉邪谐械薪褌芯胁_校褔邪褋褌薪懈泻懈,袙孝_袩械薪褋懈芯薪薪褘械小褔械褌邪_小胁芯泄褋褌胁邪.校褔邪褋褌薪懈泻 = 袙孝_袠写械薪褌懈褎懈泻邪褌芯褉褘袣芯薪褌褉邪谐械薪褌芯胁_校褔邪褋褌薪懈泻懈.袣芯薪褌褉邪谐械薪褌
294,效邪褋褌褜_1,LEFT JOIN,袙孝_袩械薪褋懈芯薪薪褘械小褔械褌邪_小胁芯泄褋褌胁邪,袙孝_袩械薪褋懈芯薪薪褘械小褔械褌邪_小胁芯泄褋褌胁邪,袙孝_小褏械屑褘_小胁芯泄褋褌胁邪,袙孝_小褏械屑褘_小胁芯泄褋褌胁邪,袙孝_小褏械屑褘袩械薪褋懈芯薪薪褘褏小褔械褌芯胁.小褏械屑邪 = 袙孝_小褏械屑褘_小胁芯泄褋褌胁邪.小褏械屑邪
294,效邪褋褌褜_1,LEFT JOIN,袙孝_袩械薪褋懈芯薪薪褘械小褔械褌邪_小胁芯泄褋褌胁邪,袙孝_袩械薪褋懈芯薪薪褘械小褔械褌邪_小胁芯泄褋褌胁邪,袙孝_小褍屑屑褘,袙孝_小褍屑屑褘,袙孝_袩械薪褋懈芯薪薪褘械小褔械褌邪_小胁芯泄褋褌胁邪.袩械薪褋懈芯薪薪褘泄小褔械褌 = 袙孝_小褍屑屑褘.袩械薪褋懈芯薪薪褘泄小褔械褌
294,效邪褋褌褜_1,LEFT JOIN,袙孝_袩械薪褋懈芯薪薪褘械小褔械褌邪_小胁芯泄褋褌胁邪,袙孝_袩械薪褋懈芯薪薪褘械小褔械褌邪_小胁芯泄褋褌胁邪,袙孝_袠写械薪褌懈褎懈泻邪褌芯褉褘袣芯薪褌褉邪谐械薪褌芯胁_小褌邪褉褘械,袙孝_袠写械薪褌懈褎懈泻邪褌芯褉褘校褔邪褋褌薪懈泻芯胁,袙孝_袩械薪褋懈芯薪薪褘械小褔械褌邪_小胁芯泄褋褌胁邪.校褔邪褋褌薪懈泻 = 袙孝_袠写械薪褌懈褎懈泻邪褌芯褉褘校褔邪褋褌薪懈泻芯胁.袣芯薪褌褉邪谐械薪褌
294,效邪褋褌褜_1,LEFT JOIN,袙孝_袩械薪褋懈芯薪薪褘械小褔械褌邪_小胁芯泄褋褌胁邪,袙孝_袩械薪褋懈芯薪薪褘械小褔械褌邪_小胁芯泄褋褌胁邪,袙孝_肖懈蟹懈褔械褋泻懈械袥懈褑邪_小胁芯泄褋褌胁邪,袙孝_肖懈蟹懈褔械褋泻懈械袥懈褑邪_小胁芯泄褋褌胁邪,袙孝_肖懈蟹懈褔械褋泻懈械袥懈褑邪.肖懈蟹懈褔械褋泻芯械袥懈褑芯 = 袙孝_肖懈蟹懈褔械褋泻懈械袥懈褑邪_小胁芯泄褋褌胁邪.肖懈蟹懈褔械褋泻芯械袥懈褑芯
294,效邪褋褌褜_1,LEFT JOIN,袙孝_袩械薪褋懈芯薪薪褘械小褔械褌邪_小胁芯泄褋褌胁邪,袙孝_袩械薪褋懈芯薪薪褘械小褔械褌邪_小胁芯泄褋褌胁邪,袙孝_小芯褋褌芯褟薪懈褟袩械薪褋懈芯薪薪褘褏小褔械褌芯胁,袙孝_小芯褋褌芯褟薪懈褟袩械薪褋懈芯薪薪褘褏小褔械褌芯胁,袙孝_袩械薪褋懈芯薪薪褘械小褔械褌邪_小胁芯泄褋褌胁邪.袩械薪褋懈芯薪薪褘泄小褔械褌 = 袙孝_小芯褋褌芯褟薪懈褟袩械薪褋懈芯薪薪褘褏小褔械褌芯胁.袩械薪褋懈芯薪薪褘泄小褔械褌
294,效邪褋褌褜_1,LEFT JOIN,袙孝_袩械薪褋懈芯薪薪褘械小褔械褌邪_小胁芯泄褋褌胁邪,袙孝_袩械薪褋懈芯薪薪褘械小褔械褌邪_小胁芯泄褋褌胁邪,袙孝_袦袚袛,袙孝_袦袚袛,袙孝_袩械薪褋懈芯薪薪褘械小褔械褌邪_小胁芯泄褋褌胁邪.袩械薪褋懈芯薪薪褘泄袛芯谐芯胁芯褉 = 袙孝_袦袚袛.袩械薪褋懈芯薪薪褘泄袛芯谐芯胁芯褉
294,效邪褋褌褜_1,LEFT JOIN,袙孝_袩械薪褋懈芯薪薪褘械小褔械褌邪_小胁芯泄褋褌胁邪,袙孝_袩械薪褋懈芯薪薪褘械小褔械褌邪_小胁芯泄褋褌胁邪,袙孝_袩械褉懈芯写懈褔薪芯褋褌褜袙褘锌谢邪褌,袙孝_袩械褉懈芯写懈褔薪芯褋褌褜袙褘锌谢邪褌,袙孝_袩械薪褋懈芯薪薪褘械小褔械褌邪_小胁芯泄褋褌胁邪.袩械薪褋懈芯薪薪褘泄小褔械褌 = 袙孝_袩械褉懈芯写懈褔薪芯褋褌褜袙褘锌谢邪褌.袧芯屑械褉小褔械褌邪
294,效邪褋褌褜_1,LEFT JOIN,袙孝_袩械薪褋懈芯薪薪褘械小褔械褌邪_小胁芯泄褋褌胁邪,袙孝_袩械薪褋懈芯薪薪褘械小褔械褌邪_小胁芯泄褋褌胁邪,袙孝_袩械薪褋懈芯薪薪褘械小褔械褌邪_袧邪褔邪谢芯袙褘锌谢邪褌,袙孝_袩械薪褋懈芯薪薪褘械小褔械褌邪_袧邪褔邪谢芯袙褘锌谢邪褌,袙孝_袩械薪褋懈芯薪薪褘械小褔械褌邪_小胁芯泄褋褌胁邪.袩械薪褋懈芯薪薪褘泄小褔械褌 = 袙孝_袩械薪褋懈芯薪薪褘械小褔械褌邪_袧邪褔邪谢芯袙褘锌谢邪褌.袩械薪褋懈芯薪薪褘泄小褔械褌
294,效邪褋褌褜_1,LEFT JOIN,袙孝_袩械薪褋懈芯薪薪褘械小褔械褌邪_小胁芯泄褋褌胁邪,袙孝_袩械薪褋懈芯薪薪褘械小褔械褌邪_小胁芯泄褋褌胁邪,袙孝_袣芯谢懈褔械褋褌胁芯袙褘锌谢邪褌,袙孝_袣芯谢懈褔械褋褌胁芯袙褘锌谢邪褌,袙孝_袩械薪褋懈芯薪薪褘械小褔械褌邪_小胁芯泄褋褌胁邪.袩械薪褋懈芯薪薪褘泄小褔械褌 = 袙孝_袣芯谢懈褔械褋褌胁芯袙褘锌谢邪褌.袩械薪褋懈芯薪薪褘泄小褔械褌
294,效邪褋褌褜_1,LEFT JOIN,袙孝_袩械薪褋懈芯薪薪褘械小褔械褌邪_小胁芯泄褋褌胁邪,袙孝_袩械薪褋懈芯薪薪褘械小褔械褌邪_小胁芯泄褋褌胁邪,袙孝_袙褘锌谢邪褌褘,袙孝_袙褘锌谢邪褌褘,袙孝_袩械薪褋懈芯薪薪褘械小褔械褌邪_小胁芯泄褋褌胁邪.袩械薪褋懈芯薪薪褘泄小褔械褌 = 袙孝_袙褘锌谢邪褌褘.袩械薪褋懈芯薪薪褘泄小褔械褌
294,效邪褋褌褜_1,LEFT JOIN,袙孝_袩械薪褋懈芯薪薪褘械小褔械褌邪_小胁芯泄褋褌胁邪,袙孝_袩械薪褋懈芯薪薪褘械小褔械褌邪_小胁芯泄褋褌胁邪,袙孝_袩械褉械胁芯写褘,袙孝_袩械褉械胁芯写褘,袙孝_袩械薪褋懈芯薪薪褘械小褔械褌邪_小胁芯泄褋褌胁邪.袩械薪褋懈芯薪薪褘泄小褔械褌 = 袙孝_袩械褉械胁芯写褘.袩械薪褋懈芯薪薪褘泄小褔械褌
294,效邪褋褌褜_1,LEFT JOIN,袙孝_袩械薪褋懈芯薪薪褘械小褔械褌邪_小胁芯泄褋褌胁邪,袙孝_袩械薪褋懈芯薪薪褘械小褔械褌邪_小胁芯泄褋褌胁邪,袙孝_袨褋褌邪褌泻懈袙褘锌谢邪褌,袙孝_袨褋褌邪褌泻懈袙褘锌谢邪褌,袙孝_袩械薪褋懈芯薪薪褘械小褔械褌邪_小胁芯泄褋褌胁邪.袩械薪褋懈芯薪薪褘泄小褔械褌 = 袙孝_袨褋褌邪褌泻懈袙褘锌谢邪褌.袩械薪褋懈芯薪薪褘泄小褔械褌
294,效邪褋褌褜_1,LEFT JOIN,袙孝_袩械薪褋懈芯薪薪褘械小褔械褌邪_小胁芯泄褋褌胁邪,袙孝_袩械薪褋懈芯薪薪褘械小褔械褌邪_小胁芯泄褋褌胁邪,袙孝_袩芯褋谢械写薪懈械袙褘锌谢邪褌褘,袙孝_袩芯褋谢械写薪懈械袙褘锌谢邪褌褘,袙孝_袩械薪褋懈芯薪薪褘械小褔械褌邪_小胁芯泄褋褌胁邪.袩械薪褋懈芯薪薪褘泄小褔械褌 = 袙孝_袩芯褋谢械写薪懈械袙褘锌谢邪褌褘.袩械薪褋懈芯薪薪褘泄小褔械褌
294,效邪褋褌褜_1,LEFT JOIN,袙孝_袩械薪褋懈芯薪薪褘械小褔械褌邪_小胁芯泄褋褌胁邪,袙孝_袩械薪褋懈芯薪薪褘械小褔械褌邪_小胁芯泄褋褌胁邪,袙孝_袛邪褌褘袨泻芯薪褔邪薪懈褟小褉芯褔薪褘褏袙褘锌谢邪褌,袙孝_袛邪褌褘袨泻芯薪褔邪薪懈褟小褉芯褔薪褘褏袙褘锌谢邪褌,袙孝_袩械薪褋懈芯薪薪褘械小褔械褌邪_小胁芯泄褋褌胁邪.袩械薪褋懈芯薪薪褘泄小褔械褌 = 袙孝_袛邪褌褘袨泻芯薪褔邪薪懈褟小褉芯褔薪褘褏袙褘锌谢邪褌.袩械薪褋懈芯薪薪褘泄小褔械褌
294,效邪褋褌褜_1,LEFT JOIN,袙孝_袩械薪褋懈芯薪薪褘械小褔械褌邪_小胁芯泄褋褌胁邪,袙孝_袩械薪褋懈芯薪薪褘械小褔械褌邪_小胁芯泄褋褌胁邪,袙孝_校屑械褉褕懈械,袙孝_校屑械褉褕懈械,袙孝_袩械薪褋懈芯薪薪褘械小褔械褌邪_小胁芯泄褋褌胁邪.校褔邪褋褌薪懈泻 = 袙孝_校屑械褉褕懈械.校褔邪褋褌薪懈泻
294,效邪褋褌褜_1,LEFT JOIN,袙孝_袩械薪褋懈芯薪薪褘械小褔械褌邪_小胁芯泄褋褌胁邪,袙孝_袩械薪褋懈芯薪薪褘械小褔械褌邪_小胁芯泄褋褌胁邪,袙孝_袪邪蟹屑械褉袩械薪褋懈泄,袙孝_袪邪蟹屑械褉袩械薪褋懈泄,袙孝_袩械薪褋懈芯薪薪褘械小褔械褌邪_小胁芯泄褋褌胁邪.袩械薪褋懈芯薪薪褘泄小褔械褌 = 袙孝_袪邪蟹屑械褉袩械薪褋懈泄.袩械薪褋懈芯薪薪褘泄小褔械褌
294,效邪褋褌褜_1,LEFT JOIN,袙孝_袩械薪褋懈芯薪薪褘械小褔械褌邪_小胁芯泄褋褌胁邪,袙孝_袩械薪褋懈芯薪薪褘械小褔械褌邪_小胁芯泄褋褌胁邪,袙孝_袩芯褋谢械写薪懈械袙褘锌谢邪褌褘袩芯袪械谐懈褋褌褉褍袙褘锌谢邪褌,袙孝_袩芯褋谢械写薪懈械袙褘锌谢邪褌褘袩芯袪械谐懈褋褌褉褍袙褘锌谢邪褌,袙孝_袩械薪褋懈芯薪薪褘械小褔械褌邪_小胁芯泄褋褌胁邪.袩械薪褋懈芯薪薪褘泄小褔械褌 = 袙孝_袩芯褋谢械写薪懈械袙褘锌谢邪褌褘袩芯袪械谐懈褋褌褉褍袙褘锌谢邪褌.袩械薪褋懈芯薪薪褘泄小褔械褌
294,效邪褋褌褜_1,LEFT JOIN,袙孝_袩械薪褋懈芯薪薪褘械小褔械褌邪_小胁芯泄褋褌胁邪,袙孝_袩械薪褋懈芯薪薪褘械小褔械褌邪_小胁芯泄褋褌胁邪,袙孝_小褉芯褔薪懈泻懈,袙孝_小褉芯褔薪懈泻懈,袙孝_袩械薪褋懈芯薪薪褘械小褔械褌邪_小胁芯泄褋褌胁邪.袩械薪褋懈芯薪薪褘泄小褔械褌 = 袙孝_小褉芯褔薪懈泻懈.袩械薪褋懈芯薪薪褘泄小褔械褌
294,效邪褋褌褜_1,LEFT JOIN,袙孝_袩械薪褋懈芯薪薪褘械小褔械褌邪_小胁芯泄褋褌胁邪,袙孝_袩械薪褋懈芯薪薪褘械小褔械褌邪_小胁芯泄褋褌胁邪,袙孝_袨褋褌邪褌泻懈袧邪褋谢械写薪懈泻芯胁,袙孝_袨褋褌邪褌泻懈袧邪褋谢械写薪懈泻芯胁,袙孝_袩械薪褋懈芯薪薪褘械小褔械褌邪_小胁芯泄褋褌胁邪.袩械薪褋懈芯薪薪褘泄小褔械褌 = 袙孝_袨褋褌邪褌泻懈袧邪褋谢械写薪懈泻芯胁.袩械薪褋懈芯薪薪褘泄小褔械褌
294,效邪褋褌褜_1,LEFT JOIN,袙孝_袩械薪褋懈芯薪薪褘械小褔械褌邪_小胁芯泄褋褌胁邪,袙孝_袩械薪褋懈芯薪薪褘械小褔械褌邪_小胁芯泄褋褌胁邪,袙孝_袪邪褋褔械褌薪褘械小褍屑屑褘袩袩,袙孝_袪邪褋褔械褌薪褘械小褍屑屑褘袩袩,袙孝_袩械薪褋懈芯薪薪褘械小褔械褌邪_小胁芯泄褋褌胁邪.袩械薪褋懈芯薪薪褘泄小褔械褌 = 袙孝_袪邪褋褔械褌薪褘械小褍屑屑褘袩袩.袩械薪褋懈芯薪薪褘泄小褔械褌
294,效邪褋褌褜_1,LEFT JOIN,袙孝_袩械薪褋懈芯薪薪褘械小褔械褌邪_小胁芯泄褋褌胁邪,袙孝_袩械薪褋懈芯薪薪褘械小褔械褌邪_小胁芯泄褋褌胁邪,袙孝_袪邪褋褔械褌薪邪褟袛邪褌邪袙小,袙孝_袪邪褋褔械褌薪邪褟袛邪褌邪袙小,"袙孝_袩械薪褋懈芯薪薪褘械小褔械褌邪_小胁芯泄褋褌胁邪.袩械薪褋懈芯薪薪褘泄小褔械褌 = 袙孝_袪邪褋褔械褌薪邪褟袛邪褌邪袙小.袩械薪褋懈芯薪薪褘泄小褔械褌,"
295,效邪褋褌褜_2,INNER JOIN,袙孝_袩械薪褋懈芯薪薪褘械小褔械褌邪_袧械袠袩小,袙孝_袩械薪褋懈芯薪薪褘械小褔械褌邪_袧械袠袩小,袙孝_袧械孝褉邪薪蟹懈褌薪褘械袙懈写褘袧邪褔邪谢芯袣芯薪械褑,袙孝_袧械孝褉邪薪蟹懈褌薪褘械袙懈写褘袧邪褔邪谢芯袣芯薪械褑,袙孝_袩械薪褋懈芯薪薪褘械小褔械褌邪_袧械袠袩小.袩械薪褋懈芯薪薪褘泄小褔械褌 = 袙孝_袧械孝褉邪薪蟹懈褌薪褘械袙懈写褘袧邪褔邪谢芯袣芯薪械褑.袩械薪褋懈芯薪薪褘泄小褔械褌
295,效邪褋褌褜_2,INNER JOIN,袙孝_袩械薪褋懈芯薪薪褘械小褔械褌邪_袧械袠袩小,袙孝_袩械薪褋懈芯薪薪褘械小褔械褌邪_袧械袠袩小,袙孝_袩械薪褋懈芯薪薪褘械袛芯谐芯胁芯褉褘_小胁芯泄褋褌胁邪,袙孝_袩械薪褋懈芯薪薪褘械袛芯谐芯胁芯褉褘_小胁芯泄褋褌胁邪,袙孝_袩械薪褋懈芯薪薪褘械小褔械褌邪_小胁芯泄褋褌胁邪.袩械薪褋懈芯薪薪褘泄袛芯谐芯胁芯褉 = 袙孝_袩械薪褋懈芯薪薪褘械袛芯谐芯胁芯褉褘_小胁芯泄褋褌胁邪.袩械薪褋懈芯薪薪褘泄袛芯谐芯胁芯褉
295,效邪褋褌褜_2,INNER JOIN,袙孝_袩械薪褋懈芯薪薪褘械小褔械褌邪_袧械袠袩小,袙孝_袩械薪褋懈芯薪薪褘械小褔械褌邪_袧械袠袩小,袙孝_袠写械薪褌懈褎懈泻邪褌芯褉褘袣芯薪褌褉邪谐械薪褌芯胁_小褌邪褉褘械,袙孝_袠写械薪褌懈褎懈泻邪褌芯褉褘袣芯薪褌褉邪谐械薪褌芯胁,袙孝_袩械薪褋懈芯薪薪褘械小褔械褌邪_小胁芯泄褋褌胁邪.袙泻谢邪写褔懈泻 = 袙孝_袠写械薪褌懈褎懈泻邪褌芯褉褘袣芯薪褌褉邪谐械薪褌芯胁.袣芯薪褌褉邪谐械薪褌
295,效邪褋褌褜_2,INNER JOIN,袙孝_袩械薪褋懈芯薪薪褘械小褔械褌邪_袧械袠袩小,袙孝_袩械薪褋懈芯薪薪褘械小褔械褌邪_袧械袠袩小,袙孝_袠写械薪褌懈褎懈泻邪褌芯褉褘袣芯薪褌褉邪谐械薪褌芯胁,袙孝_袠写械薪褌懈褎懈泻邪褌芯褉褘袣芯薪褌褉邪谐械薪褌芯胁_袧芯胁褘械,袙孝_袩械薪褋懈芯薪薪褘械小褔械褌邪_小胁芯泄褋褌胁邪.袙泻谢邪写褔懈泻 = 袙孝_袠写械薪褌懈褎懈泻邪褌芯褉褘袣芯薪褌褉邪谐械薪褌芯胁_袧芯胁褘械.袣芯薪褌褉邪谐械薪褌
295,效邪褋褌褜_2,LEFT JOIN,袙孝_袩械薪褋懈芯薪薪褘械小褔械褌邪_袧械袠袩小,袙孝_袩械薪褋懈芯薪薪褘械小褔械褌邪_袧械袠袩小,袙孝_袦袚袛,袙孝_袦袚袛,(袙孝_袩械薪褋懈芯薪薪褘械袛芯谐芯胁芯褉褘_小胁芯泄褋褌胁邪.袩械薪褋懈芯薪薪褘泄袛芯谐芯胁芯褉 = 袙孝_袦袚袛.袩械薪褋懈芯薪薪褘泄袛芯谐芯胁芯褉)
295,效邪褋褌褜_2,LEFT JOIN,袙孝_袩械薪褋懈芯薪薪褘械小褔械褌邪_袧械袠袩小,袙孝_袩械薪褋懈芯薪薪褘械小褔械褌邪_袧械袠袩小,袙孝_小褏械屑褘_小胁芯泄褋褌胁邪,袙孝_小褏械屑褘_小胁芯泄褋褌胁邪,袙孝_小褏械屑褘袩械薪褋懈芯薪薪褘褏小褔械褌芯胁.小褏械屑邪 = 袙孝_小褏械屑褘_小胁芯泄褋褌胁邪.小褏械屑邪
295,效邪褋褌褜_2,LEFT JOIN,袙孝_袩械薪褋懈芯薪薪褘械小褔械褌邪_袧械袠袩小,袙孝_袩械薪褋懈芯薪薪褘械小褔械褌邪_袧械袠袩小,袙孝_小褍屑屑褘,袙孝_小褍屑屑褘,袙孝_袩械薪褋懈芯薪薪褘械小褔械褌邪_袧械袠袩小.袩械薪褋懈芯薪薪褘泄小褔械褌 = 袙孝_小褍屑屑褘.袩械薪褋懈芯薪薪褘泄小褔械褌
295,效邪褋褌褜_2,LEFT JOIN,袙孝_袩械薪褋懈芯薪薪褘械小褔械褌邪_袧械袠袩小,袙孝_袩械薪褋懈芯薪薪褘械小褔械褌邪_袧械袠袩小,袙孝_袙褘锌谢邪褌褘,袙孝_袙褘锌谢邪褌褘,袙孝_袩械薪褋懈芯薪薪褘械小褔械褌邪_袧械袠袩小.袩械薪褋懈芯薪薪褘泄小褔械褌 = 袙孝_袙褘锌谢邪褌褘.袩械薪褋懈芯薪薪褘泄小褔械褌
295,效邪褋褌褜_2,LEFT JOIN,袙孝_袩械薪褋懈芯薪薪褘械小褔械褌邪_袧械袠袩小,袙孝_袩械薪褋懈芯薪薪褘械小褔械褌邪_袧械袠袩小,袙孝_袩械褉械胁芯写褘,袙孝_袩械褉械胁芯写褘,袙孝_袩械薪褋懈芯薪薪褘械小褔械褌邪_袧械袠袩小.袩械薪褋懈芯薪薪褘泄小褔械褌 = 袙孝_袩械褉械胁芯写褘.袩械薪褋懈芯薪薪褘泄小褔械褌
295,效邪褋褌褜_2,LEFT JOIN,袙孝_袩械薪褋懈芯薪薪褘械小褔械褌邪_袧械袠袩小,袙孝_袩械薪褋懈芯薪薪褘械小褔械褌邪_袧械袠袩小,袙孝_小芯褋褌芯褟薪懈褟袩械薪褋懈芯薪薪褘褏小褔械褌芯胁,袙孝_小芯褋褌芯褟薪懈褟袩械薪褋懈芯薪薪褘褏小褔械褌芯胁,袙孝_袩械薪褋懈芯薪薪褘械小褔械褌邪_袧械袠袩小.袩械薪褋懈芯薪薪褘泄小褔械褌 = 袙孝_小芯褋褌芯褟薪懈褟袩械薪褋懈芯薪薪褘褏小褔械褌芯胁.袩械薪褋懈芯薪薪褘泄小褔械褌
295,效邪褋褌褜_2,LEFT JOIN,袙孝_袩械薪褋懈芯薪薪褘械小褔械褌邪_袧械袠袩小,袙孝_袩械薪褋懈芯薪薪褘械小褔械褌邪_袧械袠袩小,袙孝_袪邪褋褔械褌薪褘械小褍屑屑褘袩袩,袙孝_袪邪褋褔械褌薪褘械小褍屑屑褘袩袩,袙孝_袩械薪褋懈芯薪薪褘械小褔械褌邪_小胁芯泄褋褌胁邪.袩械薪褋懈芯薪薪褘泄小褔械褌 = 袙孝_袪邪褋褔械褌薪褘械小褍屑屑褘袩袩.袩械薪褋懈芯薪薪褘泄小褔械褌
295,效邪褋褌褜_2,LEFT JOIN,袙孝_袩械薪褋懈芯薪薪褘械小褔械褌邪_袧械袠袩小,袙孝_袩械薪褋懈芯薪薪褘械小褔械褌邪_袧械袠袩小,袙孝_袪邪褋褔械褌薪邪褟袛邪褌邪袙小,袙孝_袪邪褋褔械褌薪邪褟袛邪褌邪袙小,袙孝_袩械薪褋懈芯薪薪褘械小褔械褌邪_小胁芯泄褋褌胁邪.袩械薪褋懈芯薪薪褘泄小褔械褌 = 袙孝_袪邪褋褔械褌薪邪褟袛邪褌邪袙小.袩械薪褋懈芯薪薪褘泄小褔械褌
295,效邪褋褌褜_2,LEFT JOIN,袙孝_袩械薪褋懈芯薪薪褘械小褔械褌邪_袧械袠袩小,袙孝_袩械薪褋懈芯薪薪褘械小褔械褌邪_袧械袠袩小,袙孝_袛芯锌芯谢薪懈褌械谢褜薪芯袙褘泻褍锌薪邪褟袙泻写邪褔懈泻褍袧械褌小袩孝,袙孝_袛芯锌芯谢薪懈褌械谢褜薪芯袙褘泻褍锌薪邪褟袙泻写邪褔懈泻褍袧械褌小袩孝,袙孝_袩械薪褋懈芯薪薪褘械小褔械褌邪_小胁芯泄褋褌胁邪.袩械薪褋懈芯薪薪褘泄小褔械褌 = 袙孝_袛芯锌芯谢薪懈褌械谢褜薪芯袙褘泻褍锌薪邪褟袙泻写邪褔懈泻褍袧械褌小袩孝.小褔械褌袛芯谐芯胁芯褉邪
296,效邪褋褌褜_3,LEFT JOIN,袙孝_孝褉邪薪蟹懈褌薪褘械袙懈写褘袧邪褔邪谢芯袣芯薪械褑_小褍屑屑褘,袙孝_孝褉邪薪蟹懈褌薪褘械袙懈写褘,袙孝_袩械薪褋懈芯薪薪褘械小褔械褌邪_小胁芯泄褋褌胁邪_孝褉邪薪蟹懈褌薪褘械袨斜褟蟹邪褌械谢褜褋褌胁邪,袙孝_袩小_小胁芯泄褋褌胁邪_孝褉邪薪蟹懈褌薪褘械袨斜褟蟹邪褌械谢褜褋褌胁邪,袙孝_孝褉邪薪蟹懈褌薪褘械袙懈写褘.袩械薪褋懈芯薪薪褘泄小褔械褌 = 袙孝_袩小_小胁芯泄褋褌胁邪_孝褉邪薪蟹懈褌薪褘械袨斜褟蟹邪褌械谢褜褋褌胁邪.袩械薪褋懈芯薪薪褘泄小褔械褌
296,效邪褋褌褜_3,LEFT JOIN,袙孝_孝褉邪薪蟹懈褌薪褘械袙懈写褘袧邪褔邪谢芯袣芯薪械褑_小褍屑屑褘,袙孝_孝褉邪薪蟹懈褌薪褘械袙懈写褘,袙孝_小褏械屑褘_小胁芯泄褋褌胁邪,袙孝_小褏械屑褘_小胁芯泄褋褌胁邪,袙孝_袩小_小褏械屑褘_孝褉邪薪蟹懈褌薪褘械袨斜褟蟹邪褌械谢褜褋褌胁邪.小褏械屑邪 = 袙孝_小褏械屑褘_小胁芯泄褋褌胁邪.小褏械屑邪
296,效邪褋褌褜_3,INNER JOIN,袙孝_孝褉邪薪蟹懈褌薪褘械袙懈写褘袧邪褔邪谢芯袣芯薪械褑_小褍屑屑褘,袙孝_孝褉邪薪蟹懈褌薪褘械袙懈写褘,袙孝_袩械薪褋懈芯薪薪褘械袛芯谐芯胁芯褉褘_小胁芯泄褋褌胁邪,袙孝_袩械薪褋懈芯薪薪褘械袛芯谐芯胁芯褉褘_小胁芯泄褋褌胁邪,袙孝_袩小_小胁芯泄褋褌胁邪_孝褉邪薪蟹懈褌薪褘械袨斜褟蟹邪褌械谢褜褋褌胁邪.袩械薪褋懈芯薪薪褘泄袛芯谐芯胁芯褉 = 袙孝_袩械薪褋懈芯薪薪褘械袛芯谐芯胁芯褉褘_小胁芯泄褋褌胁邪.袩械薪褋懈芯薪薪褘泄袛芯谐芯胁芯褉
296,效邪褋褌褜_3,INNER JOIN,袙孝_孝褉邪薪蟹懈褌薪褘械袙懈写褘袧邪褔邪谢芯袣芯薪械褑_小褍屑屑褘,袙孝_孝褉邪薪蟹懈褌薪褘械袙懈写褘,袙孝_袠写械薪褌懈褎懈泻邪褌芯褉褘袣芯薪褌褉邪谐械薪褌芯胁_小褌邪褉褘械,袙孝_袠写械薪褌懈褎懈泻邪褌芯褉褘袣芯薪褌褉邪谐械薪褌芯胁,袙孝_袩小_小胁芯泄褋褌胁邪_孝褉邪薪蟹懈褌薪褘械袨斜褟蟹邪褌械谢褜褋褌胁邪.袙泻谢邪写褔懈泻 = 袙孝_袠写械薪褌懈褎懈泻邪褌芯褉褘袣芯薪褌褉邪谐械薪褌芯胁.袣芯薪褌褉邪谐械薪褌
296,效邪褋褌褜_3,INNER JOIN,袙孝_孝褉邪薪蟹懈褌薪褘械袙懈写褘袧邪褔邪谢芯袣芯薪械褑_小褍屑屑褘,袙孝_孝褉邪薪蟹懈褌薪褘械袙懈写褘,袙孝_袠写械薪褌懈褎懈泻邪褌芯褉褘袣芯薪褌褉邪谐械薪褌芯胁,袙孝_袠写械薪褌懈褎懈泻邪褌芯褉褘袣芯薪褌褉邪谐械薪褌芯胁_袧芯胁褘械,袙孝_袩小_小胁芯泄褋褌胁邪_孝褉邪薪蟹懈褌薪褘械袨斜褟蟹邪褌械谢褜褋褌胁邪.袙泻谢邪写褔懈泻 = 袙孝_袠写械薪褌懈褎懈泻邪褌芯褉褘袣芯薪褌褉邪谐械薪褌芯胁_袧芯胁褘械.袣芯薪褌褉邪谐械薪褌
296,效邪褋褌褜_3,INNER JOIN,袙孝_孝褉邪薪蟹懈褌薪褘械袙懈写褘袧邪褔邪谢芯袣芯薪械褑_小褍屑屑褘,袙孝_孝褉邪薪蟹懈褌薪褘械袙懈写褘,袙孝_袠写械薪褌懈褎懈泻邪褌芯褉褘袣芯薪褌褉邪谐械薪褌芯胁,袙孝_袠写械薪褌懈褎懈泻邪褌芯褉褘袣芯薪褌褉邪谐械薪褌芯胁_校褔邪褋褌薪懈泻懈,袙孝_袩小_小胁芯泄褋褌胁邪_孝褉邪薪蟹懈褌薪褘械袨斜褟蟹邪褌械谢褜褋褌胁邪.校褔邪褋褌薪懈泻 = 袙孝_袠写械薪褌懈褎懈泻邪褌芯褉褘袣芯薪褌褉邪谐械薪褌芯胁_校褔邪褋褌薪懈泻懈.袣芯薪褌褉邪谐械薪褌
296,效邪褋褌褜_3,LEFT JOIN,袙孝_孝褉邪薪蟹懈褌薪褘械袙懈写褘袧邪褔邪谢芯袣芯薪械褑_小褍屑屑褘,袙孝_孝褉邪薪蟹懈褌薪褘械袙懈写褘,袙孝_袠写械薪褌懈褎懈泻邪褌芯褉褘袣芯薪褌褉邪谐械薪褌芯胁_小褌邪褉褘械,袙孝_袠写械薪褌懈褎懈泻邪褌芯褉褘校褔邪褋褌薪懈泻芯胁,袙孝_袩小_小胁芯泄褋褌胁邪_孝褉邪薪蟹懈褌薪褘械袨斜褟蟹邪褌械谢褜褋褌胁邪.校褔邪褋褌薪懈泻 = 袙孝_袠写械薪褌懈褎懈泻邪褌芯褉褘校褔邪褋褌薪懈泻芯胁.袣芯薪褌褉邪谐械薪褌
296,效邪褋褌褜_3,LEFT JOIN,袙孝_孝褉邪薪蟹懈褌薪褘械袙懈写褘袧邪褔邪谢芯袣芯薪械褑_小褍屑屑褘,袙孝_孝褉邪薪蟹懈褌薪褘械袙懈写褘,袙孝_肖懈蟹懈褔械褋泻懈械袥懈褑邪_小胁芯泄褋褌胁邪,袙孝_肖懈蟹懈褔械褋泻懈械袥懈褑邪_小胁芯泄褋褌胁邪,袙孝_肖懈蟹懈褔械褋泻懈械袥懈褑邪.肖懈蟹懈褔械褋泻芯械袥懈褑芯 = 袙孝_肖懈蟹懈褔械褋泻懈械袥懈褑邪_小胁芯泄褋褌胁邪.肖懈蟹懈褔械褋泻芯械袥懈褑芯
296,效邪褋褌褜_3,LEFT JOIN,袙孝_孝褉邪薪蟹懈褌薪褘械袙懈写褘袧邪褔邪谢芯袣芯薪械褑_小褍屑屑褘,袙孝_孝褉邪薪蟹懈褌薪褘械袙懈写褘,袙孝_小芯褋褌芯褟薪懈褟袩械薪褋懈芯薪薪褘褏小褔械褌芯胁,袙孝_小芯褋褌芯褟薪懈褟袩械薪褋懈芯薪薪褘褏小褔械褌芯胁,袙孝_袩小_小胁芯泄褋褌胁邪_孝褉邪薪蟹懈褌薪褘械袨斜褟蟹邪褌械谢褜褋褌胁邪.袩械薪褋懈芯薪薪褘泄小褔械褌 = 袙孝_小芯褋褌芯褟薪懈褟袩械薪褋懈芯薪薪褘褏小褔械褌芯胁.袩械薪褋懈芯薪薪褘泄小褔械褌
296,效邪褋褌褜_3,LEFT JOIN,袙孝_孝褉邪薪蟹懈褌薪褘械袙懈写褘袧邪褔邪谢芯袣芯薪械褑_小褍屑屑褘,袙孝_孝褉邪薪蟹懈褌薪褘械袙懈写褘,袙孝_袦袚袛,袙孝_袦袚袛,袙孝_袩小_小胁芯泄褋褌胁邪_孝褉邪薪蟹懈褌薪褘械袨斜褟蟹邪褌械谢褜褋褌胁邪.袩械薪褋懈芯薪薪褘泄袛芯谐芯胁芯褉 = 袙孝_袦袚袛.袩械薪褋懈芯薪薪褘泄袛芯谐芯胁芯褉
296,效邪褋褌褜_3,LEFT JOIN,袙孝_孝褉邪薪蟹懈褌薪褘械袙懈写褘袧邪褔邪谢芯袣芯薪械褑_小褍屑屑褘,袙孝_孝褉邪薪蟹懈褌薪褘械袙懈写褘,袙孝_袩械褉懈芯写懈褔薪芯褋褌褜袙褘锌谢邪褌,袙孝_袩械褉懈芯写懈褔薪芯褋褌褜袙褘锌谢邪褌,袙孝_袩小_小胁芯泄褋褌胁邪_孝褉邪薪蟹懈褌薪褘械袨斜褟蟹邪褌械谢褜褋褌胁邪.袩械薪褋懈芯薪薪褘泄小褔械褌 = 袙孝_袩械褉懈芯写懈褔薪芯褋褌褜袙褘锌谢邪褌.袧芯屑械褉小褔械褌邪
296,效邪褋褌褜_3,LEFT JOIN,袙孝_孝褉邪薪蟹懈褌薪褘械袙懈写褘袧邪褔邪谢芯袣芯薪械褑_小褍屑屑褘,袙孝_孝褉邪薪蟹懈褌薪褘械袙懈写褘,袙孝_袩械薪褋懈芯薪薪褘械小褔械褌邪_袧邪褔邪谢芯袙褘锌谢邪褌,袙孝_袩械薪褋懈芯薪薪褘械小褔械褌邪_袧邪褔邪谢芯袙褘锌谢邪褌,袙孝_袩小_小胁芯泄褋褌胁邪_孝褉邪薪蟹懈褌薪褘械袨斜褟蟹邪褌械谢褜褋褌胁邪.袩械薪褋懈芯薪薪褘泄小褔械褌 = 袙孝_袩械薪褋懈芯薪薪褘械小褔械褌邪_袧邪褔邪谢芯袙褘锌谢邪褌.袩械薪褋懈芯薪薪褘泄小褔械褌
296,效邪褋褌褜_3,LEFT JOIN,袙孝_孝褉邪薪蟹懈褌薪褘械袙懈写褘袧邪褔邪谢芯袣芯薪械褑_小褍屑屑褘,袙孝_孝褉邪薪蟹懈褌薪褘械袙懈写褘,袙孝_袣芯谢懈褔械褋褌胁芯袙褘锌谢邪褌,袙孝_袣芯谢懈褔械褋褌胁芯袙褘锌谢邪褌,袙孝_袩小_小胁芯泄褋褌胁邪_孝褉邪薪蟹懈褌薪褘械袨斜褟蟹邪褌械谢褜褋褌胁邪.袩械薪褋懈芯薪薪褘泄小褔械褌 = 袙孝_袣芯谢懈褔械褋褌胁芯袙褘锌谢邪褌.袩械薪褋懈芯薪薪褘泄小褔械褌
296,效邪褋褌褜_3,LEFT JOIN,袙孝_孝褉邪薪蟹懈褌薪褘械袙懈写褘袧邪褔邪谢芯袣芯薪械褑_小褍屑屑褘,袙孝_孝褉邪薪蟹懈褌薪褘械袙懈写褘,袙孝_小褍屑屑褘,袙孝_小褍屑屑褘,袙孝_袩小_小胁芯泄褋褌胁邪_孝褉邪薪蟹懈褌薪褘械袨斜褟蟹邪褌械谢褜褋褌胁邪.袩械薪褋懈芯薪薪褘泄小褔械褌 = 袙孝_小褍屑屑褘.袩械薪褋懈芯薪薪褘泄小褔械褌
296,效邪褋褌褜_3,LEFT JOIN,袙孝_孝褉邪薪蟹懈褌薪褘械袙懈写褘袧邪褔邪谢芯袣芯薪械褑_小褍屑屑褘,袙孝_孝褉邪薪蟹懈褌薪褘械袙懈写褘,袙孝_袙褘锌谢邪褌褘,袙孝_袙褘锌谢邪褌褘,袙孝_袩小_小胁芯泄褋褌胁邪_孝褉邪薪蟹懈褌薪褘械袨斜褟蟹邪褌械谢褜褋褌胁邪.袩械薪褋懈芯薪薪褘泄小褔械褌 = 袙孝_袙褘锌谢邪褌褘.袩械薪褋懈芯薪薪褘泄小褔械褌
296,效邪褋褌褜_3,LEFT JOIN,袙孝_孝褉邪薪蟹懈褌薪褘械袙懈写褘袧邪褔邪谢芯袣芯薪械褑_小褍屑屑褘,袙孝_孝褉邪薪蟹懈褌薪褘械袙懈写褘,袙孝_袩械褉械胁芯写褘,袙孝_袩械褉械胁芯写褘,袙孝_袩小_小胁芯泄褋褌胁邪_孝褉邪薪蟹懈褌薪褘械袨斜褟蟹邪褌械谢褜褋褌胁邪.袩械薪褋懈芯薪薪褘泄小褔械褌 = 袙孝_袩械褉械胁芯写褘.袩械薪褋懈芯薪薪褘泄小褔械褌
296,效邪褋褌褜_3,LEFT JOIN,袙孝_孝褉邪薪蟹懈褌薪褘械袙懈写褘袧邪褔邪谢芯袣芯薪械褑_小褍屑屑褘,袙孝_孝褉邪薪蟹懈褌薪褘械袙懈写褘,袙孝_袨褋褌邪褌泻懈袙褘锌谢邪褌,袙孝_袨褋褌邪褌泻懈袙褘锌谢邪褌,袙孝_袩小_小胁芯泄褋褌胁邪_孝褉邪薪蟹懈褌薪褘械袨斜褟蟹邪褌械谢褜褋褌胁邪.袩械薪褋懈芯薪薪褘泄小褔械褌 = 袙孝_袨褋褌邪褌泻懈袙褘锌谢邪褌.袩械薪褋懈芯薪薪褘泄小褔械褌
296,效邪褋褌褜_3,LEFT JOIN,袙孝_孝褉邪薪蟹懈褌薪褘械袙懈写褘袧邪褔邪谢芯袣芯薪械褑_小褍屑屑褘,袙孝_孝褉邪薪蟹懈褌薪褘械袙懈写褘,袙孝_袩芯褋谢械写薪懈械袙褘锌谢邪褌褘,袙孝_袩芯褋谢械写薪懈械袙褘锌谢邪褌褘,袙孝_袩小_小胁芯泄褋褌胁邪_孝褉邪薪蟹懈褌薪褘械袨斜褟蟹邪褌械谢褜褋褌胁邪.袩械薪褋懈芯薪薪褘泄小褔械褌 = 袙孝_袩芯褋谢械写薪懈械袙褘锌谢邪褌褘.袩械薪褋懈芯薪薪褘泄小褔械褌
296,效邪褋褌褜_3,LEFT JOIN,袙孝_孝褉邪薪蟹懈褌薪褘械袙懈写褘袧邪褔邪谢芯袣芯薪械褑_小褍屑屑褘,袙孝_孝褉邪薪蟹懈褌薪褘械袙懈写褘,袙孝_袛邪褌褘袨泻芯薪褔邪薪懈褟小褉芯褔薪褘褏袙褘锌谢邪褌,袙孝_袛邪褌褘袨泻芯薪褔邪薪懈褟小褉芯褔薪褘褏袙褘锌谢邪褌,袙孝_袩小_小胁芯泄褋褌胁邪_孝褉邪薪蟹懈褌薪褘械袨斜褟蟹邪褌械谢褜褋褌胁邪.袩械薪褋懈芯薪薪褘泄小褔械褌 = 袙孝_袛邪褌褘袨泻芯薪褔邪薪懈褟小褉芯褔薪褘褏袙褘锌谢邪褌.袩械薪褋懈芯薪薪褘泄小褔械褌
296,效邪褋褌褜_3,LEFT JOIN,袙孝_孝褉邪薪蟹懈褌薪褘械袙懈写褘袧邪褔邪谢芯袣芯薪械褑_小褍屑屑褘,袙孝_孝褉邪薪蟹懈褌薪褘械袙懈写褘,袙孝_校屑械褉褕懈械,袙孝_校屑械褉褕懈械,袙孝_袩小_小胁芯泄褋褌胁邪_孝褉邪薪蟹懈褌薪褘械袨斜褟蟹邪褌械谢褜褋褌胁邪.校褔邪褋褌薪懈泻 = 袙孝_校屑械褉褕懈械.校褔邪褋褌薪懈泻
296,效邪褋褌褜_3,LEFT JOIN,袙孝_孝褉邪薪蟹懈褌薪褘械袙懈写褘袧邪褔邪谢芯袣芯薪械褑_小褍屑屑褘,袙孝_孝褉邪薪蟹懈褌薪褘械袙懈写褘,袙孝_袪邪蟹屑械褉袩械薪褋懈泄,袙孝_袪邪蟹屑械褉袩械薪褋懈泄,袙孝_袩小_小胁芯泄褋褌胁邪_孝褉邪薪蟹懈褌薪褘械袨斜褟蟹邪褌械谢褜褋褌胁邪.袩械薪褋懈芯薪薪褘泄小褔械褌 = 袙孝_袪邪蟹屑械褉袩械薪褋懈泄.袩械薪褋懈芯薪薪褘泄小褔械褌
296,效邪褋褌褜_3,LEFT JOIN,袙孝_孝褉邪薪蟹懈褌薪褘械袙懈写褘袧邪褔邪谢芯袣芯薪械褑_小褍屑屑褘,袙孝_孝褉邪薪蟹懈褌薪褘械袙懈写褘,袙孝_袩芯褋谢械写薪懈械袙褘锌谢邪褌褘袩芯袪械谐懈褋褌褉褍袙褘锌谢邪褌,袙孝_袩芯褋谢械写薪懈械袙褘锌谢邪褌褘袩芯袪械谐懈褋褌褉褍袙褘锌谢邪褌,袙孝_袩小_小胁芯泄褋褌胁邪_孝褉邪薪蟹懈褌薪褘械袨斜褟蟹邪褌械谢褜褋褌胁邪.袩械薪褋懈芯薪薪褘泄小褔械褌 = 袙孝_袩芯褋谢械写薪懈械袙褘锌谢邪褌褘袩芯袪械谐懈褋褌褉褍袙褘锌谢邪褌.袩械薪褋懈芯薪薪褘泄小褔械褌
296,效邪褋褌褜_3,LEFT JOIN,袙孝_孝褉邪薪蟹懈褌薪褘械袙懈写褘袧邪褔邪谢芯袣芯薪械褑_小褍屑屑褘,袙孝_孝褉邪薪蟹懈褌薪褘械袙懈写褘,袙孝_小褉芯褔薪懈泻懈,袙孝_小褉芯褔薪懈泻懈,袙孝_袩小_小胁芯泄褋褌胁邪_孝褉邪薪蟹懈褌薪褘械袨斜褟蟹邪褌械谢褜褋褌胁邪.袩械薪褋懈芯薪薪褘泄小褔械褌 = 袙孝_小褉芯褔薪懈泻懈.袩械薪褋懈芯薪薪褘泄小褔械褌
296,效邪褋褌褜_3,LEFT JOIN,袙孝_孝褉邪薪蟹懈褌薪褘械袙懈写褘袧邪褔邪谢芯袣芯薪械褑_小褍屑屑褘,袙孝_孝褉邪薪蟹懈褌薪褘械袙懈写褘,袙孝_袨褋褌邪褌泻懈袧邪褋谢械写薪懈泻芯胁,袙孝_袨褋褌邪褌泻懈袧邪褋谢械写薪懈泻芯胁,袙孝_袩小_小胁芯泄褋褌胁邪_孝褉邪薪蟹懈褌薪褘械袨斜褟蟹邪褌械谢褜褋褌胁邪.袩械薪褋懈芯薪薪褘泄小褔械褌 = 袙孝_袨褋褌邪褌泻懈袧邪褋谢械写薪懈泻芯胁.袩械薪褋懈芯薪薪褘泄小褔械褌
296,效邪褋褌褜_3,LEFT JOIN,袙孝_孝褉邪薪蟹懈褌薪褘械袙懈写褘袧邪褔邪谢芯袣芯薪械褑_小褍屑屑褘,袙孝_孝褉邪薪蟹懈褌薪褘械袙懈写褘,袙孝_袪邪褋褔械褌薪褘械小褍屑屑褘袩袩,袙孝_袪邪褋褔械褌薪褘械小褍屑屑褘袩袩,袙孝_袩小_小胁芯泄褋褌胁邪_孝褉邪薪蟹懈褌薪褘械袨斜褟蟹邪褌械谢褜褋褌胁邪.袩械薪褋懈芯薪薪褘泄小褔械褌 = 袙孝_袪邪褋褔械褌薪褘械小褍屑屑褘袩袩.袩械薪褋懈芯薪薪褘泄小褔械褌
296,效邪褋褌褜_3,LEFT JOIN,袙孝_孝褉邪薪蟹懈褌薪褘械袙懈写褘袧邪褔邪谢芯袣芯薪械褑_小褍屑屑褘,袙孝_孝褉邪薪蟹懈褌薪褘械袙懈写褘,袙孝_袪邪褋褔械褌薪邪褟袛邪褌邪袙小,袙孝_袪邪褋褔械褌薪邪褟袛邪褌邪袙小,袙孝_袩小_小胁芯泄褋褌胁邪_孝褉邪薪蟹懈褌薪褘械袨斜褟蟹邪褌械谢褜褋褌胁邪.袩械薪褋懈芯薪薪褘泄小褔械褌 = 袙孝_袪邪褋褔械褌薪邪褟袛邪褌邪袙小.袩械薪褋懈芯薪薪褘泄小褔械褌
296,效邪褋褌褜_3,LEFT JOIN,袙孝_孝褉邪薪蟹懈褌薪褘械袙懈写褘袧邪褔邪谢芯袣芯薪械褑_小褍屑屑褘,袙孝_孝褉邪薪蟹懈褌薪褘械袙懈写褘,袙孝_袩械薪褋懈芯薪薪褘械小褔械褌邪_小胁芯泄褋褌胁邪,袙孝_袩械薪褋懈芯薪薪褘械小褔械褌邪_小胁芯泄褋褌胁邪,袙孝_袩小_小胁芯泄褋褌胁邪_孝褉邪薪蟹懈褌薪褘械袨斜褟蟹邪褌械谢褜褋褌胁邪.袩械薪褋懈芯薪薪褘泄小褔械褌 = 袙孝_袩械薪褋懈芯薪薪褘械小褔械褌邪_小胁芯泄褋褌胁邪.袩械薪褋懈芯薪薪褘泄小褔械褌
