node_id,node_name,source_name,source_kind,ordinal
16,袙孝_袙懈写褘袩邪褋锌芯褉褌芯胁,小袩袪袗袙袨效袧袠袣.袙袠袛蝎袛袨袣校袦袝袧孝袨袙肖袠袟袠效袝小袣袠啸袥袠笑,Catalog,1
18,效邪褋褌褜_1,袛袨袣校袦袝袧孝.校袩_袨袩袝袪袗笑袠携袧袩袨,Document,1
19,效邪褋褌褜_2,袛袨袣校袦袝袧孝.校袩_袙袨袟袙袪袗孝袩袝袧小袠袡,Document,1
20,效邪褋褌褜_3,袛袨袣校袦袝袧孝.校袩_袙袨袟袙袪袗孝袩袪袨效袠啸袧袗效袠小袥袝袧袠袡袧袩袨,Document,1
21,效邪褋褌褜_4,袛袨袣校袦袝袧孝.校袩_袧袛肖袥袙袨袟袙袪袗孝袧袗袥袨袚袗校效袗小孝袧袠袣袗袦,Document,1
22,袙孝_袩械褉械胁芯写褘袠蟹袪械谐懈褋褌褉芯胁_袙懈写褘袛胁懈卸械薪懈泄,袩袝袪袝效袠小袥袝袧袠袝.袝袩小_袙袠袛蝎袛袙袠袞袝袧袠携袩袝袧小袠袨袧袧蝎啸袪袝袟袝袪袙袨袙,Enum,1
23,袙孝_袩械褉械胁芯写褘袠蟹袪械谐懈褋褌褉芯胁_袙懈写褘袛胁懈卸械薪懈泄_袙袪械蟹械褉胁褘,袩袝袪袝效袠小袥袝袧袠袝.袝袩小_袙袠袛蝎袛袙袠袞袝袧袠携袩袝袧小袠袨袧袧蝎啸袪袝袟袝袪袙袨袙,Enum,1
25,袩芯写蟹邪锌褉芯褋_1,袙孝_孝袠袩蝎袪袝袟袝袪袙袨袙,TempTable,1
26,袩芯写蟹邪锌褉芯褋_2,袙孝_孝袠袩蝎袪袝袟袝袪袙袨袙,TempTable,1
27,袩芯写蟹邪锌褉芯褋_3,袙孝_孝袠袩蝎袪袝袟袝袪袙袨袙,TempTable,1
28,袩芯写蟹邪锌褉芯褋_4,袙孝_孝袠袩蝎袪袝袟袝袪袙袨袙,TempTable,1
29,袩芯写蟹邪锌褉芯褋_5,袙孝_孝袠袩蝎袪袝袟袝袪袙袨袙,TempTable,1
30,袩芯写蟹邪锌褉芯褋_6,袙孝_孝袠袩蝎袪袝袟袝袪袙袨袙,TempTable,1
32,效邪褋褌褜_1,袪袝袚袠小孝袪袧袗袣袨袩袥袝袧袠携.校袩_袪袝袟袝袪袙蝎.袨小孝袗孝袣袠,AccumulationRegister,1
33,效邪褋褌褜_2,袪袝袚袠小孝袪袧袗袣袨袩袥袝袧袠携.校袩_袪袝袟袝袪袙蝎.袨袘袨袪袨孝蝎,AccumulationRegister,1
34,效邪褋褌褜_3,袪袝袚袠小孝袪袧袗袣袨袩袥袝袧袠携.校袩_袙袨袟袙袪袗孝蝎袩袪袨效袠啸袧袗效袠小袥袝袧袠袡袧袩袨.袨小孝袗孝袣袠,AccumulationRegister,1
35,效邪褋褌褜_4,袪袝袚袠小孝袪袧袗袣袨袩袥袝袧袠携.校袩_袙袨袟袙袪袗孝蝎袩袪袨效袠啸袧袗效袠小袥袝袧袠袡袧袩袨.袨袘袨袪袨孝蝎,AccumulationRegister,1
36,效邪褋褌褜_5,袪袝袚袠小孝袪袧袗袣袨袩袥袝袧袠携.校袩_袙袨袟袙袪袗孝蝎袩袝袧小袠袡袧袩袨.袨小孝袗孝袣袠,AccumulationRegister,1
37,效邪褋褌褜_6,袪袝袚袠小孝袪袧袗袣袨袩袥袝袧袠携.校袩_袙袨袟袙袪袗孝蝎袩袝袧小袠袡袧袩袨.袨袘袨袪袨孝蝎,AccumulationRegister,1
38,效邪褋褌褜_7,袪袝袚袠小孝袪袧袗袣袨袩袥袝袧袠携.校袩_袧袗效袠小袥袝袧袠携袩袝袧小袠袡.袨袘袨袪袨孝蝎,AccumulationRegister,1
39,效邪褋褌褜_8,袪袝袚袠小孝袪袧袗袣袨袩袥袝袧袠携.校袩_袩袪袨效袠袝袧袗效袠小袥袝袧袠携.袨袘袨袪袨孝蝎,AccumulationRegister,1
40,效邪褋褌褜_9,袪袝袚袠小孝袪小袙袝袛袝袧袠袡.校袩_小袨小孝袨携袧袠携袛袨袚袨袙袨袪袗.小袪袝袟袩袨小袥袝袛袧袠啸,InformationRegister,1
41,效邪褋褌褜_10,袪袝袚袠小孝袪小袙袝袛袝袧袠袡.校袩_小袨小孝袨携袧袠携袩小.小袪袝袟袩袨小袥袝袛袧袠啸,InformationRegister,1
42,效邪褋褌褜_11,袪袝袚袠小孝袪小袙袝袛袝袧袠袡.校袩_小袨小孝袨携袧袠携袩小,InformationRegister,1
44,效邪褋褌褜_1,袙孝_袩袝袧小袠袨袧袧蝎袝小效袝孝袗_袩袪,TempTable,1
45,效邪褋褌褜_2,袙孝_袩袝袧小袠袨袧袧蝎袝小效袝孝袗_袩袪,TempTable,1
46,袙孝_袩褉懈褔懈薪褘袟邪泻褉褘褌懈褟,校袩_袩袪袠效袠袧蝎袟袗袣袪蝎孝袠携袩小小袪袝袟袩袨小袥袝袛袧袠啸.袩袪袠效袠袧袗袟袗袣袪蝎孝袠携,Unknown,1
46,袙孝_袩褉懈褔懈薪褘袟邪泻褉褘褌懈褟,袙蝎袘袨袪,Unknown,2
46,袙孝_袩褉懈褔懈薪褘袟邪泻褉褘褌懈褟,袪袝袚袠小孝袪小袙袝袛袝袧袠袡.校袩_袩袪袠效袠袧蝎袟袗袣袪蝎孝袠携袩小.小袪袝袟袩袨小袥袝袛袧袠啸,InformationRegister,3
47,袩芯写蟹邪锌褉芯褋_7,袙孝_袩袝袧小袠袨袧袧蝎袝小效袝孝袗,TempTable,1
48,袙孝_袙懈写褘袩械薪褋懈芯薪薪褘褏小褔械褌芯胁,校袩_袙袠袛袩袝袧小袠袨袧袧袨袚袨小效袝孝袗小袪袝袟袩袨小袥袝袛袧袠啸.袙袠袛袩袝袧小袠袨袧袧袨袚袨小效袝孝袗,Unknown,1
48,袙孝_袙懈写褘袩械薪褋懈芯薪薪褘褏小褔械褌芯胁,袪袝袚袠小孝袪小袙袝袛袝袧袠袡.校袩_袙袠袛袩袝袧小袠袨袧袧袨袚袨小效袝孝袗.小袪袝袟袩袨小袥袝袛袧袠啸,InformationRegister,2
49,袩芯写蟹邪锌褉芯褋_8,袙孝_袩袝袧小袠袨袧袧蝎袝小效袝孝袗,TempTable,1
50,袙孝_袩械薪褋懈芯薪薪褘械小褔械褌邪袪袩袙,袪袝袚袠小孝袪袧袗袣袨袩袥袝袧袠携.校袩_袪袝袟袝袪袙蝎.袨袘袨袪袨孝蝎,AccumulationRegister,1
51,袩芯写蟹邪锌褉芯褋_9,袙孝_袩袝袧小袠袨袧袧蝎袝小效袝孝袗,TempTable,1
52,袙孝_孝懈锌褘袩械薪褋懈泄袧邪褔邪谢芯袩械褉懈芯写邪,袙蝎袘袨袪,Unknown,1
52,袙孝_孝懈锌褘袩械薪褋懈泄袧邪褔邪谢芯袩械褉懈芯写邪,袪袝袚袠小孝袪小袙袝袛袝袧袠袡.校袩_小啸袝袦袗小效袝孝袗.小袪袝袟袩袨小袥袝袛袧袠啸,InformationRegister,2
53,袩芯写蟹邪锌褉芯褋_10,袙孝_袩袝袧小袠袨袧袧蝎袝小效袝孝袗,TempTable,1
54,袙孝_袙褘锌谢邪褌薪褘械袧邪褔邪谢芯袩械褉懈芯写邪,校袩_小袨小孝袨携袧袠携袩小小袪袝袟袩袝袪袙蝎啸.小袨小孝袨携袧袠袝,Unknown,1
54,袙孝_袙褘锌谢邪褌薪褘械袧邪褔邪谢芯袩械褉懈芯写邪,校袩_小袨小孝袨携袧袠携袩小小袪袝袟袩袝袪袙蝎啸.袧袨袦袝袪小效袝孝袗,Unknown,2
54,袙孝_袙褘锌谢邪褌薪褘械袧邪褔邪谢芯袩械褉懈芯写邪,袙孝_孝袠袩蝎袩袝袧小袠袡袧袗效袗袥袨袩袝袪袠袨袛袗.孝袠袩袩袝袧小袠袠,TempTable,3
54,袙孝_袙褘锌谢邪褌薪褘械袧邪褔邪谢芯袩械褉懈芯写邪,袙蝎袘袨袪,Unknown,4
54,袙孝_袙褘锌谢邪褌薪褘械袧邪褔邪谢芯袩械褉懈芯写邪,袪袝袚袠小孝袪小袙袝袛袝袧袠袡.校袩_小袨小孝袨携袧袠携袩小.小袪袝袟袩袝袪袙蝎啸,InformationRegister,5
54,袙孝_袙褘锌谢邪褌薪褘械袧邪褔邪谢芯袩械褉懈芯写邪,袙孝_孝袠袩蝎袩袝袧小袠袡袧袗效袗袥袨袩袝袪袠袨袛袗,TempTable,6
55,袩芯写蟹邪锌褉芯褋_11,袙孝_袩袝袧小袠袨袧袧蝎袝小效袝孝袗,TempTable,1
56,袙孝_小芯褋褌芯褟薪懈械袧邪褔邪谢芯袩械褉懈芯写邪,校袩_小袨小孝袨携袧袠携袩小小袪袝袟袩袨小袥袝袛袧袠啸.小袨小孝袨携袧袠袝,Unknown,1
56,袙孝_小芯褋褌芯褟薪懈械袧邪褔邪谢芯袩械褉懈芯写邪,袙孝_袩袝袧小袠袨袧袧蝎袝小效袝孝袗.袩袝袧小袠袨袧袧蝎袡小效袝孝,TempTable,2
56,袙孝_小芯褋褌芯褟薪懈械袧邪褔邪谢芯袩械褉懈芯写邪,袙蝎袘袨袪,Unknown,3
56,袙孝_小芯褋褌芯褟薪懈械袧邪褔邪谢芯袩械褉懈芯写邪,袙孝_袩袝袧小袠袨袧袧蝎袝小效袝孝袗,TempTable,4
56,袙孝_小芯褋褌芯褟薪懈械袧邪褔邪谢芯袩械褉懈芯写邪,袪袝袚袠小孝袪小袙袝袛袝袧袠袡.校袩_小袨小孝袨携袧袠携袩小.小袪袝袟袩袨小袥袝袛袧袠啸,InformationRegister,5
56,袙孝_小芯褋褌芯褟薪懈械袧邪褔邪谢芯袩械褉懈芯写邪,袙孝_孝袠袩蝎袩袝袧小袠袡袧袗效袗袥袨袩袝袪袠袨袛袗,TempTable,6
57,袩芯写蟹邪锌褉芯褋_12,袙孝_袩袝袧小袠袨袧袧蝎袝小效袝孝袗,TempTable,1
58,袙孝_袙懈写袨斜褟蟹邪褌械谢褜褋褌胁袧邪褔邪谢芯,袙蝎袘袨袪,Unknown,1
58,袙孝_袙懈写袨斜褟蟹邪褌械谢褜褋褌胁袧邪褔邪谢芯,袙孝_袩袝袧小袠袨袧袧蝎袝小效袝孝袗,TempTable,2
58,袙孝_袙懈写袨斜褟蟹邪褌械谢褜褋褌胁袧邪褔邪谢芯,袙孝_袙蝎袩袥袗孝袧蝎袝袧袗效袗袥袨袩袝袪袠袨袛袗,TempTable,3
58,袙孝_袙懈写袨斜褟蟹邪褌械谢褜褋褌胁袧邪褔邪谢芯,袙孝_小袨小孝袨携袧袠袝袧袗效袗袥袨袩袝袪袠袨袛袗,TempTable,4
59,袙孝_袠蟹屑械薪械薪懈褟袙懈写邪袨斜褟蟹邪褌械谢褜褋褌胁_袩褉械写胁,袙蝎袘袨袪,Unknown,1
59,袙孝_袠蟹屑械薪械薪懈褟袙懈写邪袨斜褟蟹邪褌械谢褜褋褌胁_袩褉械写胁,校袩_小啸袝袦袗小效袝孝袗.孝袠袩袩袝袧小袠袠,Unknown,2
59,袙孝_袠蟹屑械薪械薪懈褟袙懈写邪袨斜褟蟹邪褌械谢褜褋褌胁_袩褉械写胁,校袩_小袨小孝袨携袧袠携袩小.小袨小孝袨携袧袠袝,Unknown,3
59,袙孝_袠蟹屑械薪械薪懈褟袙懈写邪袨斜褟蟹邪褌械谢褜褋褌胁_袩褉械写胁,袙孝_袩袝袧小袠袨袧袧蝎袝小效袝孝袗,TempTable,4
60,褍锌_小芯褋褌芯褟薪懈褟袩小,"袩袝袪袠袨袛,",Unknown,1
60,褍锌_小芯褋褌芯褟薪懈褟袩小,袪袝袚袠小孝袪小袙袝袛袝袧袠袡.校袩_小袨小孝袨携袧袠携袩小,InformationRegister,2
61,褍锌_小褏械屑邪小褔械褌邪,袦袠袧袠袦校袦,Unknown,1
61,褍锌_小褏械屑邪小褔械褌邪,孝袠袩袩袝袧小袠袠,Unknown,2
61,褍锌_小褏械屑邪小褔械褌邪,袪袝袚袠小孝袪小袙袝袛袝袧袠袡.校袩_小啸袝袦袗小效袝孝袗,InformationRegister,3
62,袙孝_袠蟹屑械薪械薪懈褟袙懈写邪袨斜褟蟹邪褌械谢褜褋褌胁,袦袠袧袠袦校袦,Unknown,1
62,袙孝_袠蟹屑械薪械薪懈褟袙懈写邪袨斜褟蟹邪褌械谢褜褋褌胁,袙孝_袠袟袦袝袧袝袧袠携袙袠袛袗袨袘携袟袗孝袝袥鞋小孝袙_袩袪袝袛袙.袙袠袛袨袘携袟袗孝袝袥鞋小孝袙,TempTable,2
62,袙孝_袠蟹屑械薪械薪懈褟袙懈写邪袨斜褟蟹邪褌械谢褜褋褌胁,袙孝_袠袟袦袝袧袝袧袠携袙袠袛袗袨袘携袟袗孝袝袥鞋小孝袙_袩袪袝袛袙,TempTable,3
64,效邪褋褌褜_1,袙孝_袙袠袛袨袘携袟袗孝袝袥鞋小孝袙袧袗效袗袥袨.袙袠袛袨袘携袟袗孝袝袥鞋小孝袙袙啸袨袛,TempTable,1
64,效邪褋褌褜_1,袙孝_袙袠袛袨袘携袟袗孝袝袥鞋小孝袙袧袗效袗袥袨.袛袗孝袗袨袩袪袝袛袝袥袝袧袠携袨袘携袟袗孝袝袥鞋小孝袙,TempTable,2
64,效邪褋褌褜_1,袙孝_袙袠袛袨袘携袟袗孝袝袥鞋小孝袙袧袗效袗袥袨,TempTable,3
65,效邪褋褌褜_2,"袙孝_袠袟袦袝袧袝袧袠携袙袠袛袗袨袘携袟袗孝袝袥鞋小孝袙.袙袠袛袨袘携袟袗孝袝袥鞋小孝袙,",TempTable,1
65,效邪褋褌褜_2,袙孝_袠袟袦袝袧袝袧袠携袙袠袛袗袨袘携袟袗孝袝袥鞋小孝袙,TempTable,2
66,袙孝_袙懈写褘袨斜褟蟹邪褌械谢褜褋褌胁袛胁懈卸械薪懈械,袙孝_袙袠袛蝎袨袘携袟袗孝袝袥鞋小孝袙.袙袠袛袨袘携袟袗孝袝袥鞋小孝袙,TempTable,1
66,袙孝_袙懈写褘袨斜褟蟹邪褌械谢褜褋褌胁袛胁懈卸械薪懈械,袦袠袧袠袦校袦,Unknown,2
66,袙孝_袙懈写褘袨斜褟蟹邪褌械谢褜褋褌胁袛胁懈卸械薪懈械,袙孝_袙袠袛蝎袨袘携袟袗孝袝袥鞋小孝袙,TempTable,3
67,袙孝_小褔械褌邪孝褉邪薪蟹懈褌薪褘械袙懈写褘袨斜褟蟹邪褌械谢褜褋褌胁,袙孝_袙袠袛蝎袨袘携袟袗孝袝袥鞋小孝袙袛袙袠袞袝袧袠袝,TempTable,1
68,袙孝_小褔械褌邪袧械孝褉邪薪蟹懈褌薪褘械袙懈写褘袨斜褟蟹邪褌械谢褜褋褌胁,袙孝_袙袠袛蝎袨袘携袟袗孝袝袥鞋小孝袙袛袙袠袞袝袧袠袝,TempTable,1
68,袙孝_小褔械褌邪袧械孝褉邪薪蟹懈褌薪褘械袙懈写褘袨斜褟蟹邪褌械谢褜褋褌胁,袙孝_小效袝孝袗孝袪袗袧袟袠孝袧蝎袝袙袠袛蝎袨袘携袟袗孝袝袥鞋小孝袙,TempTable,2
69,袙孝_袧械孝褉邪薪蟹懈褌薪褘械袙懈写褘袧邪褔邪谢芯袣芯薪械褑,袙孝_袙袠袛蝎袨袘携袟袗孝袝袥鞋小孝袙袛袙袠袞袝袧袠袝.袙袠袛袨袘携袟袗孝袝袥鞋小孝袙,TempTable,1
69,袙孝_袧械孝褉邪薪蟹懈褌薪褘械袙懈写褘袧邪褔邪谢芯袣芯薪械褑,袙孝_袙袠袛蝎袨袘携袟袗孝袝袥鞋小孝袙袛袙袠袞袝袧袠袝.袛袗孝袗袨袩袪袝袛袝袥袝袧袠携袨袘携袟袗孝袝袥鞋小孝袙,TempTable,2
69,袙孝_袧械孝褉邪薪蟹懈褌薪褘械袙懈写褘袧邪褔邪谢芯袣芯薪械褑,袙孝_袙袠袛蝎袨袘携袟袗孝袝袥鞋小孝袙袛袙袠袞袝袧袠袝.袛袗孝袗袨袣袨袧效袗袧袠携袨袘携袟袗孝袝袥鞋小孝袙,TempTable,3
69,袙孝_袧械孝褉邪薪蟹懈褌薪褘械袙懈写褘袧邪褔邪谢芯袣芯薪械褑,袙孝_袙袠袛蝎袨袘携袟袗孝袝袥鞋小孝袙袛袙袠袞袝袧袠袝,TempTable,4
69,袙孝_袧械孝褉邪薪蟹懈褌薪褘械袙懈写褘袧邪褔邪谢芯袣芯薪械褑,袙孝_小效袝孝袗袧袝孝袪袗袧袟袠孝袧蝎袝袙袠袛蝎袨袘携袟袗孝袝袥鞋小孝袙,TempTable,5
70,袙孝_孝褉邪薪蟹懈褌薪褘械袙懈写褘袧邪褔邪谢芯袣芯薪械褑,袙孝_袙袠袛蝎袨袘携袟袗孝袝袥鞋小孝袙袛袙袠袞袝袧袠袝.袙袠袛袨袘携袟袗孝袝袥鞋小孝袙,TempTable,1
70,袙孝_孝褉邪薪蟹懈褌薪褘械袙懈写褘袧邪褔邪谢芯袣芯薪械褑,袙孝_袙袠袛蝎袨袘携袟袗孝袝袥鞋小孝袙袛袙袠袞袝袧袠袝.袛袗孝袗袨袩袪袝袛袝袥袝袧袠携袨袘携袟袗孝袝袥鞋小孝袙,TempTable,2
70,袙孝_孝褉邪薪蟹懈褌薪褘械袙懈写褘袧邪褔邪谢芯袣芯薪械褑,袙孝_袙袠袛蝎袨袘携袟袗孝袝袥鞋小孝袙袛袙袠袞袝袧袠袝.袛袗孝袗袨袣袨袧效袗袧袠携袨袘携袟袗孝袝袥鞋小孝袙,TempTable,3
70,袙孝_孝褉邪薪蟹懈褌薪褘械袙懈写褘袧邪褔邪谢芯袣芯薪械褑,袙孝_袙袠袛蝎袨袘携袟袗孝袝袥鞋小孝袙袛袙袠袞袝袧袠袝,TempTable,4
70,袙孝_孝褉邪薪蟹懈褌薪褘械袙懈写褘袧邪褔邪谢芯袣芯薪械褑,袙孝_小效袝孝袗孝袪袗袧袟袠孝袧蝎袝袙袠袛蝎袨袘携袟袗孝袝袥鞋小孝袙,TempTable,5
72,效邪褋褌褜_1,袙孝_孝袪袗袧袟袠孝袧蝎袝袙袠袛蝎袧袗效袗袥袨袣袨袧袝笑.袙袠袛袨袘携袟袗孝袝袥鞋小孝袙,TempTable,1
72,效邪褋褌褜_1,袙孝_孝袪袗袧袟袠孝袧蝎袝袙袠袛蝎袧袗效袗袥袨袣袨袧袝笑.袛袗孝袗袨袩袪袝袛袝袥袝袧袠携袨袘携袟袗孝袝袥鞋小孝袙,TempTable,2
72,效邪褋褌褜_1,袙孝_孝袪袗袧袟袠孝袧蝎袝袙袠袛蝎袧袗效袗袥袨袣袨袧袝笑.袛袗孝袗袨袣袨袧效袗袧袠携袨袘携袟袗孝袝袥鞋小孝袙,TempTable,3
72,效邪褋褌褜_1,小校袦袦袗,Unknown,4
72,效邪褋褌褜_1,0,Unknown,5
72,效邪褋褌褜_1,袙孝_孝袪袗袧袟袠孝袧蝎袝袙袠袛蝎袧袗效袗袥袨袣袨袧袝笑,TempTable,6
72,效邪褋褌褜_1,袪袝袚袠小孝袪袧袗袣袨袩袥袝袧袠携.校袩_袧袗效袠小袥袝袧袠携袩袝袧小袠袡,AccumulationRegister,7
72,效邪褋褌褜_1,袙孝_袛袨袣校袦袝袧孝蝎小孝袨袪袧袨,TempTable,8
73,效邪褋褌褜_2,袙孝_孝袪袗袧袟袠孝袧蝎袝袙袠袛蝎袧袗效袗袥袨袣袨袧袝笑.袙袠袛袨袘携袟袗孝袝袥鞋小孝袙,TempTable,1
73,效邪褋褌褜_2,袙孝_孝袪袗袧袟袠孝袧蝎袝袙袠袛蝎袧袗效袗袥袨袣袨袧袝笑.袛袗孝袗袨袩袪袝袛袝袥袝袧袠携袨袘携袟袗孝袝袥鞋小孝袙,TempTable,2
73,效邪褋褌褜_2,袙孝_孝袪袗袧袟袠孝袧蝎袝袙袠袛蝎袧袗效袗袥袨袣袨袧袝笑.袛袗孝袗袨袣袨袧效袗袧袠携袨袘携袟袗孝袝袥鞋小孝袙,TempTable,3
73,效邪褋褌褜_2,"0,",Unknown,4
73,效邪褋褌褜_2,小校袦袦袗,Unknown,5
73,效邪褋褌褜_2,袙孝_孝袪袗袧袟袠孝袧蝎袝袙袠袛蝎袧袗效袗袥袨袣袨袧袝笑,TempTable,6
73,效邪褋褌褜_2,袪袝袚袠小孝袪袧袗袣袨袩袥袝袧袠携.校袩_袩袪袨效袠袝袧袗效袠小袥袝袧袠携,AccumulationRegister,7
73,效邪褋褌褜_2,袙孝_袛袨袣校袦袝袧孝蝎小孝袨袪袧袨,TempTable,8
76,效邪褋褌褜_1,袙孝_孝袪袗袧袟袠孝袧蝎袝袙袠袛蝎袧袗效袗袥袨袣袨袧袝笑.袙袠袛袨袘携袟袗孝袝袥鞋小孝袙,TempTable,1
76,效邪褋褌褜_1,袙孝_孝袪袗袧袟袠孝袧蝎袝袙袠袛蝎袧袗效袗袥袨袣袨袧袝笑.袛袗孝袗袨袩袪袝袛袝袥袝袧袠携袨袘携袟袗孝袝袥鞋小孝袙,TempTable,2
76,效邪褋褌褜_1,袙孝_孝袪袗袧袟袠孝袧蝎袝袙袠袛蝎袧袗效袗袥袨袣袨袧袝笑.袛袗孝袗袨袣袨袧效袗袧袠携袨袘携袟袗孝袝袥鞋小孝袙,TempTable,3
76,效邪褋褌褜_1,小校袦袦袗,Unknown,4
76,效邪褋褌褜_1,0,Unknown,5
76,效邪褋褌褜_1,袙孝_孝袪袗袧袟袠孝袧蝎袝袙袠袛蝎袧袗效袗袥袨袣袨袧袝笑,TempTable,6
76,效邪褋褌褜_1,袪袝袚袠小孝袪袧袗袣袨袩袥袝袧袠携.校袩_袪袝袟袝袪袙蝎,AccumulationRegister,7
77,效邪褋褌褜_2,袙孝_孝袪袗袧袟袠孝袧蝎袝袙袠袛蝎袧袗效袗袥袨袣袨袧袝笑.袙袠袛袨袘携袟袗孝袝袥鞋小孝袙,TempTable,1
77,效邪褋褌褜_2,袙孝_孝袪袗袧袟袠孝袧蝎袝袙袠袛蝎袧袗效袗袥袨袣袨袧袝笑.袛袗孝袗袨袩袪袝袛袝袥袝袧袠携袨袘携袟袗孝袝袥鞋小孝袙,TempTable,2
77,效邪褋褌褜_2,袙孝_孝袪袗袧袟袠孝袧蝎袝袙袠袛蝎袧袗效袗袥袨袣袨袧袝笑.袛袗孝袗袨袣袨袧效袗袧袠携袨袘携袟袗孝袝袥鞋小孝袙,TempTable,3
77,效邪褋褌褜_2,0,Unknown,4
77,效邪褋褌褜_2,小校袦袦袗,Unknown,5
77,效邪褋褌褜_2,袙孝_孝袪袗袧袟袠孝袧蝎袝袙袠袛蝎袧袗效袗袥袨袣袨袧袝笑,TempTable,6
77,效邪褋褌褜_2,袪袝袚袠小孝袪袧袗袣袨袩袥袝袧袠携.校袩_袪袝袟袝袪袙蝎,AccumulationRegister,7
78,效邪褋褌褜_1,袩袨袛袟袗袩袪袨小.袙袠袛袨袘携袟袗孝袝袥鞋小孝袙,Unknown,1
78,效邪褋褌褜_1,袩袨袛袟袗袩袪袨小.袛袗孝袗袨袩袪袝袛袝袥袝袧袠携袨袘携袟袗孝袝袥鞋小孝袙,Unknown,2
78,效邪褋褌褜_1,袩袨袛袟袗袩袪袨小.袛袗孝袗袨袣袨袧效袗袧袠携袨袘携袟袗孝袝袥鞋小孝袙,Unknown,3
78,效邪褋褌褜_1,袙蝎袘袨袪,Unknown,4
79,效邪褋褌褜_2,袙孝_孝袪袗袧袟袠孝袧蝎袝袙袠袛蝎袧袗效袗袥袨袣袨袧袝笑.袙袠袛袨袘携袟袗孝袝袥鞋小孝袙,TempTable,1
79,效邪褋褌褜_2,袙孝_孝袪袗袧袟袠孝袧蝎袝袙袠袛蝎袧袗效袗袥袨袣袨袧袝笑.袛袗孝袗袨袩袪袝袛袝袥袝袧袠携袨袘携袟袗孝袝袥鞋小孝袙,TempTable,2
79,效邪褋褌褜_2,袙孝_孝袪袗袧袟袠孝袧蝎袝袙袠袛蝎袧袗效袗袥袨袣袨袧袝笑.袛袗孝袗袨袣袨袧效袗袧袠携袨袘携袟袗孝袝袥鞋小孝袙,TempTable,3
79,效邪褋褌褜_2,小校袦袦袗,Unknown,4
79,效邪褋褌褜_2,0,Unknown,5
79,效邪褋褌褜_2,袙孝_孝袪袗袧袟袠孝袧蝎袝袙袠袛蝎袧袗效袗袥袨袣袨袧袝笑,TempTable,6
79,效邪褋褌褜_2,袪袝袚袠小孝袪袧袗袣袨袩袥袝袧袠携.校袩_袙袨袟袙袪袗孝蝎袩袪袨效袠啸袧袗效袠小袥袝袧袠袡袧袩袨,AccumulationRegister,7
80,效邪褋褌褜_3,袙孝_孝袪袗袧袟袠孝袧蝎袝袙袠袛蝎袧袗效袗袥袨袣袨袧袝笑.袙袠袛袨袘携袟袗孝袝袥鞋小孝袙,TempTable,1
80,效邪褋褌褜_3,袙孝_孝袪袗袧袟袠孝袧蝎袝袙袠袛蝎袧袗效袗袥袨袣袨袧袝笑.袛袗孝袗袨袩袪袝袛袝袥袝袧袠携袨袘携袟袗孝袝袥鞋小孝袙,TempTable,2
80,效邪褋褌褜_3,袙孝_孝袪袗袧袟袠孝袧蝎袝袙袠袛蝎袧袗效袗袥袨袣袨袧袝笑.袛袗孝袗袨袣袨袧效袗袧袠携袨袘携袟袗孝袝袥鞋小孝袙,TempTable,3
80,效邪褋褌褜_3,0,Unknown,4
80,效邪褋褌褜_3,小校袦袦袗,Unknown,5
80,效邪褋褌褜_3,袙孝_孝袪袗袧袟袠孝袧蝎袝袙袠袛蝎袧袗效袗袥袨袣袨袧袝笑,TempTable,6
80,效邪褋褌褜_3,袪袝袚袠小孝袪袧袗袣袨袩袥袝袧袠携.校袩_袙袨袟袙袪袗孝蝎袩袪袨效袠啸袧袗效袠小袥袝袧袠袡袧袩袨,AccumulationRegister,7
81,效邪褋褌褜_4,袙孝_孝袪袗袧袟袠孝袧蝎袝袙袠袛蝎袧袗效袗袥袨袣袨袧袝笑.袙袠袛袨袘携袟袗孝袝袥鞋小孝袙,TempTable,1
81,效邪褋褌褜_4,袙孝_孝袪袗袧袟袠孝袧蝎袝袙袠袛蝎袧袗效袗袥袨袣袨袧袝笑.袛袗孝袗袨袩袪袝袛袝袥袝袧袠携袨袘携袟袗孝袝袥鞋小孝袙,TempTable,2
81,效邪褋褌褜_4,袙孝_孝袪袗袧袟袠孝袧蝎袝袙袠袛蝎袧袗效袗袥袨袣袨袧袝笑.袛袗孝袗袨袣袨袧效袗袧袠携袨袘携袟袗孝袝袥鞋小孝袙,TempTable,3
81,效邪褋褌褜_4,小校袦袦袗,Unknown,4
81,效邪褋褌褜_4,0,Unknown,5
81,效邪褋褌褜_4,袙孝_孝袪袗袧袟袠孝袧蝎袝袙袠袛蝎袧袗效袗袥袨袣袨袧袝笑,TempTable,6
81,效邪褋褌褜_4,袪袝袚袠小孝袪袧袗袣袨袩袥袝袧袠携.校袩_袙袨袟袙袪袗孝蝎袩袝袧小袠袡袧袩袨,AccumulationRegister,7
82,效邪褋褌褜_5,袙孝_孝袪袗袧袟袠孝袧蝎袝袙袠袛蝎袧袗效袗袥袨袣袨袧袝笑.袙袠袛袨袘携袟袗孝袝袥鞋小孝袙,TempTable,1
82,效邪褋褌褜_5,袙孝_孝袪袗袧袟袠孝袧蝎袝袙袠袛蝎袧袗效袗袥袨袣袨袧袝笑.袛袗孝袗袨袩袪袝袛袝袥袝袧袠携袨袘携袟袗孝袝袥鞋小孝袙,TempTable,2
82,效邪褋褌褜_5,袙孝_孝袪袗袧袟袠孝袧蝎袝袙袠袛蝎袧袗效袗袥袨袣袨袧袝笑.袛袗孝袗袨袣袨袧效袗袧袠携袨袘携袟袗孝袝袥鞋小孝袙,TempTable,3
82,效邪褋褌褜_5,0,Unknown,4
82,效邪褋褌褜_5,小校袦袦袗,Unknown,5
82,效邪褋褌褜_5,袙孝_孝袪袗袧袟袠孝袧蝎袝袙袠袛蝎袧袗效袗袥袨袣袨袧袝笑,TempTable,6
82,效邪褋褌褜_5,袪袝袚袠小孝袪袧袗袣袨袩袥袝袧袠携.校袩_袙袨袟袙袪袗孝蝎袩袝袧小袠袡袧袩袨,AccumulationRegister,7
83,袙孝_小褍屑屑褘_袩袪_孝褉邪薪蟹懈褌薪褘械袙懈写褘,袩袨袛袟袗袩袪袨小.袙袠袛袨袘携袟袗孝袝袥鞋小孝袙,Unknown,1
83,袙孝_小褍屑屑褘_袩袪_孝褉邪薪蟹懈褌薪褘械袙懈写褘,袩袨袛袟袗袩袪袨小.袛袗孝袗袨袩袪袝袛袝袥袝袧袠携袨袘携袟袗孝袝袥鞋小孝袙,Unknown,2
83,袙孝_小褍屑屑褘_袩袪_孝褉邪薪蟹懈褌薪褘械袙懈写褘,袩袨袛袟袗袩袪袨小.袛袗孝袗袨袣袨袧效袗袧袠携袨袘携袟袗孝袝袥鞋小孝袙,Unknown,3
83,袙孝_小褍屑屑褘_袩袪_孝褉邪薪蟹懈褌薪褘械袙懈写褘,小校袦袦袗,Unknown,4
83,袙孝_小褍屑屑褘_袩袪_孝褉邪薪蟹懈褌薪褘械袙懈写褘,袩袨袛袟袗袩袪袨小.袩袪袠袟袧袗袣袠小啸袨小孝袗孝袣袗,Unknown,5
85,效邪褋褌褜_1,袙孝_袨小孝袗孝袣袠孝袪袗袧袟袠孝袧蝎袝袙袠袛蝎.袙袠袛袨袘携袟袗孝袝袥鞋小孝袙,TempTable,1
85,效邪褋褌褜_1,袙孝_袨小孝袗孝袣袠孝袪袗袧袟袠孝袧蝎袝袙袠袛蝎.袛袗孝袗袨袩袪袝袛袝袥袝袧袠携袨袘携袟袗孝袝袥鞋小孝袙,TempTable,2
85,效邪褋褌褜_1,袙孝_袨小孝袗孝袣袠孝袪袗袧袟袠孝袧蝎袝袙袠袛蝎.袛袗孝袗袨袣袨袧效袗袧袠携袨袘携袟袗孝袝袥鞋小孝袙,TempTable,3
85,效邪褋褌褜_1,袙孝_袨小孝袗孝袣袠孝袪袗袧袟袠孝袧蝎袝袙袠袛蝎.袙啸小校袦袦袗,TempTable,4
85,效邪褋褌褜_1,袙孝_袨小孝袗孝袣袠孝袪袗袧袟袠孝袧蝎袝袙袠袛蝎.袠小啸小校袦袦袗,TempTable,5
85,效邪褋褌褜_1,0,Unknown,6
85,效邪褋褌褜_1,袥袨袞鞋,Unknown,7
85,效邪褋褌褜_1,袙孝_袨小孝袗孝袣袠孝袪袗袧袟袠孝袧蝎袝袙袠袛蝎,TempTable,8
86,效邪褋褌褜_2,袙孝_孝袪袗袧袟袠孝袧蝎袝袙袠袛蝎袧袗效袗袥袨袣袨袧袝笑.袙袠袛袨袘携袟袗孝袝袥鞋小孝袙,TempTable,1
86,效邪褋褌褜_2,袙孝_孝袪袗袧袟袠孝袧蝎袝袙袠袛蝎袧袗效袗袥袨袣袨袧袝笑.袛袗孝袗袨袩袪袝袛袝袥袝袧袠携袨袘携袟袗孝袝袥鞋小孝袙,TempTable,2
86,效邪褋褌褜_2,袙孝_孝袪袗袧袟袠孝袧蝎袝袙袠袛蝎袧袗效袗袥袨袣袨袧袝笑.袛袗孝袗袨袣袨袧效袗袧袠携袨袘携袟袗孝袝袥鞋小孝袙,TempTable,3
86,效邪褋褌褜_2,"0,",Unknown,4
86,效邪褋褌褜_2,小校袦袦袗,Unknown,5
86,效邪褋褌褜_2,袙孝_孝袪袗袧袟袠孝袧蝎袝袙袠袛蝎袧袗效袗袥袨袣袨袧袝笑,TempTable,6
86,效邪褋褌褜_2,袪袝袚袠小孝袪袧袗袣袨袩袥袝袧袠携.校袩_袩袨小孝校袩袥袝袧袠携,AccumulationRegister,7
87,效邪褋褌褜_3,袙孝_孝袪袗袧袟袠孝袧蝎袝袙袠袛蝎袧袗效袗袥袨袣袨袧袝笑.袙袠袛袨袘携袟袗孝袝袥鞋小孝袙,TempTable,1
87,效邪褋褌褜_3,袙孝_孝袪袗袧袟袠孝袧蝎袝袙袠袛蝎袧袗效袗袥袨袣袨袧袝笑.袛袗孝袗袨袩袪袝袛袝袥袝袧袠携袨袘携袟袗孝袝袥鞋小孝袙,TempTable,2
87,效邪褋褌褜_3,袙孝_孝袪袗袧袟袠孝袧蝎袝袙袠袛蝎袧袗效袗袥袨袣袨袧袝笑.袛袗孝袗袨袣袨袧效袗袧袠携袨袘携袟袗孝袝袥鞋小孝袙,TempTable,3
87,效邪褋褌褜_3,"0,",Unknown,4
87,效邪褋褌褜_3,"袥袨袞鞋,",Unknown,5
87,效邪褋褌褜_3,0,Unknown,6
87,效邪褋褌褜_3,袙孝_孝袪袗袧袟袠孝袧蝎袝袙袠袛蝎袧袗效袗袥袨袣袨袧袝笑,TempTable,7
87,效邪褋褌褜_3,袪袝袚袠小孝袪袧袗袣袨袩袥袝袧袠携.校袩_袠袧袙袝小孝袛袨啸袨袛,AccumulationRegister,8
88,效邪褋褌褜_4,袙孝_孝袪袗袧袟袠孝袧蝎袝袙袠袛蝎袧袗效袗袥袨袣袨袧袝笑.袙袠袛袨袘携袟袗孝袝袥鞋小孝袙,TempTable,1
88,效邪褋褌褜_4,袙孝_孝袪袗袧袟袠孝袧蝎袝袙袠袛蝎袧袗效袗袥袨袣袨袧袝笑.袛袗孝袗袨袩袪袝袛袝袥袝袧袠携袨袘携袟袗孝袝袥鞋小孝袙,TempTable,2
88,效邪褋褌褜_4,袙孝_孝袪袗袧袟袠孝袧蝎袝袙袠袛蝎袧袗效袗袥袨袣袨袧袝笑.袛袗孝袗袨袣袨袧效袗袧袠携袨袘携袟袗孝袝袥鞋小孝袙,TempTable,3
88,效邪褋褌褜_4,"0,",Unknown,4
88,效邪褋褌褜_4,"袥袨袞鞋,",Unknown,5
88,效邪褋褌褜_4,0,Unknown,6
88,效邪褋褌褜_4,袙孝_孝袪袗袧袟袠孝袧蝎袝袙袠袛蝎袧袗效袗袥袨袣袨袧袝笑,TempTable,7
88,效邪褋褌褜_4,袪袝袚袠小孝袪袧袗袣袨袩袥袝袧袠携.校袩_袟袗袛袨袥袞袝袧袧袨小孝鞋袩袨袩袝袧小袠携袦,AccumulationRegister,8
90,效邪褋褌褜_1,袙孝_孝袪袗袧袟袠孝袧蝎袝袙袠袛蝎袧袗效袗袥袨袣袨袧袝笑.袙袠袛袨袘携袟袗孝袝袥鞋小孝袙,TempTable,1
90,效邪褋褌褜_1,袙孝_孝袪袗袧袟袠孝袧蝎袝袙袠袛蝎袧袗效袗袥袨袣袨袧袝笑.袛袗孝袗袨袩袪袝袛袝袥袝袧袠携袨袘携袟袗孝袝袥鞋小孝袙,TempTable,2
90,效邪褋褌褜_1,袙孝_孝袪袗袧袟袠孝袧蝎袝袙袠袛蝎袧袗效袗袥袨袣袨袧袝笑.袛袗孝袗袨袣袨袧效袗袧袠携袨袘携袟袗孝袝袥鞋小孝袙,TempTable,3
90,效邪褋褌褜_1,小校袦袦袗,Unknown,4
90,效邪褋褌褜_1,0,Unknown,5
90,效邪褋褌褜_1,袙孝_孝袪袗袧袟袠孝袧蝎袝袙袠袛蝎袧袗效袗袥袨袣袨袧袝笑,TempTable,6
90,效邪褋褌褜_1,袪袝袚袠小孝袪袧袗袣袨袩袥袝袧袠携.校袩_袧袗效袠小袥袝袧袠携袩袝袧小袠袡,AccumulationRegister,7
91,效邪褋褌褜_2,袙孝_孝袪袗袧袟袠孝袧蝎袝袙袠袛蝎袧袗效袗袥袨袣袨袧袝笑.袙袠袛袨袘携袟袗孝袝袥鞋小孝袙,TempTable,1
91,效邪褋褌褜_2,袙孝_孝袪袗袧袟袠孝袧蝎袝袙袠袛蝎袧袗效袗袥袨袣袨袧袝笑.袛袗孝袗袨袩袪袝袛袝袥袝袧袠携袨袘携袟袗孝袝袥鞋小孝袙,TempTable,2
91,效邪褋褌褜_2,袙孝_孝袪袗袧袟袠孝袧蝎袝袙袠袛蝎袧袗效袗袥袨袣袨袧袝笑.袛袗孝袗袨袣袨袧效袗袧袠携袨袘携袟袗孝袝袥鞋小孝袙,TempTable,3
91,效邪褋褌褜_2,"0,",Unknown,4
91,效邪褋褌褜_2,小校袦袦袗,Unknown,5
91,效邪褋褌褜_2,0,Unknown,6
91,效邪褋褌褜_2,袙孝_孝袪袗袧袟袠孝袧蝎袝袙袠袛蝎袧袗效袗袥袨袣袨袧袝笑,TempTable,7
91,效邪褋褌褜_2,袪袝袚袠小孝袪袧袗袣袨袩袥袝袧袠携.校袩_袩袪袨效袠袝袧袗效袠小袥袝袧袠携,AccumulationRegister,8
92,效邪褋褌褜_3,袙孝_孝袪袗袧袟袠孝袧蝎袝袙袠袛蝎袧袗效袗袥袨袣袨袧袝笑.袙袠袛袨袘携袟袗孝袝袥鞋小孝袙,TempTable,1
92,效邪褋褌褜_3,袙孝_孝袪袗袧袟袠孝袧蝎袝袙袠袛蝎袧袗效袗袥袨袣袨袧袝笑.袛袗孝袗袨袩袪袝袛袝袥袝袧袠携袨袘携袟袗孝袝袥鞋小孝袙,TempTable,2
92,效邪褋褌褜_3,袙孝_孝袪袗袧袟袠孝袧蝎袝袙袠袛蝎袧袗效袗袥袨袣袨袧袝笑.袛袗孝袗袨袣袨袧效袗袧袠携袨袘携袟袗孝袝袥鞋小孝袙,TempTable,3
92,效邪褋褌褜_3,"0,",Unknown,4
92,效邪褋褌褜_3,袙孝_孝袪袗袧袟袠孝袧蝎袝袙袠袛蝎袧袗效袗袥袨袣袨袧袝笑,TempTable,5
92,效邪褋褌褜_3,袪袝袚袠小孝袪袧袗袣袨袩袥袝袧袠携.校袩_袩袪袨效袠袝袧袗效袠小袥袝袧袠携,AccumulationRegister,6
93,效邪褋褌褜_4,袙孝_孝袪袗袧袟袠孝袧蝎袝袙袠袛蝎袧袗效袗袥袨袣袨袧袝笑.袙袠袛袨袘携袟袗孝袝袥鞋小孝袙,TempTable,1
93,效邪褋褌褜_4,袙孝_孝袪袗袧袟袠孝袧蝎袝袙袠袛蝎袧袗效袗袥袨袣袨袧袝笑.袛袗孝袗袨袩袪袝袛袝袥袝袧袠携袨袘携袟袗孝袝袥鞋小孝袙,TempTable,2
93,效邪褋褌褜_4,袙孝_孝袪袗袧袟袠孝袧蝎袝袙袠袛蝎袧袗效袗袥袨袣袨袧袝笑.袛袗孝袗袨袣袨袧效袗袧袠携袨袘携袟袗孝袝袥鞋小孝袙,TempTable,3
93,效邪褋褌褜_4,小校袦袦袗,Unknown,4
93,效邪褋褌褜_4,"0,",Unknown,5
93,效邪褋褌褜_4,0,Unknown,6
93,效邪褋褌褜_4,袙孝_孝袪袗袧袟袠孝袧蝎袝袙袠袛蝎袧袗效袗袥袨袣袨袧袝笑,TempTable,7
93,效邪褋褌褜_4,袪袝袚袠小孝袪袧袗袣袨袩袥袝袧袠携.校袩_袨孝袙袝袪袚袧校孝蝎袝袩袥袗孝袝袞袠袩袝袧小袠袡袧袩袨,AccumulationRegister,8
94,效邪褋褌褜_5,袙孝_孝袪袗袧袟袠孝袧蝎袝袙袠袛蝎袧袗效袗袥袨袣袨袧袝笑.袙袠袛袨袘携袟袗孝袝袥鞋小孝袙,TempTable,1
94,效邪褋褌褜_5,袙孝_孝袪袗袧袟袠孝袧蝎袝袙袠袛蝎袧袗效袗袥袨袣袨袧袝笑.袛袗孝袗袨袩袪袝袛袝袥袝袧袠携袨袘携袟袗孝袝袥鞋小孝袙,TempTable,2
94,效邪褋褌褜_5,袙孝_孝袪袗袧袟袠孝袧蝎袝袙袠袛蝎袧袗效袗袥袨袣袨袧袝笑.袛袗孝袗袨袣袨袧效袗袧袠携袨袘携袟袗孝袝袥鞋小孝袙,TempTable,3
94,效邪褋褌褜_5,"0,",Unknown,4
94,效邪褋褌褜_5,小校袦袦袗,Unknown,5
94,效邪褋褌褜_5,0,Unknown,6
94,效邪褋褌褜_5,袙孝_孝袪袗袧袟袠孝袧蝎袝袙袠袛蝎袧袗效袗袥袨袣袨袧袝笑,TempTable,7
94,效邪褋褌褜_5,袪袝袚袠小孝袪袧袗袣袨袩袥袝袧袠携.校袩_袨孝袙袝袪袚袧校孝蝎袝袩袥袗孝袝袞袠袩袪袨效袠袝袧袗效袠小袥袝袧袠携袧袩袨,AccumulationRegister,8
95,袙孝_袙褘锌谢邪褌褘孝褉邪薪蟹懈褌薪褘械袙懈写褘,袙孝_袙蝎袩袥袗孝蝎袩袪孝袪袗袧袟袠孝袧蝎袝袙袠袛蝎.袙袠袛袨袘携袟袗孝袝袥鞋小孝袙,TempTable,1
95,袙孝_袙褘锌谢邪褌褘孝褉邪薪蟹懈褌薪褘械袙懈写褘,袙孝_袙蝎袩袥袗孝蝎袩袪孝袪袗袧袟袠孝袧蝎袝袙袠袛蝎.袛袗孝袗袨袩袪袝袛袝袥袝袧袠携袨袘携袟袗孝袝袥鞋小孝袙,TempTable,2
95,袙孝_袙褘锌谢邪褌褘孝褉邪薪蟹懈褌薪褘械袙懈写褘,袙孝_袙蝎袩袥袗孝蝎袩袪孝袪袗袧袟袠孝袧蝎袝袙袠袛蝎.袛袗孝袗袨袣袨袧效袗袧袠携袨袘携袟袗孝袝袥鞋小孝袙,TempTable,3
95,袙孝_袙褘锌谢邪褌褘孝褉邪薪蟹懈褌薪褘械袙懈写褘,小校袦袦袗,Unknown,4
95,袙孝_袙褘锌谢邪褌褘孝褉邪薪蟹懈褌薪褘械袙懈写褘,袙孝_袙蝎袩袥袗孝蝎袩袪孝袪袗袧袟袠孝袧蝎袝袙袠袛蝎,TempTable,5
96,袙孝_袩械褉械屑械褖械薪懈褟袙小褌褉邪褏芯胁芯泄袪械蟹械褉胁孝褉邪薪蟹懈褌薪褘械袙懈写褘,袙孝_孝袪袗袧袟袠孝袧蝎袝袙袠袛蝎袧袗效袗袥袨袣袨袧袝笑.袩袝袧小袠袨袧袧蝎袡小效袝孝,TempTable,1
96,袙孝_袩械褉械屑械褖械薪懈褟袙小褌褉邪褏芯胁芯泄袪械蟹械褉胁孝褉邪薪蟹懈褌薪褘械袙懈写褘,袙孝_孝袪袗袧袟袠孝袧蝎袝袙袠袛蝎袧袗效袗袥袨袣袨袧袝笑.袙袠袛袨袘携袟袗孝袝袥鞋小孝袙,TempTable,2
96,袙孝_袩械褉械屑械褖械薪懈褟袙小褌褉邪褏芯胁芯泄袪械蟹械褉胁孝褉邪薪蟹懈褌薪褘械袙懈写褘,袙孝_孝袪袗袧袟袠孝袧蝎袝袙袠袛蝎袧袗效袗袥袨袣袨袧袝笑.袛袗孝袗袨袩袪袝袛袝袥袝袧袠携袨袘携袟袗孝袝袥鞋小孝袙,TempTable,3
96,袙孝_袩械褉械屑械褖械薪懈褟袙小褌褉邪褏芯胁芯泄袪械蟹械褉胁孝褉邪薪蟹懈褌薪褘械袙懈写褘,袙孝_孝袪袗袧袟袠孝袧蝎袝袙袠袛蝎袧袗效袗袥袨袣袨袧袝笑.袛袗孝袗袨袣袨袧效袗袧袠携袨袘携袟袗孝袝袥鞋小孝袙,TempTable,4
96,袙孝_袩械褉械屑械褖械薪懈褟袙小褌褉邪褏芯胁芯泄袪械蟹械褉胁孝褉邪薪蟹懈褌薪褘械袙懈写褘,袙蝎袘袨袪,Unknown,5
96,袙孝_袩械褉械屑械褖械薪懈褟袙小褌褉邪褏芯胁芯泄袪械蟹械褉胁孝褉邪薪蟹懈褌薪褘械袙懈写褘,袙孝_孝袪袗袧袟袠孝袧蝎袝袙袠袛蝎袧袗效袗袥袨袣袨袧袝笑,TempTable,6
96,袙孝_袩械褉械屑械褖械薪懈褟袙小褌褉邪褏芯胁芯泄袪械蟹械褉胁孝褉邪薪蟹懈褌薪褘械袙懈写褘,袪袝袚袠小孝袪袧袗袣袨袩袥袝袧袠携.校袩_袪袝袟袝袪袙蝎,AccumulationRegister,7
97,袩芯写蟹邪锌褉芯褋_13,袙孝_孝袠袩蝎袪袝袟袝袪袙袨袙,TempTable,1
99,效邪褋褌褜_1,袙孝_孝袪袗袧袟袠孝袧蝎袝袙袠袛蝎袧袗效袗袥袨袣袨袧袝笑.袩袝袧小袠袨袧袧蝎袡小效袝孝,TempTable,1
99,效邪褋褌褜_1,袙孝_孝袪袗袧袟袠孝袧蝎袝袙袠袛蝎袧袗效袗袥袨袣袨袧袝笑.袙袠袛袨袘携袟袗孝袝袥鞋小孝袙,TempTable,2
99,效邪褋褌褜_1,袙孝_孝袪袗袧袟袠孝袧蝎袝袙袠袛蝎袧袗效袗袥袨袣袨袧袝笑.袛袗孝袗袨袩袪袝袛袝袥袝袧袠携袨袘携袟袗孝袝袥鞋小孝袙,TempTable,3
99,效邪褋褌褜_1,袙孝_孝袪袗袧袟袠孝袧蝎袝袙袠袛蝎袧袗效袗袥袨袣袨袧袝笑.袛袗孝袗袨袣袨袧效袗袧袠携袨袘携袟袗孝袝袥鞋小孝袙,TempTable,4
99,效邪褋褌褜_1,袪袝袟袝袪袙蝎.袙袠袛袛袙袠袞袝袧袠携袝袩小,Unknown,5
99,效邪褋褌褜_1,袝小孝鞋NULL,Unknown,6
99,效邪褋褌褜_1,0,Unknown,7
99,效邪褋褌褜_1,袙孝_孝袪袗袧袟袠孝袧蝎袝袙袠袛蝎袧袗效袗袥袨袣袨袧袝笑,TempTable,8
99,效邪褋褌褜_1,袪袝袚袠小孝袪袧袗袣袨袩袥袝袧袠携.校袩_袪袝袟袝袪袙蝎,AccumulationRegister,9
99,效邪褋褌褜_1,袙孝_袩袝袪袝袙袨袛蝎袠袟袪袝袚袠小孝袪袨袙_袙袠袛蝎袛袙袠袞袝袧袠袡,TempTable,10
100,效邪褋褌褜_2,袙孝_孝袪袗袧袟袠孝袧蝎袝袙袠袛蝎袧袗效袗袥袨袣袨袧袝笑.袩袝袧小袠袨袧袧蝎袡小效袝孝,TempTable,1
100,效邪褋褌褜_2,袙孝_孝袪袗袧袟袠孝袧蝎袝袙袠袛蝎袧袗效袗袥袨袣袨袧袝笑.袙袠袛袨袘携袟袗孝袝袥鞋小孝袙,TempTable,2
100,效邪褋褌褜_2,袙孝_孝袪袗袧袟袠孝袧蝎袝袙袠袛蝎袧袗效袗袥袨袣袨袧袝笑.袛袗孝袗袨袩袪袝袛袝袥袝袧袠携袨袘携袟袗孝袝袥鞋小孝袙,TempTable,3
100,效邪褋褌褜_2,袙孝_孝袪袗袧袟袠孝袧蝎袝袙袠袛蝎袧袗效袗袥袨袣袨袧袝笑.袛袗孝袗袨袣袨袧效袗袧袠携袨袘携袟袗孝袝袥鞋小孝袙,TempTable,4
100,效邪褋褌褜_2,袪袝袟袝袪袙蝎.袙袠袛袛袙袠袞袝袧袠携袝袩小,Unknown,5
100,效邪褋褌褜_2,0,Unknown,6
100,效邪褋褌褜_2,袝小孝鞋NULL,Unknown,7
100,效邪褋褌褜_2,袙孝_孝袪袗袧袟袠孝袧蝎袝袙袠袛蝎袧袗效袗袥袨袣袨袧袝笑,TempTable,8
100,效邪褋褌褜_2,袪袝袚袠小孝袪袧袗袣袨袩袥袝袧袠携.校袩_袪袝袟袝袪袙蝎,AccumulationRegister,9
100,效邪褋褌褜_2,袙孝_袩袝袪袝袙袨袛蝎袠袟袪袝袚袠小孝袪袨袙_袙袠袛蝎袛袙袠袞袝袧袠袡_袙袪袝袟袝袪袙蝎,TempTable,10
102,效邪褋褌褜_1,袙孝_袩袝袪袝袙袨袛蝎袠袟袪袝袚袠小孝袪袨袙.袩袝袧小袠袨袧袧蝎袡小效袝孝,TempTable,1
102,效邪褋褌褜_1,袙孝_袩袝袪袝袙袨袛蝎袠袟袪袝袚袠小孝袪袨袙.袙袠袛袨袘携袟袗孝袝袥鞋小孝袙,TempTable,2
102,效邪褋褌褜_1,袙孝_袩袝袪袝袙袨袛蝎袠袟袪袝袚袠小孝袪袨袙.袛袗孝袗袨袩袪袝袛袝袥袝袧袠携袨袘携袟袗孝袝袥鞋小孝袙,TempTable,3
102,效邪褋褌褜_1,袙孝_袩袝袪袝袙袨袛蝎袠袟袪袝袚袠小孝袪袨袙.袛袗孝袗袨袣袨袧效袗袧袠携袨袘携袟袗孝袝袥鞋小孝袙,TempTable,4
102,效邪褋褌褜_1,袙孝_袩袝袪袝袙袨袛蝎袠袟袪袝袚袠小孝袪袨袙.袪袝袚袠小孝袪袗孝袨袪,TempTable,5
102,效邪褋褌褜_1,袙孝_袩袝袪袝袙袨袛蝎袠袟袪袝袚袠小孝袪袨袙.小校袦袦袗,TempTable,6
102,效邪褋褌褜_1,袙孝_袩袝袪袝袙袨袛蝎袠袟袪袝袚袠小孝袪袨袙.小校袦袦袗袙袪袝袟袝袪袙蝎,TempTable,7
102,效邪褋褌褜_1,袙孝_袩袝袪袝袙袨袛蝎袠袟袪袝袚袠小孝袪袨袙_袪袝袟袝袪袙蝎孝袪袗袧袟袠孝袧蝎袝袙袠袛蝎,TempTable,8
103,效邪褋褌褜_2,袙孝_袩袝袪袝袦袝些袝袧袠携袙小孝袪袗啸袨袙袨袡袪袝袟袝袪袙孝袪袗袧袟袠孝袧蝎袝袙袠袛蝎.袩袝袧小袠袨袧袧蝎袡小效袝孝,TempTable,1
103,效邪褋褌褜_2,袙孝_袩袝袪袝袦袝些袝袧袠携袙小孝袪袗啸袨袙袨袡袪袝袟袝袪袙孝袪袗袧袟袠孝袧蝎袝袙袠袛蝎.袙袠袛袨袘携袟袗孝袝袥鞋小孝袙,TempTable,2
103,效邪褋褌褜_2,袙孝_袩袝袪袝袦袝些袝袧袠携袙小孝袪袗啸袨袙袨袡袪袝袟袝袪袙孝袪袗袧袟袠孝袧蝎袝袙袠袛蝎.袛袗孝袗袨袩袪袝袛袝袥袝袧袠携袨袘携袟袗孝袝袥鞋小孝袙,TempTable,3
103,效邪褋褌褜_2,袙孝_袩袝袪袝袦袝些袝袧袠携袙小孝袪袗啸袨袙袨袡袪袝袟袝袪袙孝袪袗袧袟袠孝袧蝎袝袙袠袛蝎.袛袗孝袗袨袣袨袧效袗袧袠携袨袘携袟袗孝袝袥鞋小孝袙,TempTable,4
103,效邪褋褌褜_2,"袙孝_袩袝袪袝袦袝些袝袧袠携袙小孝袪袗啸袨袙袨袡袪袝袟袝袪袙孝袪袗袧袟袠孝袧蝎袝袙袠袛蝎.袪袝袚袠小孝袪袗孝袨袪,",TempTable,5
103,效邪褋褌褜_2,袙孝_袩袝袪袝袦袝些袝袧袠携袙小孝袪袗啸袨袙袨袡袪袝袟袝袪袙孝袪袗袧袟袠孝袧蝎袝袙袠袛蝎.小校袦袦袗,TempTable,6
103,效邪褋褌褜_2,袙孝_袩袝袪袝袦袝些袝袧袠携袙小孝袪袗啸袨袙袨袡袪袝袟袝袪袙孝袪袗袧袟袠孝袧蝎袝袙袠袛蝎,TempTable,7
104,袙孝_袩械褉械胁芯写褘孝褉邪薪蟹懈褌薪褘械袙懈写褘,袙孝_袩袝袪袝袙袨袛蝎袠袟袪袝袚袠小孝袪袨袙_袪袝袚袠小孝袪蝎孝袪袗袧袟袠孝袧蝎袝袙袠袛蝎.袙袠袛袨袘携袟袗孝袝袥鞋小孝袙,TempTable,1
104,袙孝_袩械褉械胁芯写褘孝褉邪薪蟹懈褌薪褘械袙懈写褘,袙孝_袩袝袪袝袙袨袛蝎袠袟袪袝袚袠小孝袪袨袙_袪袝袚袠小孝袪蝎孝袪袗袧袟袠孝袧蝎袝袙袠袛蝎.袛袗孝袗袨袩袪袝袛袝袥袝袧袠携袨袘携袟袗孝袝袥鞋小孝袙,TempTable,2
104,袙孝_袩械褉械胁芯写褘孝褉邪薪蟹懈褌薪褘械袙懈写褘,袙孝_袩袝袪袝袙袨袛蝎袠袟袪袝袚袠小孝袪袨袙_袪袝袚袠小孝袪蝎孝袪袗袧袟袠孝袧蝎袝袙袠袛蝎.袛袗孝袗袨袣袨袧效袗袧袠携袨袘携袟袗孝袝袥鞋小孝袙,TempTable,3
104,袙孝_袩械褉械胁芯写褘孝褉邪薪蟹懈褌薪褘械袙懈写褘,小校袦袦袗,Unknown,4
104,袙孝_袩械褉械胁芯写褘孝褉邪薪蟹懈褌薪褘械袙懈写褘,袙孝_袩袝袪袝袙袨袛蝎袠袟袪袝袚袠小孝袪袨袙_袪袝袚袠小孝袪蝎孝袪袗袧袟袠孝袧蝎袝袙袠袛蝎,TempTable,5
105,袙孝_袨褋褌邪褌泻懈孝褉邪薪蟹懈褌薪褘械袙懈写褘_袩褉械写胁,袙孝_孝袪袗袧袟袠孝袧蝎袝袙袠袛蝎袧袗效袗袥袨袣袨袧袝笑.袙袠袛袨袘携袟袗孝袝袥鞋小孝袙,TempTable,1
105,袙孝_袨褋褌邪褌泻懈孝褉邪薪蟹懈褌薪褘械袙懈写褘_袩褉械写胁,袙孝_孝袪袗袧袟袠孝袧蝎袝袙袠袛蝎袧袗效袗袥袨袣袨袧袝笑.袛袗孝袗袨袩袪袝袛袝袥袝袧袠携袨袘携袟袗孝袝袥鞋小孝袙,TempTable,2
105,袙孝_袨褋褌邪褌泻懈孝褉邪薪蟹懈褌薪褘械袙懈写褘_袩褉械写胁,袙孝_孝袪袗袧袟袠孝袧蝎袝袙袠袛蝎袧袗效袗袥袨袣袨袧袝笑.袛袗孝袗袨袣袨袧效袗袧袠携袨袘携袟袗孝袝袥鞋小孝袙,TempTable,3
105,袙孝_袨褋褌邪褌泻懈孝褉邪薪蟹懈褌薪褘械袙懈写褘_袩褉械写胁,袙蝎袘袨袪,Unknown,4
105,袙孝_袨褋褌邪褌泻懈孝褉邪薪蟹懈褌薪褘械袙懈写褘_袩褉械写胁,ISNULL,Unknown,5
105,袙孝_袨褋褌邪褌泻懈孝褉邪薪蟹懈褌薪褘械袙懈写褘_袩褉械写胁,袙孝_小校袦袦蝎_袩袪_孝袪袗袧袟袠孝袧蝎袝袙袠袛蝎.袨小孝袗孝袨袣袙啸,TempTable,6
105,袙孝_袨褋褌邪褌泻懈孝褉邪薪蟹懈褌薪褘械袙懈写褘_袩褉械写胁,袙孝_小校袦袦蝎_袩袪_孝袪袗袧袟袠孝袧蝎袝袙袠袛蝎.袨小孝袗孝袨袣袠小啸,TempTable,7
105,袙孝_袨褋褌邪褌泻懈孝褉邪薪蟹懈褌薪褘械袙懈写褘_袩褉械写胁,袙孝_小校袦袦蝎_袩袪_孝袪袗袧袟袠孝袧蝎袝袙袠袛蝎.袙袟袧袨小蝎,TempTable,8
105,袙孝_袨褋褌邪褌泻懈孝褉邪薪蟹懈褌薪褘械袙懈写褘_袩褉械写胁,袙孝_小校袦袦蝎_袩袪_孝袪袗袧袟袠孝袧蝎袝袙袠袛蝎.袠袧袙袝小孝袠笑袠袨袧袧蝎袡袛袨啸袨袛,TempTable,9
105,袙孝_袨褋褌邪褌泻懈孝褉邪薪蟹懈褌薪褘械袙懈写褘_袩褉械写胁,袙孝_小校袦袦蝎_袩袪_孝袪袗袧袟袠孝袧蝎袝袙袠袛蝎.袟袗袛袨袥袞袝袧袧袨小孝鞋袩袝袧小袠袠,TempTable,10
105,袙孝_袨褋褌邪褌泻懈孝褉邪薪蟹懈褌薪褘械袙懈写褘_袩褉械写胁,袙孝_小校袦袦蝎_袩袪_孝袪袗袧袟袠孝袧蝎袝袙袠袛蝎.袠袧袙袝小孝袛袨啸袨袛袣肖袠袣小袗笑袠袠,TempTable,11
105,袙孝_袨褋褌邪褌泻懈孝褉邪薪蟹懈褌薪褘械袙懈写褘_袩褉械写胁,袙孝_袙蝎袩袥袗孝蝎孝袪袗袧袟袠孝袧蝎袝袙袠袛蝎.袩袝袧小袠携,TempTable,12
105,袙孝_袨褋褌邪褌泻懈孝褉邪薪蟹懈褌薪褘械袙懈写褘_袩褉械写胁,袙孝_袙蝎袩袥袗孝蝎孝袪袗袧袟袠孝袧蝎袝袙袠袛蝎.袙蝎袣校袩袧袗携小校袦袦袗,TempTable,13
105,袙孝_袨褋褌邪褌泻懈孝褉邪薪蟹懈褌薪褘械袙懈写褘_袩褉械写胁,袙孝_袙蝎袩袥袗孝蝎孝袪袗袧袟袠孝袧蝎袝袙袠袛蝎.袙蝎袩袥袗孝袗袩袪袗袙袨袩袪袝袝袦袧袠袣袗袦,TempTable,14
105,袙孝_袨褋褌邪褌泻懈孝褉邪薪蟹懈褌薪褘械袙懈写褘_袩褉械写胁,袙孝_袙蝎袩袥袗孝蝎孝袪袗袧袟袠孝袧蝎袝袙袠袛蝎.袨袘携袟袗孝袝袥鞋小孝袙袗袩袝袪袝袛袧袗小袥袝袛袧袠袣袗袦袠,TempTable,15
105,袙孝_袨褋褌邪褌泻懈孝褉邪薪蟹懈褌薪褘械袙懈写褘_袩褉械写胁,袙孝_袩袝袪袝袙袨袛蝎孝袪袗袧袟袠孝袧蝎袝袙袠袛蝎.袩袝袪袝袙袨袛,TempTable,16
105,袙孝_袨褋褌邪褌泻懈孝褉邪薪蟹懈褌薪褘械袙懈写褘_袩褉械写胁,袙孝_袩袝袪袝袙袨袛蝎孝袪袗袧袟袠孝袧蝎袝袙袠袛蝎.袩袝袪袝袙袨袛袙袪袝袟袝袪袙蝎,TempTable,17
105,袙孝_袨褋褌邪褌泻懈孝褉邪薪蟹懈褌薪褘械袙懈写褘_袩褉械写胁,袙孝_孝袪袗袧袟袠孝袧蝎袝袙袠袛蝎袧袗效袗袥袨袣袨袧袝笑,TempTable,18
105,袙孝_袨褋褌邪褌泻懈孝褉邪薪蟹懈褌薪褘械袙懈写褘_袩褉械写胁,袙孝_小校袦袦蝎_袩袪_孝袪袗袧袟袠孝袧蝎袝袙袠袛蝎,TempTable,19
105,袙孝_袨褋褌邪褌泻懈孝褉邪薪蟹懈褌薪褘械袙懈写褘_袩褉械写胁,袙孝_袙蝎袩袥袗孝蝎孝袪袗袧袟袠孝袧蝎袝袙袠袛蝎,TempTable,20
105,袙孝_袨褋褌邪褌泻懈孝褉邪薪蟹懈褌薪褘械袙懈写褘_袩褉械写胁,袙孝_袩袝袪袝袙袨袛蝎孝袪袗袧袟袠孝袧蝎袝袙袠袛蝎,TempTable,21
106,袙孝_孝褉邪薪蟹懈褌薪褘械袙懈写褘袧邪褔邪谢芯袣芯薪械褑_小褍屑屑褘,袙孝_袨小孝袗孝袣袠孝袪袗袧袟袠孝袧蝎袝袙袠袛蝎_袩袪袝袛袙.袙袠袛袨袘携袟袗孝袝袥鞋小孝袙,TempTable,1
106,袙孝_孝褉邪薪蟹懈褌薪褘械袙懈写褘袧邪褔邪谢芯袣芯薪械褑_小褍屑屑褘,袙孝_袨小孝袗孝袣袠孝袪袗袧袟袠孝袧蝎袝袙袠袛蝎_袩袪袝袛袙.袛袗孝袗袨袩袪袝袛袝袥袝袧袠携袨袘携袟袗孝袝袥鞋小孝袙,TempTable,2
106,袙孝_孝褉邪薪蟹懈褌薪褘械袙懈写褘袧邪褔邪谢芯袣芯薪械褑_小褍屑屑褘,袙孝_袨小孝袗孝袣袠孝袪袗袧袟袠孝袧蝎袝袙袠袛蝎_袩袪袝袛袙.袛袗孝袗袨袣袨袧效袗袧袠携袨袘携袟袗孝袝袥鞋小孝袙,TempTable,3
106,袙孝_孝褉邪薪蟹懈褌薪褘械袙懈写褘袧邪褔邪谢芯袣芯薪械褑_小褍屑屑褘,袙孝_袨小孝袗孝袣袠孝袪袗袧袟袠孝袧蝎袝袙袠袛蝎_袩袪袝袛袙.袧袗效袗袥鞋袧蝎袡袨小孝袗孝袨袣20,TempTable,4
106,袙孝_孝褉邪薪蟹懈褌薪褘械袙懈写褘袧邪褔邪谢芯袣芯薪械褑_小褍屑屑褘,袙孝_袨小孝袗孝袣袠孝袪袗袧袟袠孝袧蝎袝袙袠袛蝎_袩袪袝袛袙.袙袟袧袨小蝎26,TempTable,5
106,袙孝_孝褉邪薪蟹懈褌薪褘械袙懈写褘袧邪褔邪谢芯袣芯薪械褑_小褍屑屑褘,袙孝_袨小孝袗孝袣袠孝袪袗袧袟袠孝袧蝎袝袙袠袛蝎_袩袪袝袛袙.袠袧袙袝小孝袠笑袠袨袧袧蝎袡袛袨啸袨袛27,TempTable,6
106,袙孝_孝褉邪薪蟹懈褌薪褘械袙懈写褘袧邪褔邪谢芯袣芯薪械褑_小褍屑屑褘,袙孝_袨小孝袗孝袣袠孝袪袗袧袟袠孝袧蝎袝袙袠袛蝎_袩袪袝袛袙.袩袝袪袝袙袨袛28,TempTable,7
106,袙孝_孝褉邪薪蟹懈褌薪褘械袙懈写褘袧邪褔邪谢芯袣芯薪械褑_小褍屑屑褘,袙孝_袨小孝袗孝袣袠孝袪袗袧袟袠孝袧蝎袝袙袠袛蝎_袩袪袝袛袙.袩袝袪袝袙袨袛袙袪袝袟袝袪袙蝎28袗,TempTable,8
106,袙孝_孝褉邪薪蟹懈褌薪褘械袙懈写褘袧邪褔邪谢芯袣芯薪械褑_小褍屑屑褘,袙孝_袨小孝袗孝袣袠孝袪袗袧袟袠孝袧蝎袝袙袠袛蝎_袩袪袝袛袙.袣袨袧袝效袧蝎袡袨小孝袗孝袨袣33,TempTable,9
106,袙孝_孝褉邪薪蟹懈褌薪褘械袙懈写褘袧邪褔邪谢芯袣芯薪械褑_小褍屑屑褘,袙孝_袨小孝袗孝袣袠孝袪袗袧袟袠孝袧蝎袝袙袠袛蝎_袩袪袝袛袙.袩袝袧小袠携30,TempTable,10
106,袙孝_孝褉邪薪蟹懈褌薪褘械袙懈写褘袧邪褔邪谢芯袣芯薪械褑_小褍屑屑褘,袙孝_袨小孝袗孝袣袠孝袪袗袧袟袠孝袧蝎袝袙袠袛蝎_袩袪袝袛袙.袙蝎袣校袩袧袗携小校袦袦袗31,TempTable,11
106,袙孝_孝褉邪薪蟹懈褌薪褘械袙懈写褘袧邪褔邪谢芯袣芯薪械褑_小褍屑屑褘,袙孝_袨小孝袗孝袣袠孝袪袗袧袟袠孝袧蝎袝袙袠袛蝎_袩袪袝袛袙.袙蝎袩袥袗孝袗袩袪袗袙袨袩袪袝袝袦袧袠袣袗袦32,TempTable,12
106,袙孝_孝褉邪薪蟹懈褌薪褘械袙懈写褘袧邪褔邪谢芯袣芯薪械褑_小褍屑屑褘,袙孝_袨小孝袗孝袣袠孝袪袗袧袟袠孝袧蝎袝袙袠袛蝎_袩袪袝袛袙,TempTable,13
107,袙孝_孝褉邪薪蟹懈褌薪褘械袙懈写褘_袚褉褍锌锌褘小褔械褌芯胁,袩袨袛袟袗袩袪袨小.袛袗孝袗袨袩袪袝袛袝袥袝袧袠携袨袘携袟袗孝袝袥鞋小孝袙,Unknown,1
107,袙孝_孝褉邪薪蟹懈褌薪褘械袙懈写褘_袚褉褍锌锌褘小褔械褌芯胁,袩袨袛袟袗袩袪袨小.袛袗孝袗袨袣袨袧效袗袧袠携袨袘携袟袗孝袝袥鞋小孝袙,Unknown,2
107,袙孝_孝褉邪薪蟹懈褌薪褘械袙懈写褘_袚褉褍锌锌褘小褔械褌芯胁,袠肖袪小17_袚袪校袩袩蝎小效袝孝袨袙袧袩袨.袚袪校袩袩袗袛袨袚袨袙袨袪袨袙袧袩袨,Unknown,3
107,袙孝_孝褉邪薪蟹懈褌薪褘械袙懈写褘_袚褉褍锌锌褘小褔械褌芯胁,袠肖袪小17_袩袗袪袗袦袝孝袪蝎袚袪校袩袩蝎袛袨袚袨袙袨袪袨袙袧袩袨.袣袗孝袝袚袨袪袠袠袛袨袚袨袙袨袪袨袙袧袩袨,Unknown,4
107,袙孝_孝褉邪薪蟹懈褌薪褘械袙懈写褘_袚褉褍锌锌褘小褔械褌芯胁,袠肖袪小17_袩袨袪孝肖袝袥鞋袛袨袚袨袙袨袪袨袙袧袩袨.袦袨袛袝袥鞋袨笑袝袧袣袠,Unknown,5
107,袙孝_孝褉邪薪蟹懈褌薪褘械袙懈写褘_袚褉褍锌锌褘小褔械褌芯胁,袪袝袚袠小孝袪小袙袝袛袝袧袠袡.袠肖袪小17_袚袪校袩袩蝎小效袝孝袨袙袧袩袨,InformationRegister,6
107,袙孝_孝褉邪薪蟹懈褌薪褘械袙懈写褘_袚褉褍锌锌褘小褔械褌芯胁,小袩袪袗袙袨效袧袠袣.袠肖袪小17_袚袪校袩袩蝎袛袨袚袨袙袨袪袨袙袧袩袨,Catalog,7
107,袙孝_孝褉邪薪蟹懈褌薪褘械袙懈写褘_袚褉褍锌锌褘小褔械褌芯胁,小袩袪袗袙袨效袧袠袣.袠肖袪小17_袩袗袪袗袦袝孝袪蝎袚袪校袩袩蝎袛袨袚袨袙袨袪袨袙袧袩袨,Catalog,8
107,袙孝_孝褉邪薪蟹懈褌薪褘械袙懈写褘_袚褉褍锌锌褘小褔械褌芯胁,小袩袪袗袙袨效袧袠袣.袠肖袪小17_袩袨袪孝肖袝袥鞋袛袨袚袨袙袨袪袨袙袧袩袨,Catalog,9
108,袩芯写蟹邪锌褉芯褋,袙孝_孝袪袗袧袟袠孝袧蝎袝袙袠袛蝎袧袗效袗袥袨袣袨袧袝笑.袛袗孝袗袨袩袪袝袛袝袥袝袧袠携袨袘携袟袗孝袝袥鞋小孝袙,TempTable,1
108,袩芯写蟹邪锌褉芯褋,袙孝_孝袪袗袧袟袠孝袧蝎袝袙袠袛蝎袧袗效袗袥袨袣袨袧袝笑.袛袗孝袗袨袣袨袧效袗袧袠携袨袘携袟袗孝袝袥鞋小孝袙,TempTable,2
108,袩芯写蟹邪锌褉芯褋,袦袗袣小袠袦校袦,Unknown,3
108,袩芯写蟹邪锌褉芯褋,袙孝_孝袪袗袧袟袠孝袧蝎袝袙袠袛蝎袧袗效袗袥袨袣袨袧袝笑,TempTable,4
108,袩芯写蟹邪锌褉芯褋,袪袝袚袠小孝袪小袙袝袛袝袧袠袡.袠肖袪小17_袚袪校袩袩蝎小效袝孝袨袙袧袩袨,InformationRegister,5
109,袙孝_孝褉邪薪蟹懈褌薪褘械袙懈写褘_孝懈锌褘袛芯谐芯胁芯褉芯胁袝袩小,袩袨袛袟袗袩袪袨小.袛袗孝袗袨袩袪袝袛袝袥袝袧袠携袨袘携袟袗孝袝袥鞋小孝袙,Unknown,1
109,袙孝_孝褉邪薪蟹懈褌薪褘械袙懈写褘_孝懈锌褘袛芯谐芯胁芯褉芯胁袝袩小,袩袨袛袟袗袩袪袨小.袛袗孝袗袨袣袨袧效袗袧袠携袨袘携袟袗孝袝袥鞋小孝袙,Unknown,2
109,袙孝_孝褉邪薪蟹懈褌薪褘械袙懈写褘_孝懈锌褘袛芯谐芯胁芯褉芯胁袝袩小,校袩_孝袠袩蝎袩袝袧小袠袨袧袧蝎啸小效袝孝袨袙袛袥携袝袩小.孝袠袩袛袨袚袨袙袨袪袗袝袩小,Unknown,3
109,袙孝_孝褉邪薪蟹懈褌薪褘械袙懈写褘_孝懈锌褘袛芯谐芯胁芯褉芯胁袝袩小,袪袝袚袠小孝袪小袙袝袛袝袧袠袡.校袩_孝袠袩蝎袩袝袧小袠袨袧袧蝎啸小效袝孝袨袙袛袥携袝袩小,InformationRegister,4
110,袩芯写蟹邪锌褉芯褋,袙孝_孝袪袗袧袟袠孝袧蝎袝袙袠袛蝎袧袗效袗袥袨袣袨袧袝笑.袛袗孝袗袨袩袪袝袛袝袥袝袧袠携袨袘携袟袗孝袝袥鞋小孝袙,TempTable,1
110,袩芯写蟹邪锌褉芯褋,袙孝_孝袪袗袧袟袠孝袧蝎袝袙袠袛蝎袧袗效袗袥袨袣袨袧袝笑.袛袗孝袗袨袣袨袧效袗袧袠携袨袘携袟袗孝袝袥鞋小孝袙,TempTable,2
110,袩芯写蟹邪锌褉芯褋,袦袗袣小袠袦校袦,Unknown,3
110,袩芯写蟹邪锌褉芯褋,袙孝_孝袪袗袧袟袠孝袧蝎袝袙袠袛蝎袧袗效袗袥袨袣袨袧袝笑,TempTable,4
110,袩芯写蟹邪锌褉芯褋,袪袝袚袠小孝袪小袙袝袛袝袧袠袡.校袩_孝袠袩蝎袩袝袧小袠袨袧袧蝎啸小效袝孝袨袙袛袥携袝袩小,InformationRegister,5
111,袙孝_孝褉邪薪蟹懈褌薪褘械袙懈写褘_袛邪褌褘肖懈泻褋邪褑懈懈,袩袨袛袟袗袩袪袨小.袛袗孝袗袨袩袪袝袛袝袥袝袧袠携袨袘携袟袗孝袝袥鞋小孝袙,Unknown,1
111,袙孝_孝褉邪薪蟹懈褌薪褘械袙懈写褘_袛邪褌褘肖懈泻褋邪褑懈懈,袩袨袛袟袗袩袪袨小.袛袗孝袗袨袣袨袧效袗袧袠携袨袘携袟袗孝袝袥鞋小孝袙,Unknown,2
111,袙孝_孝褉邪薪蟹懈褌薪褘械袙懈写褘_袛邪褌褘肖懈泻褋邪褑懈懈,校袩_袛袗孝袗肖袠袣小袗笑袠袠袨袘携袟袗孝袝袥鞋小孝袙袧袩袨.袛袗孝袗袧袗效袗袥袗袩袝袪袠袨袛袗肖袠袣小袗笑袠袠,Unknown,3
111,袙孝_孝褉邪薪蟹懈褌薪褘械袙懈写褘_袛邪褌褘肖懈泻褋邪褑懈懈,校袩_袛袗孝袗肖袠袣小袗笑袠袠袨袘携袟袗孝袝袥鞋小孝袙袧袩袨.袛袗孝袗小袥袝袛校挟些袝袡肖袠袣小袗笑袠袠,Unknown,4
111,袙孝_孝褉邪薪蟹懈褌薪褘械袙懈写褘_袛邪褌褘肖懈泻褋邪褑懈懈,袪袝袚袠小孝袪小袙袝袛袝袧袠袡.校袩_袛袗孝袗肖袠袣小袗笑袠袠袨袘携袟袗孝袝袥鞋小孝袙袧袩袨,InformationRegister,5
112,袩芯写蟹邪锌褉芯褋,袙孝_孝袪袗袧袟袠孝袧蝎袝袙袠袛蝎袧袗效袗袥袨袣袨袧袝笑.袛袗孝袗袨袩袪袝袛袝袥袝袧袠携袨袘携袟袗孝袝袥鞋小孝袙,TempTable,1
112,袩芯写蟹邪锌褉芯褋,袙孝_孝袪袗袧袟袠孝袧蝎袝袙袠袛蝎袧袗效袗袥袨袣袨袧袝笑.袛袗孝袗袨袣袨袧效袗袧袠携袨袘携袟袗孝袝袥鞋小孝袙,TempTable,2
112,袩芯写蟹邪锌褉芯褋,袦袗袣小袠袦校袦,Unknown,3
112,袩芯写蟹邪锌褉芯褋,袙孝_孝袪袗袧袟袠孝袧蝎袝袙袠袛蝎袧袗效袗袥袨袣袨袧袝笑,TempTable,4
112,袩芯写蟹邪锌褉芯褋,袪袝袚袠小孝袪小袙袝袛袝袧袠袡.校袩_袛袗孝袗肖袠袣小袗笑袠袠袨袘携袟袗孝袝袥鞋小孝袙袧袩袨,InformationRegister,5
113,袙孝_孝褉邪薪蟹懈褌薪褘械袙懈写褘_袩械褉懈芯写褘袚邪褉邪薪褌袙芯褋锌芯谢薪械薪懈褟,袩袨袛袟袗袩袪袨小.袛袗孝袗袨袩袪袝袛袝袥袝袧袠携袨袘携袟袗孝袝袥鞋小孝袙,Unknown,1
113,袙孝_孝褉邪薪蟹懈褌薪褘械袙懈写褘_袩械褉懈芯写褘袚邪褉邪薪褌袙芯褋锌芯谢薪械薪懈褟,袩袨袛袟袗袩袪袨小.袛袗孝袗袨袣袨袧效袗袧袠携袨袘携袟袗孝袝袥鞋小孝袙,Unknown,2
113,袙孝_孝褉邪薪蟹懈褌薪褘械袙懈写褘_袩械褉懈芯写褘袚邪褉邪薪褌袙芯褋锌芯谢薪械薪懈褟,校袩_袩袝袪袠袨袛蝎袚袗袪袗袧孝袠袡袧袨袚袨袙袨小袩袨袥袧袝袧袠携袧袩袨.袩袝袪袠袨袛袚袗袪袗袧孝袠袡袧袨袚袨袙袨小袩袨袥袧袝袧袠携,Unknown,3
113,袙孝_孝褉邪薪蟹懈褌薪褘械袙懈写褘_袩械褉懈芯写褘袚邪褉邪薪褌袙芯褋锌芯谢薪械薪懈褟,袪袝袚袠小孝袪小袙袝袛袝袧袠袡.校袩_袩袝袪袠袨袛蝎袚袗袪袗袧孝袠袡袧袨袚袨袙袨小袩袨袥袧袝袧袠携袧袩袨,InformationRegister,4
114,袩芯写蟹邪锌褉芯褋,袙孝_孝袪袗袧袟袠孝袧蝎袝袙袠袛蝎袧袗效袗袥袨袣袨袧袝笑.袛袗孝袗袨袩袪袝袛袝袥袝袧袠携袨袘携袟袗孝袝袥鞋小孝袙,TempTable,1
114,袩芯写蟹邪锌褉芯褋,袙孝_孝袪袗袧袟袠孝袧蝎袝袙袠袛蝎袧袗效袗袥袨袣袨袧袝笑.袛袗孝袗袨袣袨袧效袗袧袠携袨袘携袟袗孝袝袥鞋小孝袙,TempTable,2
114,袩芯写蟹邪锌褉芯褋,袦袗袣小袠袦校袦,Unknown,3
114,袩芯写蟹邪锌褉芯褋,袙孝_孝袪袗袧袟袠孝袧蝎袝袙袠袛蝎袧袗效袗袥袨袣袨袧袝笑,TempTable,4
114,袩芯写蟹邪锌褉芯褋,袪袝袚袠小孝袪小袙袝袛袝袧袠袡.校袩_袩袝袪袠袨袛蝎袚袗袪袗袧孝袠袡袧袨袚袨袙袨小袩袨袥袧袝袧袠携袧袩袨,InformationRegister,5
115,袙孝_袩械薪褋懈芯薪薪褘械小褔械褌邪_小胁芯泄褋褌胁邪_孝褉邪薪蟹懈褌薪褘械袨斜褟蟹邪褌械谢褜褋褌胁邪,袙孝_孝袪袗袧袟袠孝袧蝎袝袙袠袛蝎袧袗效袗袥袨袣袨袧袝笑.袛袗孝袗袨袩袪袝袛袝袥袝袧袠携袨袘携袟袗孝袝袥鞋小孝袙,TempTable,1
115,袙孝_袩械薪褋懈芯薪薪褘械小褔械褌邪_小胁芯泄褋褌胁邪_孝褉邪薪蟹懈褌薪褘械袨斜褟蟹邪褌械谢褜褋褌胁邪,袙孝_孝袪袗袧袟袠孝袧蝎袝袙袠袛蝎袧袗效袗袥袨袣袨袧袝笑.袛袗孝袗袨袣袨袧效袗袧袠携袨袘携袟袗孝袝袥鞋小孝袙,TempTable,2
115,袙孝_袩械薪褋懈芯薪薪褘械小褔械褌邪_小胁芯泄褋褌胁邪_孝褉邪薪蟹懈褌薪褘械袨斜褟蟹邪褌械谢褜褋褌胁邪,校袩_袩袝袧小袠袨袧袧蝎袝小效袝孝袗.袙袥袗袛袝袥袝笑,Unknown,3
115,袙孝_袩械薪褋懈芯薪薪褘械小褔械褌邪_小胁芯泄褋褌胁邪_孝褉邪薪蟹懈褌薪褘械袨斜褟蟹邪褌械谢褜褋褌胁邪,校袩_袩袝袧小袠袨袧袧蝎袝小效袝孝袗.校效袗小孝袧袠袣,Unknown,4
115,袙孝_袩械薪褋懈芯薪薪褘械小褔械褌邪_小胁芯泄褋褌胁邪_孝褉邪薪蟹懈褌薪褘械袨斜褟蟹邪褌械谢褜褋褌胁邪,袝小孝鞋NULL,Unknown,5
115,袙孝_袩械薪褋懈芯薪薪褘械小褔械褌邪_小胁芯泄褋褌胁邪_孝褉邪薪蟹懈褌薪褘械袨斜褟蟹邪褌械谢褜褋褌胁邪,校袩_袩袝袧小袠袨袧袧蝎袝小效袝孝袗.袣袨袛,Unknown,6
115,袙孝_袩械薪褋懈芯薪薪褘械小褔械褌邪_小胁芯泄褋褌胁邪_孝褉邪薪蟹懈褌薪褘械袨斜褟蟹邪褌械谢褜褋褌胁邪,校袩_袩袝袧小袠袨袧袧蝎袝小效袝孝袗.袧袗袠袦袝袧袨袙袗袧袠袝,Unknown,7
115,袙孝_袩械薪褋懈芯薪薪褘械小褔械褌邪_小胁芯泄褋褌胁邪_孝褉邪薪蟹懈褌薪褘械袨斜褟蟹邪褌械谢褜褋褌胁邪,校袩_袩袝袧小袠袨袧袧蝎袝小效袝孝袗.袙袥袗袛袝袥袝笑.袙袣袥袗袛效袠袣,Unknown,8
115,袙孝_袩械薪褋懈芯薪薪褘械小褔械褌邪_小胁芯泄褋褌胁邪_孝褉邪薪蟹懈褌薪褘械袨斜褟蟹邪褌械谢褜褋褌胁邪,校袩_袩袝袧小袠袨袧袧蝎袝小效袝孝袗.袙袥袗袛袝袥袝笑.袨袪袚袗袧袠袟袗笑袠携,Unknown,9
115,袙孝_袩械薪褋懈芯薪薪褘械小褔械褌邪_小胁芯泄褋褌胁邪_孝褉邪薪蟹懈褌薪褘械袨斜褟蟹邪褌械谢褜褋褌胁邪,校袩_袩袝袧小袠袨袧袧蝎袝小效袝孝袗.袙袥袗袛袝袥袝笑.袩袝袧小袠袨袧袧蝎袡小效袝孝,Unknown,10
115,袙孝_袩械薪褋懈芯薪薪褘械小褔械褌邪_小胁芯泄褋褌胁邪_孝褉邪薪蟹懈褌薪褘械袨斜褟蟹邪褌械谢褜褋褌胁邪,校袩_袩袝袧小袠袨袧袧蝎袝小效袝孝袗.袙袥袗袛袝袥袝笑.袩袝袧小袠袨袧袧蝎袡小效袝孝.孝袠袩袩袝袧小袠袨袧袧袨袚袨小效袝孝袗,Unknown,11
115,袙孝_袩械薪褋懈芯薪薪褘械小褔械褌邪_小胁芯泄褋褌胁邪_孝褉邪薪蟹懈褌薪褘械袨斜褟蟹邪褌械谢褜褋褌胁邪,校袩_袩袝袧小袠袨袧袧蝎袝小效袝孝袗.袙袥袗袛袝袥袝笑.袩袝袧小袠袨袧袧蝎袡小效袝孝.袣袨袛,Unknown,12
115,袙孝_袩械薪褋懈芯薪薪褘械小褔械褌邪_小胁芯泄褋褌胁邪_孝褉邪薪蟹懈褌薪褘械袨斜褟蟹邪褌械谢褜褋褌胁邪,袙蝎袘袨袪,Unknown,13
115,袙孝_袩械薪褋懈芯薪薪褘械小褔械褌邪_小胁芯泄褋褌胁邪_孝褉邪薪蟹懈褌薪褘械袨斜褟蟹邪褌械谢褜褋褌胁邪,袙孝_孝袪袗袧袟袠孝袧蝎袝袙袠袛蝎_袛袗孝蝎肖袠袣小袗笑袠袠.袛袗孝袗袧袗效袗袥袗袩袝袪袠袨袛袗肖袠袣小袗笑袠袠,TempTable,14
115,袙孝_袩械薪褋懈芯薪薪褘械小褔械褌邪_小胁芯泄褋褌胁邪_孝褉邪薪蟹懈褌薪褘械袨斜褟蟹邪褌械谢褜褋褌胁邪,袙孝_孝袪袗袧袟袠孝袧蝎袝袙袠袛蝎_袛袗孝蝎肖袠袣小袗笑袠袠.袛袗孝袗小袥袝袛校挟些袝袡肖袠袣小袗笑袠袠,TempTable,15
115,袙孝_袩械薪褋懈芯薪薪褘械小褔械褌邪_小胁芯泄褋褌胁邪_孝褉邪薪蟹懈褌薪褘械袨斜褟蟹邪褌械谢褜褋褌胁邪,袙孝_孝袪袗袧袟袠孝袧蝎袝袙袠袛蝎_袩袝袪袠袨袛蝎袚袗袪袗袧孝袙袨小袩袨袥袧袝袧袠携.袩袝袪袠袨袛袚袗袪袗袧孝袠袡袧袨袚袨袙袨小袩袨袥袧袝袧袠携,TempTable,16
115,袙孝_袩械薪褋懈芯薪薪褘械小褔械褌邪_小胁芯泄褋褌胁邪_孝褉邪薪蟹懈褌薪褘械袨斜褟蟹邪褌械谢褜褋褌胁邪,袙孝_孝袪袗袧袟袠孝袧蝎袝袙袠袛蝎袧袗效袗袥袨袣袨袧袝笑,TempTable,17
115,袙孝_袩械薪褋懈芯薪薪褘械小褔械褌邪_小胁芯泄褋褌胁邪_孝褉邪薪蟹懈褌薪褘械袨斜褟蟹邪褌械谢褜褋褌胁邪,袙孝_孝袪袗袧袟袠孝袧蝎袝袙袠袛蝎_袩袝袪袠袨袛蝎袚袗袪袗袧孝袙袨小袩袨袥袧袝袧袠携,TempTable,18
115,袙孝_袩械薪褋懈芯薪薪褘械小褔械褌邪_小胁芯泄褋褌胁邪_孝褉邪薪蟹懈褌薪褘械袨斜褟蟹邪褌械谢褜褋褌胁邪,袙孝_孝袪袗袧袟袠孝袧蝎袝袙袠袛蝎_袛袗孝蝎肖袠袣小袗笑袠袠,TempTable,19
115,袙孝_袩械薪褋懈芯薪薪褘械小褔械褌邪_小胁芯泄褋褌胁邪_孝褉邪薪蟹懈褌薪褘械袨斜褟蟹邪褌械谢褜褋褌胁邪,袙孝_孝袪袗袧袟袠孝袧蝎袝袙袠袛蝎_孝袠袩蝎袛袨袚袨袙袨袪袨袙袝袩小,TempTable,20
115,袙孝_袩械薪褋懈芯薪薪褘械小褔械褌邪_小胁芯泄褋褌胁邪_孝褉邪薪蟹懈褌薪褘械袨斜褟蟹邪褌械谢褜褋褌胁邪,袙孝_孝袪袗袧袟袠孝袧蝎袝袙袠袛蝎_袚袪校袩袩蝎小效袝孝袨袙,TempTable,21
115,袙孝_袩械薪褋懈芯薪薪褘械小褔械褌邪_小胁芯泄褋褌胁邪_孝褉邪薪蟹懈褌薪褘械袨斜褟蟹邪褌械谢褜褋褌胁邪,袙孝_袩袝袧小袠袨袧袧蝎袝小效袝孝袗,TempTable,22
115,袙孝_袩械薪褋懈芯薪薪褘械小褔械褌邪_小胁芯泄褋褌胁邪_孝褉邪薪蟹懈褌薪褘械袨斜褟蟹邪褌械谢褜褋褌胁邪,小袩袪袗袙袨效袧袠袣.校袩_袩袝袧小袠袨袧袧蝎袝小效袝孝袗,Catalog,23
115,袙孝_袩械薪褋懈芯薪薪褘械小褔械褌邪_小胁芯泄褋褌胁邪_孝褉邪薪蟹懈褌薪褘械袨斜褟蟹邪褌械谢褜褋褌胁邪,袙孝_袩袪袠效袠袧蝎袟袗袣袪蝎孝袠携,TempTable,24
115,袙孝_袩械薪褋懈芯薪薪褘械小褔械褌邪_小胁芯泄褋褌胁邪_孝褉邪薪蟹懈褌薪褘械袨斜褟蟹邪褌械谢褜褋褌胁邪,袙孝_袙袠袛蝎袩袝袧小袠袨袧袧蝎啸小效袝孝袨袙,TempTable,25
115,袙孝_袩械薪褋懈芯薪薪褘械小褔械褌邪_小胁芯泄褋褌胁邪_孝褉邪薪蟹懈褌薪褘械袨斜褟蟹邪褌械谢褜褋褌胁邪,袙孝_袩袝袧小袠袨袧袧蝎袝小效袝孝袗袪袩袙,TempTable,26
116,袙孝_袩械薪褋懈芯薪薪褘械小褔械褌邪小袩孝,袙蝎袘袨袪,Unknown,1
116,袙孝_袩械薪褋懈芯薪薪褘械小褔械褌邪小袩孝,袙孝_袩袝袧小袠袨袧袧蝎袝小效袝孝袗,TempTable,2
116,袙孝_袩械薪褋懈芯薪薪褘械小褔械褌邪小袩孝,小袩袪袗袙袨效袧袠袣.校袩_袩袝袧小袠袨袧袧蝎袝小效袝孝袗,Catalog,3
116,袙孝_袩械薪褋懈芯薪薪褘械小褔械褌邪小袩孝,袪袝袚袠小孝袪小袙袝袛袝袧袠袡.校袩_袩袗袪袗袦袝孝袪蝎袩袝袧小袠袨袧袧袨袚袨袛袨袚袨袙袨袪袗.小袪袝袟袩袨小袥袝袛袧袠啸,InformationRegister,4
116,袙孝_袩械薪褋懈芯薪薪褘械小褔械褌邪小袩孝,小袩袪袗袙袨效袧袠袣.校袩_楔袗袘袥袨袧蝎袛袨袚袨袙袨袪袨袙,Catalog,5
116,袙孝_袩械薪褋懈芯薪薪褘械小褔械褌邪小袩孝,袪袝袚袠小孝袪小袙袝袛袝袧袠袡.校袩_袩袝袧小袠袨袧袧蝎袝C效袝孝袗C小袩孝.小袪袝袟袩袨小袥袝袛袧袠啸,InformationRegister,6
117,袙孝_袩械薪褋懈芯薪薪褘械小褔械褌邪_小胁芯泄褋褌胁邪,校袩_袩袝袧小袠袨袧袧蝎袝小效袝孝袗.袙袥袗袛袝袥袝笑,Unknown,1
117,袙孝_袩械薪褋懈芯薪薪褘械小褔械褌邪_小胁芯泄褋褌胁邪,校袩_袩袝袧小袠袨袧袧蝎袝小效袝孝袗.校效袗小孝袧袠袣,Unknown,2
117,袙孝_袩械薪褋懈芯薪薪褘械小褔械褌邪_小胁芯泄褋褌胁邪,袝小孝鞋NULL,Unknown,3
117,袙孝_袩械薪褋懈芯薪薪褘械小褔械褌邪_小胁芯泄褋褌胁邪,校袩_袩袝袧小袠袨袧袧蝎袝小效袝孝袗.袣袨袛,Unknown,4
117,袙孝_袩械薪褋懈芯薪薪褘械小褔械褌邪_小胁芯泄褋褌胁邪,校袩_袩袝袧小袠袨袧袧蝎袝小效袝孝袗.袧袗袠袦袝袧袨袙袗袧袠袝,Unknown,5
117,袙孝_袩械薪褋懈芯薪薪褘械小褔械褌邪_小胁芯泄褋褌胁邪,校袩_袩袝袧小袠袨袧袧蝎袝小效袝孝袗.袙袥袗袛袝袥袝笑.袙袣袥袗袛效袠袣,Unknown,6
117,袙孝_袩械薪褋懈芯薪薪褘械小褔械褌邪_小胁芯泄褋褌胁邪,校袩_袩袝袧小袠袨袧袧蝎袝小效袝孝袗.袙袥袗袛袝袥袝笑.袨袪袚袗袧袠袟袗笑袠携,Unknown,7
117,袙孝_袩械薪褋懈芯薪薪褘械小褔械褌邪_小胁芯泄褋褌胁邪,校袩_袩袝袧小袠袨袧袧蝎袝小效袝孝袗.袙袥袗袛袝袥袝笑.袩袝袧小袠袨袧袧蝎袡小效袝孝,Unknown,8
117,袙孝_袩械薪褋懈芯薪薪褘械小褔械褌邪_小胁芯泄褋褌胁邪,校袩_袩袝袧小袠袨袧袧蝎袝小效袝孝袗.袙袥袗袛袝袥袝笑.袩袝袧小袠袨袧袧蝎袡小效袝孝.孝袠袩袩袝袧小袠袨袧袧袨袚袨小效袝孝袗,Unknown,9
117,袙孝_袩械薪褋懈芯薪薪褘械小褔械褌邪_小胁芯泄褋褌胁邪,校袩_袩袝袧小袠袨袧袧蝎袝小效袝孝袗.袙袥袗袛袝袥袝笑.袩袝袧小袠袨袧袧蝎袡小效袝孝.袣袨袛,Unknown,10
117,袙孝_袩械薪褋懈芯薪薪褘械小褔械褌邪_小胁芯泄褋褌胁邪,袙蝎袘袨袪,Unknown,11
117,袙孝_袩械薪褋懈芯薪薪褘械小褔械褌邪_小胁芯泄褋褌胁邪,校袩_袛袗孝袗肖袠袣小袗笑袠袠袨袘携袟袗孝袝袥鞋小孝袙袧袩袨小袪袝袟袩袨小袥袝袛袧袠啸.袛袗孝袗袧袗效袗袥袗袩袝袪袠袨袛袗肖袠袣小袗笑袠袠,Unknown,12
117,袙孝_袩械薪褋懈芯薪薪褘械小褔械褌邪_小胁芯泄褋褌胁邪,校袩_袛袗孝袗肖袠袣小袗笑袠袠袨袘携袟袗孝袝袥鞋小孝袙袧袩袨小袪袝袟袩袨小袥袝袛袧袠啸.袛袗孝袗小袥袝袛校挟些袝袡肖袠袣小袗笑袠袠,Unknown,13
117,袙孝_袩械薪褋懈芯薪薪褘械小褔械褌邪_小胁芯泄褋褌胁邪,校袩_袩袝袪袠袨袛蝎袚袗袪袗袧孝袠袡袧袨袚袨袙袨小袩袨袥袧袝袧袠携袧袩袨小袪袝袟袩袨小袥袝袛袧袠啸.袩袝袪袠袨袛袚袗袪袗袧孝袠袡袧袨袚袨袙袨小袩袨袥袧袝袧袠携,Unknown,14
117,袙孝_袩械薪褋懈芯薪薪褘械小褔械褌邪_小胁芯泄褋褌胁邪,袙孝_袩袝袧小袠袨袧袧蝎袝小效袝孝袗小袩孝.袧袗袥袠效袠袝小袩孝,TempTable,15
117,袙孝_袩械薪褋懈芯薪薪褘械小褔械褌邪_小胁芯泄褋褌胁邪,袙孝_袩袝袧小袠袨袧袧蝎袝小效袝孝袗,TempTable,16
117,袙孝_袩械薪褋懈芯薪薪褘械小褔械褌邪_小胁芯泄褋褌胁邪,小袩袪袗袙袨效袧袠袣.校袩_袩袝袧小袠袨袧袧蝎袝小效袝孝袗,Catalog,17
117,袙孝_袩械薪褋懈芯薪薪褘械小褔械褌邪_小胁芯泄褋褌胁邪,袙孝_袩袪袠效袠袧蝎袟袗袣袪蝎孝袠携,TempTable,18
117,袙孝_袩械薪褋懈芯薪薪褘械小褔械褌邪_小胁芯泄褋褌胁邪,袙孝_袙袠袛蝎袩袝袧小袠袨袧袧蝎啸小效袝孝袨袙,TempTable,19
117,袙孝_袩械薪褋懈芯薪薪褘械小褔械褌邪_小胁芯泄褋褌胁邪,袙孝_袩袝袧小袠袨袧袧蝎袝小效袝孝袗袪袩袙,TempTable,20
117,袙孝_袩械薪褋懈芯薪薪褘械小褔械褌邪_小胁芯泄褋褌胁邪,袙孝_袩袝袧小袠袨袧袧蝎袝小效袝孝袗小袩孝,TempTable,21
117,袙孝_袩械薪褋懈芯薪薪褘械小褔械褌邪_小胁芯泄褋褌胁邪,袪袝袚袠小孝袪小袙袝袛袝袧袠袡.校袩_袩袝袪袠袨袛蝎袚袗袪袗袧孝袠袡袧袨袚袨袙袨小袩袨袥袧袝袧袠携袧袩袨.小袪袝袟袩袨小袥袝袛袧袠啸,InformationRegister,22
117,袙孝_袩械薪褋懈芯薪薪褘械小褔械褌邪_小胁芯泄褋褌胁邪,袪袝袚袠小孝袪小袙袝袛袝袧袠袡.校袩_袛袗孝袗肖袠袣小袗笑袠袠袨袘携袟袗孝袝袥鞋小孝袙袧袩袨.小袪袝袟袩袨小袥袝袛袧袠啸,InformationRegister,23
117,袙孝_袩械薪褋懈芯薪薪褘械小褔械褌邪_小胁芯泄褋褌胁邪,袪袝袚袠小孝袪小袙袝袛袝袧袠袡.校袩_孝袠袩蝎袩袝袧小袠袨袧袧蝎啸小效袝孝袨袙袛袥携袝袩小.小袪袝袟袩袨小袥袝袛袧袠啸,InformationRegister,24
117,袙孝_袩械薪褋懈芯薪薪褘械小褔械褌邪_小胁芯泄褋褌胁邪,袪袝袚袠小孝袪小袙袝袛袝袧袠袡.袠肖袪小17_袚袪校袩袩蝎小效袝孝袨袙袧袩袨.小袪袝袟袩袨小袥袝袛袧袠啸,InformationRegister,25
117,袙孝_袩械薪褋懈芯薪薪褘械小褔械褌邪_小胁芯泄褋褌胁邪,小袩袪袗袙袨效袧袠袣.袠肖袪小17_袚袪校袩袩蝎袛袨袚袨袙袨袪袨袙袧袩袨,Catalog,26
117,袙孝_袩械薪褋懈芯薪薪褘械小褔械褌邪_小胁芯泄褋褌胁邪,小袩袪袗袙袨效袧袠袣.袠肖袪小17_袩袗袪袗袦袝孝袪蝎袚袪校袩袩蝎袛袨袚袨袙袨袪袨袙袧袩袨,Catalog,27
117,袙孝_袩械薪褋懈芯薪薪褘械小褔械褌邪_小胁芯泄褋褌胁邪,小袩袪袗袙袨效袧袠袣.袠肖袪小17_袩袨袪孝肖袝袥鞋袛袨袚袨袙袨袪袨袙袧袩袨,Catalog,28
117,袙孝_袩械薪褋懈芯薪薪褘械小褔械褌邪_小胁芯泄褋褌胁邪,袪袝袚袠小孝袪小袙袝袛袝袧袠袡.校袩_袩袝袧小袠袨袧袧蝎袝C效袝孝袗C小袩孝.小袪袝袟袩袨小袥袝袛袧袠啸,InformationRegister,29
118,袩芯写蟹邪锌褉芯褋_14,袙孝_袩袝袧小袠袨袧袧蝎袝小效袝孝袗,TempTable,1
119,袩芯写蟹邪锌褉芯褋_15,袙孝_袩袝袧小袠袨袧袧蝎袝小效袝孝袗,TempTable,1
120,袩芯写蟹邪锌褉芯褋_16,袙孝_袩袝袧小袠袨袧袧蝎袝小效袝孝袗,TempTable,1
121,袩芯写蟹邪锌褉芯褋_17,袙孝_袩袝袧小袠袨袧袧蝎袝小效袝孝袗,TempTable,1
122,袩芯写蟹邪锌褉芯褋_18,袙孝_袩袝袧小袠袨袧袧蝎袝小效袝孝袗,TempTable,1
123,袙孝_小芯褋褌芯褟薪懈褟袩械薪褋懈芯薪薪褘褏小褔械褌芯胁,校袩_小袨小孝袨携袧袠携袩小小袪袝袟袩袨小袥袝袛袧袠啸.小袨小孝袨携袧袠袝,Unknown,1
123,袙孝_小芯褋褌芯褟薪懈褟袩械薪褋懈芯薪薪褘褏小褔械褌芯胁,校袩_小袨小孝袨携袧袠携袩小小袪袝袟袩袨小袥袝袛袧袠啸.袩袝袪袠袨袛,Unknown,2
123,袙孝_小芯褋褌芯褟薪懈褟袩械薪褋懈芯薪薪褘褏小褔械褌芯胁,校袩_小袨小孝袨携袧袠携袩小小袪袝袟袩袨小袥袝袛袧袠啸.袪袗小楔袠肖袪袨袙袣袗,Unknown,3
123,袙孝_小芯褋褌芯褟薪懈褟袩械薪褋懈芯薪薪褘褏小褔械褌芯胁,袙蝎袘袨袪,Unknown,4
123,袙孝_小芯褋褌芯褟薪懈褟袩械薪褋懈芯薪薪褘褏小褔械褌芯胁,袪袝袚袠小孝袪小袙袝袛袝袧袠袡.校袩_小袨小孝袨携袧袠携袩小.小袪袝袟袩袨小袥袝袛袧袠啸,InformationRegister,5
123,袙孝_小芯褋褌芯褟薪懈褟袩械薪褋懈芯薪薪褘褏小褔械褌芯胁,袪袝袚袠小孝袪小袙袝袛袝袧袠袡.校袩_小袨小孝袨携袧袠携袩小.小袪袝袟袩袝袪袙蝎啸,InformationRegister,6
124,袩芯写蟹邪锌褉芯褋_19,袙孝_袩袝袧小袠袨袧袧蝎袝小效袝孝袗,TempTable,1
125,袙孝_袩械薪褋懈芯薪薪褘械小褔械褌邪_袧械袠袩小,袙孝_袩袝袧小袠袨袧袧蝎袝小效袝孝袗_小袙袨袡小孝袙袗.孝袠袩袩袝袧小袠袨袧袧袨袚袨小效袝孝袗,TempTable,1
125,袙孝_袩械薪褋懈芯薪薪褘械小褔械褌邪_袧械袠袩小,袙孝_袩袝袧小袠袨袧袧蝎袝小效袝孝袗_小袙袨袡小孝袙袗,TempTable,2
126,袙孝_小褔械褌邪袛芯谐芯胁芯褉芯胁_小褔械褌邪校褔邪褋褌薪懈泻芯胁,袙孝_袩袝袧小袠袨袧袧蝎袝小效袝孝袗_小袙袨袡小孝袙袗.袩袝袧小袠袨袧袧蝎袡小效袝孝,TempTable,1
126,袙孝_小褔械褌邪袛芯谐芯胁芯褉芯胁_小褔械褌邪校褔邪褋褌薪懈泻芯胁,袙孝_袩袝袧小袠袨袧袧蝎袝小效袝孝袗_小袙袨袡小孝袙袗,TempTable,2
127,袙孝_袩械薪褋懈芯薪薪褘械小褔械褌邪_袨褉谐_袩小_孝袪,袙孝_袩袝袧小袠袨袧袧蝎袝小效袝孝袗_小袙袨袡小孝袙袗.袩袝袧小袠袨袧袧蝎袡小效袝孝,TempTable,1
127,袙孝_袩械薪褋懈芯薪薪褘械小褔械褌邪_袨褉谐_袩小_孝袪,袙孝_孝袠袩蝎袪袝袟袝袪袙袨袙.孝袠袩袪袝袟袝袪袙袗,TempTable,2
127,袙孝_袩械薪褋懈芯薪薪褘械小褔械褌邪_袨褉谐_袩小_孝袪,袙孝_袩袝袧小袠袨袧袧蝎袝小效袝孝袗_小袙袨袡小孝袙袗,TempTable,3
127,袙孝_袩械薪褋懈芯薪薪褘械小褔械褌邪_袨褉谐_袩小_孝袪,袙孝_孝袠袩蝎袪袝袟袝袪袙袨袙,TempTable,4
128,袙孝_袩械薪褋懈芯薪薪褘械小褔械褌邪_袨褉谐_校褔_袩小,袙孝_袩袝袧小袠袨袧袧蝎袝小效袝孝袗_小袙袨袡小孝袙袗.校效袗小孝袧袠袣,TempTable,1
128,袙孝_袩械薪褋懈芯薪薪褘械小褔械褌邪_袨褉谐_校褔_袩小,袙孝_袩袝袧小袠袨袧袧蝎袝小效袝孝袗_小袙袨袡小孝袙袗.袩袝袧小袠袨袧袧蝎袡小效袝孝,TempTable,2
128,袙孝_袩械薪褋懈芯薪薪褘械小褔械褌邪_袨褉谐_校褔_袩小,袙孝_袩袝袧小袠袨袧袧蝎袝小效袝孝袗_小袙袨袡小孝袙袗,TempTable,3
129,袙孝_袩械薪褋懈芯薪薪褘械袛芯谐芯胁芯褉褘,袙孝_袩袝袧小袠袨袧袧蝎袝小效袝孝袗_小袙袨袡小孝袙袗,TempTable,1
130,袙孝_袩邪褉邪屑械褌褉褘袩械薪褋懈芯薪薪褘褏袛芯谐芯胁芯褉芯胁,校袩_袩袗袪袗袦袝孝袪蝎袩袝袧小袠袨袧袧袨袚袨袛袨袚袨袙袨袪袗小袪袝袟袩袨小袥袝袛袧袠啸.小啸袝袦袗,Unknown,1
130,袙孝_袩邪褉邪屑械褌褉褘袩械薪褋懈芯薪薪褘褏袛芯谐芯胁芯褉芯胁,校袩_袩袗袪袗袦袝孝袪蝎袩袝袧小袠袨袧袧袨袚袨袛袨袚袨袙袨袪袗小袪袝袟袩袨小袥袝袛袧袠啸.楔袗袘袥袨袧袛袨袚袨袙袨袪袗,Unknown,2
130,袙孝_袩邪褉邪屑械褌褉褘袩械薪褋懈芯薪薪褘褏袛芯谐芯胁芯褉芯胁,袪袝袚袠小孝袪小袙袝袛袝袧袠袡.校袩_袩袗袪袗袦袝孝袪蝎袩袝袧小袠袨袧袧袨袚袨袛袨袚袨袙袨袪袗.小袪袝袟袩袨小袥袝袛袧袠啸,InformationRegister,3
131,袩芯写蟹邪锌褉芯褋_20,袙孝_袩袝袧小袠袨袧袧蝎袝袛袨袚袨袙袨袪蝎,TempTable,1
132,袙孝_袩械薪褋懈芯薪薪褘械袛芯谐芯胁芯褉褘_小胁芯泄褋褌胁邪,校袩_袩袝袧小袠袨袧袧蝎袝袛袨袚袨袙袨袪蝎.袧袗袠袦袝袧袨袙袗袧袠袝,Unknown,1
132,袙孝_袩械薪褋懈芯薪薪褘械袛芯谐芯胁芯褉褘_小胁芯泄褋褌胁邪,校袩_袩袝袧小袠袨袧袧蝎袝袛袨袚袨袙袨袪蝎.袛袗孝袗袟袗袣袥挟效袝袧袠携,Unknown,2
132,袙孝_袩械薪褋懈芯薪薪褘械袛芯谐芯胁芯褉褘_小胁芯泄褋褌胁邪,袙蝎袘袨袪,Unknown,3
132,袙孝_袩械薪褋懈芯薪薪褘械袛芯谐芯胁芯褉褘_小胁芯泄褋褌胁邪,校袩_袩袝袧小袠袨袧袧蝎袝袛袨袚袨袙袨袪蝎.袙袣袥袗袛效袠袣,Unknown,4
132,袙孝_袩械薪褋懈芯薪薪褘械袛芯谐芯胁芯褉褘_小胁芯泄褋褌胁邪,袙孝_袩袗袪袗袦袝孝袪蝎袩袝袧小袠袨袧袧蝎啸袛袨袚袨袙袨袪袨袙.小啸袝袦袗,TempTable,5
132,袙孝_袩械薪褋懈芯薪薪褘械袛芯谐芯胁芯褉褘_小胁芯泄褋褌胁邪,袙孝_袩袗袪袗袦袝孝袪蝎袩袝袧小袠袨袧袧蝎啸袛袨袚袨袙袨袪袨袙.楔袗袘袥袨袧袛袨袚袨袙袨袪袗,TempTable,6
132,袙孝_袩械薪褋懈芯薪薪褘械袛芯谐芯胁芯褉褘_小胁芯泄褋褌胁邪,袙孝_袩袗袪袗袦袝孝袪蝎袩袝袧小袠袨袧袧蝎啸袛袨袚袨袙袨袪袨袙.楔袗袘袥袨袧袛袨袚袨袙袨袪袗.袝袩小_袟袗袙袠小袠袦袨小孝鞋校袪袨袙袧携袠袧袛袝袣小袗笑袠袠袩袝袧小袠袠,TempTable,7
132,袙孝_袩械薪褋懈芯薪薪褘械袛芯谐芯胁芯褉褘_小胁芯泄褋褌胁邪,袠肖袪小17_袩袗袪袗袦袝孝袪蝎袚袪校袩袩蝎袛袨袚袨袙袨袪袨袙袧袩袨.袣袗孝袝袚袨袪袠袠袛袨袚袨袙袨袪袨袙袧袩袨,Unknown,8
132,袙孝_袩械薪褋懈芯薪薪褘械袛芯谐芯胁芯褉褘_小胁芯泄褋褌胁邪,袙孝_袩袝袧小袠袨袧袧蝎袝袛袨袚袨袙袨袪蝎,TempTable,9
132,袙孝_袩械薪褋懈芯薪薪褘械袛芯谐芯胁芯褉褘_小胁芯泄褋褌胁邪,小袩袪袗袙袨效袧袠袣.校袩_袩袝袧小袠袨袧袧蝎袝袛袨袚袨袙袨袪蝎,Catalog,10
132,袙孝_袩械薪褋懈芯薪薪褘械袛芯谐芯胁芯褉褘_小胁芯泄褋褌胁邪,袙孝_袩袗袪袗袦袝孝袪蝎袩袝袧小袠袨袧袧蝎啸袛袨袚袨袙袨袪袨袙,TempTable,11
132,袙孝_袩械薪褋懈芯薪薪褘械袛芯谐芯胁芯褉褘_小胁芯泄褋褌胁邪,袪袝袚袠小孝袪小袙袝袛袝袧袠袡.袠肖袪小17_袚袪校袩袩蝎袛袨袚袨袙袨袪袨袙袧袩袨.小袪袝袟袩袨小袥袝袛袧袠啸,InformationRegister,12
132,袙孝_袩械薪褋懈芯薪薪褘械袛芯谐芯胁芯褉褘_小胁芯泄褋褌胁邪,小袩袪袗袙袨效袧袠袣.袠肖袪小17_袚袪校袩袩蝎袛袨袚袨袙袨袪袨袙袧袩袨,Catalog,13
132,袙孝_袩械薪褋懈芯薪薪褘械袛芯谐芯胁芯褉褘_小胁芯泄褋褌胁邪,小袩袪袗袙袨效袧袠袣.袠肖袪小17_袩袗袪袗袦袝孝袪蝎袚袪校袩袩蝎袛袨袚袨袙袨袪袨袙袧袩袨,Catalog,14
132,袙孝_袩械薪褋懈芯薪薪褘械袛芯谐芯胁芯褉褘_小胁芯泄褋褌胁邪,小袩袪袗袙袨效袧袠袣.袠肖袪小17_袩袨袪孝肖袝袥鞋袛袨袚袨袙袨袪袨袙袧袩袨,Catalog,15
133,袩芯写蟹邪锌褉芯褋_21,袙孝_袩袝袧小袠袨袧袧蝎袝袛袨袚袨袙袨袪蝎,TempTable,1
134,袙孝_小褏械屑褘袩械薪褋懈芯薪薪褘褏小褔械褌芯胁,校袩_小啸袝袦袗小效袝孝袗.小啸袝袦袗,Unknown,1
134,袙孝_小褏械屑褘袩械薪褋懈芯薪薪褘褏小褔械褌芯胁,校袩_小啸袝袦袗小效袝孝袗.袙袝袪小袠携袩袝袧小袠袨袧袧蝎啸袩袪袗袙袠袥,Unknown,2
134,袙孝_小褏械屑褘袩械薪褋懈芯薪薪褘褏小褔械褌芯胁,袙蝎袘袨袪,Unknown,3
134,袙孝_小褏械屑褘袩械薪褋懈芯薪薪褘褏小褔械褌芯胁,袙孝_袩袝袧小袠袨袧袧蝎袝袛袨袚袨袙袨袪蝎_小袙袨袡小孝袙袗.楔袗袘袥袨袧袛袨袚袨袙袨袪袗,TempTable,4
134,袙孝_小褏械屑褘袩械薪褋懈芯薪薪褘褏小褔械褌芯胁,袙孝_袩袝袧小袠袨袧袧蝎袝袛袨袚袨袙袨袪蝎_小袙袨袡小孝袙袗.袩袪袠袨袪袠孝袝孝袪袗小效袝孝袗袙小,TempTable,5
134,袙孝_小褏械屑褘袩械薪褋懈芯薪薪褘褏小褔械褌芯胁,袙孝_小袨小孝袨携袧袠携袩袝袧小袠袨袧袧蝎啸小效袝孝袨袙.袛袗孝袗袧袗袣袨袩袠孝袝袥鞋袧袨袚袨袩袝袪袠袨袛袗,TempTable,6
134,袙孝_小褏械屑褘袩械薪褋懈芯薪薪褘褏小褔械褌芯胁,袙孝_小袨小孝袨携袧袠携袩袝袧小袠袨袧袧蝎啸小效袝孝袨袙.袛袗孝袗袙蝎袩袥袗孝袧袨袚袨袩袝袪袠袨袛袗,TempTable,7
134,袙孝_小褏械屑褘袩械薪褋懈芯薪薪褘褏小褔械褌芯胁,袙孝_小袨小孝袨携袧袠携袩袝袧小袠袨袧袧蝎啸小效袝孝袨袙.小袨小孝袨携袧袠袝,TempTable,8
134,袙孝_小褏械屑褘袩械薪褋懈芯薪薪褘褏小褔械褌芯胁,袙孝_小袨小孝袨携袧袠携袩袝袧小袠袨袧袧蝎啸小效袝孝袨袙.袩袝袪袠袨袛,TempTable,9
134,袙孝_小褏械屑褘袩械薪褋懈芯薪薪褘褏小褔械褌芯胁,袙孝_袩袪袠效袠袧蝎袟袗袣袪蝎孝袠携.袩袪袠效袠袧袗袟袗袣袪蝎孝袠携,TempTable,10
134,袙孝_小褏械屑褘袩械薪褋懈芯薪薪褘褏小褔械褌芯胁,袪袝袚袠小孝袪小袙袝袛袝袧袠袡.校袩_小啸袝袦袗小效袝孝袗.小袪袝袟袩袨小袥袝袛袧袠啸,InformationRegister,11
134,袙孝_小褏械屑褘袩械薪褋懈芯薪薪褘褏小褔械褌芯胁,袙孝_袩袝袧小袠袨袧袧蝎袝袛袨袚袨袙袨袪蝎_小袙袨袡小孝袙袗,TempTable,12
134,袙孝_小褏械屑褘袩械薪褋懈芯薪薪褘褏小褔械褌芯胁,袙孝_小袨小孝袨携袧袠携袩袝袧小袠袨袧袧蝎啸小效袝孝袨袙,TempTable,13
134,袙孝_小褏械屑褘袩械薪褋懈芯薪薪褘褏小褔械褌芯胁,袙孝_袩袪袠效袠袧蝎袟袗袣袪蝎孝袠携,TempTable,14
135,袩芯写蟹邪锌褉芯褋_22,袙孝_袩袝袧小袠袨袧袧蝎袝小效袝孝袗,TempTable,1
136,袙孝_袩械薪褋懈芯薪薪褘械小褏械屑褘,袙孝_小啸袝袦蝎袩袝袧小袠袨袧袧蝎啸小效袝孝袨袙,TempTable,1
137,袙孝_小褏械屑褘_小胁芯泄褋褌胁邪,校袩_袩袝袧小袠袨袧袧蝎袝小啸袝袦蝎.袧袗袠袦袝袧袨袙袗袧袠袝,Unknown,1
137,袙孝_小褏械屑褘_小胁芯泄褋褌胁邪,校袩_袩袝袧小袠袨袧袧蝎袝小啸袝袦蝎.袧袗小袥袝袛袨袙袗袧袠袝袙袧袗袣袨袩袠孝袝袥鞋袧蝎袡袩袝袪袠袨袛,Unknown,2
137,袙孝_小褏械屑褘_小胁芯泄褋褌胁邪,校袩_袩袝袧小袠袨袧袧蝎袝小啸袝袦蝎.袧袗小袥袝袛袨袙袗袧袠袝袙袙蝎袩袥袗孝袧袨袡袩袝袪袠袨袛,Unknown,3
137,袙孝_小褏械屑褘_小胁芯泄褋褌胁邪,校袩_袩袝袧小袠袨袧袧蝎袝小啸袝袦蝎.袪袗小孝袨袪袞袝袧袠袝袙袧袗袣袨袩袠孝袝袥鞋袧蝎袡袩袝袪袠袨袛,Unknown,4
137,袙孝_小褏械屑褘_小胁芯泄褋褌胁邪,校袩_袩袝袧小袠袨袧袧蝎袝小啸袝袦蝎.袪袗小孝袨袪袞袝袧袠袝袙袙蝎袩袥袗孝袧袨袡袩袝袪袠袨袛,Unknown,5
137,袙孝_小褏械屑褘_小胁芯泄褋褌胁邪,校袩_袩袝袧小袠袨袧袧蝎袝小啸袝袦蝎.袧袗小袥袝袛袨袙袗袧袠袝袙袧袗袣袨袩袠孝袝袥鞋袧蝎袡袩袝袪袠袨袛小袩孝,Unknown,6
137,袙孝_小褏械屑褘_小胁芯泄褋褌胁邪,校袩_袩袝袧小袠袨袧袧蝎袝小啸袝袦蝎.袧袗小袥袝袛袨袙袗袧袠袝袙袙蝎袩袥袗孝袧袨袡袩袝袪袠袨袛小袩孝,Unknown,7
137,袙孝_小褏械屑褘_小胁芯泄褋褌胁邪,校袩_袩袝袧小袠袨袧袧蝎袝小啸袝袦蝎.袪袗小孝袨袪袞袝袧袠袝袙袧袗袣袨袩袠孝袝袥鞋袧蝎袡袩袝袪袠袨袛小袩孝,Unknown,8
137,袙孝_小褏械屑褘_小胁芯泄褋褌胁邪,校袩_袩袝袧小袠袨袧袧蝎袝小啸袝袦蝎.袪袗小孝袨袪袞袝袧袠袝袙袙蝎袩袥袗孝袧袨袡袩袝袪袠袨袛小袩孝,Unknown,9
137,袙孝_小褏械屑褘_小胁芯泄褋褌胁邪,袙蝎袘袨袪,Unknown,10
137,袙孝_小褏械屑褘_小胁芯泄褋褌胁邪,校袩_袩袝袧小袠袨袧袧蝎袝小啸袝袦蝎.孝袠袩袩袝袧小袠袨袧袧袨袡小啸袝袦蝎,Unknown,11
137,袙孝_小褏械屑褘_小胁芯泄褋褌胁邪,校袩_袩袝袧小袠袨袧袧蝎袝小啸袝袦蝎.袙袠袛袩袝袧小袠袨袧袧袨袡小啸袝袦蝎,Unknown,12
137,袙孝_小褏械屑褘_小胁芯泄褋褌胁邪,校袩_袩袝袧小袠袨袧袧蝎袝小啸袝袦蝎.肖袠袣小袠袪袨袙袗袧袧蝎袝袙蝎袩袥袗孝蝎,Unknown,13
137,袙孝_小褏械屑褘_小胁芯泄褋褌胁邪,袙孝_袩袝袧小袠袨袧袧蝎袝小啸袝袦蝎,TempTable,14
137,袙孝_小褏械屑褘_小胁芯泄褋褌胁邪,小袩袪袗袙袨效袧袠袣.校袩_袩袝袧小袠袨袧袧蝎袝小啸袝袦蝎,Catalog,15
138,袙孝_小褏械屑褘袩械薪褋懈芯薪薪褘褏小褔械褌芯胁_孝褉邪薪蟹懈褌薪褘械袨斜褟蟹邪褌械谢褜褋褌胁邪,袩袨袛袟袗袩袪袨小.袛袗孝袗袨袩袪袝袛袝袥袝袧袠携袨袘携袟袗孝袝袥鞋小孝袙,Unknown,1
138,袙孝_小褏械屑褘袩械薪褋懈芯薪薪褘褏小褔械褌芯胁_孝褉邪薪蟹懈褌薪褘械袨斜褟蟹邪褌械谢褜褋褌胁邪,袩袨袛袟袗袩袪袨小.袛袗孝袗袨袣袨袧效袗袧袠携袨袘携袟袗孝袝袥鞋小孝袙,Unknown,2
138,袙孝_小褏械屑褘袩械薪褋懈芯薪薪褘褏小褔械褌芯胁_孝褉邪薪蟹懈褌薪褘械袨斜褟蟹邪褌械谢褜褋褌胁邪,校袩_小啸袝袦袗小效袝孝袗.小啸袝袦袗,Unknown,3
138,袙孝_小褏械屑褘袩械薪褋懈芯薪薪褘褏小褔械褌芯胁_孝褉邪薪蟹懈褌薪褘械袨斜褟蟹邪褌械谢褜褋褌胁邪,校袩_小啸袝袦袗小效袝孝袗.袙袝袪小袠携袩袝袧小袠袨袧袧蝎啸袩袪袗袙袠袥,Unknown,4
138,袙孝_小褏械屑褘袩械薪褋懈芯薪薪褘褏小褔械褌芯胁_孝褉邪薪蟹懈褌薪褘械袨斜褟蟹邪褌械谢褜褋褌胁邪,袙蝎袘袨袪,Unknown,5
138,袙孝_小褏械屑褘袩械薪褋懈芯薪薪褘褏小褔械褌芯胁_孝褉邪薪蟹懈褌薪褘械袨斜褟蟹邪褌械谢褜褋褌胁邪,袙孝_袩袝袧小袠袨袧袧蝎袝袛袨袚袨袙袨袪蝎_小袙袨袡小孝袙袗.楔袗袘袥袨袧袛袨袚袨袙袨袪袗,TempTable,6
138,袙孝_小褏械屑褘袩械薪褋懈芯薪薪褘褏小褔械褌芯胁_孝褉邪薪蟹懈褌薪褘械袨斜褟蟹邪褌械谢褜褋褌胁邪,袙孝_袩袝袧小袠袨袧袧蝎袝袛袨袚袨袙袨袪蝎_小袙袨袡小孝袙袗.袩袪袠袨袪袠孝袝孝袪袗小效袝孝袗袙小,TempTable,7
138,袙孝_小褏械屑褘袩械薪褋懈芯薪薪褘褏小褔械褌芯胁_孝褉邪薪蟹懈褌薪褘械袨斜褟蟹邪褌械谢褜褋褌胁邪,袙孝_小袨小孝袨携袧袠携袩袝袧小袠袨袧袧蝎啸小效袝孝袨袙.袛袗孝袗袧袗袣袨袩袠孝袝袥鞋袧袨袚袨袩袝袪袠袨袛袗,TempTable,8
138,袙孝_小褏械屑褘袩械薪褋懈芯薪薪褘褏小褔械褌芯胁_孝褉邪薪蟹懈褌薪褘械袨斜褟蟹邪褌械谢褜褋褌胁邪,袙孝_小袨小孝袨携袧袠携袩袝袧小袠袨袧袧蝎啸小效袝孝袨袙.袛袗孝袗袙蝎袩袥袗孝袧袨袚袨袩袝袪袠袨袛袗,TempTable,9
138,袙孝_小褏械屑褘袩械薪褋懈芯薪薪褘褏小褔械褌芯胁_孝褉邪薪蟹懈褌薪褘械袨斜褟蟹邪褌械谢褜褋褌胁邪,袙孝_小袨小孝袨携袧袠携袩袝袧小袠袨袧袧蝎啸小效袝孝袨袙.小袨小孝袨携袧袠袝,TempTable,10
138,袙孝_小褏械屑褘袩械薪褋懈芯薪薪褘褏小褔械褌芯胁_孝褉邪薪蟹懈褌薪褘械袨斜褟蟹邪褌械谢褜褋褌胁邪,袙孝_小袨小孝袨携袧袠携袩袝袧小袠袨袧袧蝎啸小效袝孝袨袙.袩袝袪袠袨袛,TempTable,11
138,袙孝_小褏械屑褘袩械薪褋懈芯薪薪褘褏小褔械褌芯胁_孝褉邪薪蟹懈褌薪褘械袨斜褟蟹邪褌械谢褜褋褌胁邪,袙孝_袩袪袠效袠袧蝎袟袗袣袪蝎孝袠携.袩袪袠效袠袧袗袟袗袣袪蝎孝袠携,TempTable,12
138,袙孝_小褏械屑褘袩械薪褋懈芯薪薪褘褏小褔械褌芯胁_孝褉邪薪蟹懈褌薪褘械袨斜褟蟹邪褌械谢褜褋褌胁邪,袪袝袚袠小孝袪小袙袝袛袝袧袠袡.校袩_小啸袝袦袗小效袝孝袗,InformationRegister,13
138,袙孝_小褏械屑褘袩械薪褋懈芯薪薪褘褏小褔械褌芯胁_孝褉邪薪蟹懈褌薪褘械袨斜褟蟹邪褌械谢褜褋褌胁邪,袙孝_袩袝袧小袠袨袧袧蝎袝袛袨袚袨袙袨袪蝎_小袙袨袡小孝袙袗,TempTable,14
138,袙孝_小褏械屑褘袩械薪褋懈芯薪薪褘褏小褔械褌芯胁_孝褉邪薪蟹懈褌薪褘械袨斜褟蟹邪褌械谢褜褋褌胁邪,袙孝_小袨小孝袨携袧袠携袩袝袧小袠袨袧袧蝎啸小效袝孝袨袙,TempTable,15
138,袙孝_小褏械屑褘袩械薪褋懈芯薪薪褘褏小褔械褌芯胁_孝褉邪薪蟹懈褌薪褘械袨斜褟蟹邪褌械谢褜褋褌胁邪,袙孝_袩袪袠效袠袧蝎袟袗袣袪蝎孝袠携,TempTable,16
139,袩芯写蟹邪锌褉芯褋,袙孝_孝袪袗袧袟袠孝袧蝎袝袙袠袛蝎袧袗效袗袥袨袣袨袧袝笑.袛袗孝袗袨袩袪袝袛袝袥袝袧袠携袨袘携袟袗孝袝袥鞋小孝袙,TempTable,1
139,袩芯写蟹邪锌褉芯褋,袙孝_孝袪袗袧袟袠孝袧蝎袝袙袠袛蝎袧袗效袗袥袨袣袨袧袝笑.袛袗孝袗袨袣袨袧效袗袧袠携袨袘携袟袗孝袝袥鞋小孝袙,TempTable,2
139,袩芯写蟹邪锌褉芯褋,袦袗袣小袠袦校袦,Unknown,3
139,袩芯写蟹邪锌褉芯褋,袙孝_孝袪袗袧袟袠孝袧蝎袝袙袠袛蝎袧袗效袗袥袨袣袨袧袝笑,TempTable,4
139,袩芯写蟹邪锌褉芯褋,袪袝袚袠小孝袪小袙袝袛袝袧袠袡.校袩_小啸袝袦袗小效袝孝袗,InformationRegister,5
140,袙孝_袙泻谢邪写褔懈泻懈,袙孝_袩袝袧小袠袨袧袧蝎袝袛袨袚袨袙袨袪蝎_小袙袨袡小孝袙袗.袙袣袥袗袛效袠袣,TempTable,1
140,袙孝_袙泻谢邪写褔懈泻懈,袙孝_袩袝袧小袠袨袧袧蝎袝袛袨袚袨袙袨袪蝎_小袙袨袡小孝袙袗,TempTable,2
142,效邪褋褌褜_1,袙孝_袩袝袧小袠袨袧袧蝎袝小效袝孝袗_小袙袨袡小孝袙袗.校效袗小孝袧袠袣.校袩_肖袠袟袥袠笑袨,TempTable,1
142,效邪褋褌褜_1,袙孝_袩袝袧小袠袨袧袧蝎袝小效袝孝袗_小袙袨袡小孝袙袗,TempTable,2
143,效邪褋褌褜_2,袙孝_袩袝袧小袠袨袧袧蝎袝小效袝孝袗_小袙袨袡小孝袙袗.袙袣袥袗袛效袠袣.校袩_肖袠袟袥袠笑袨,TempTable,1
143,效邪褋褌褜_2,袙孝_袩袝袧小袠袨袧袧蝎袝小效袝孝袗_小袙袨袡小孝袙袗,TempTable,2
145,效邪褋褌褜_1,袙孝_袙袣袥袗袛效袠袣袠,TempTable,1
146,效邪褋褌褜_2,袙孝_袩袝袧小袠袨袧袧蝎袝小效袝孝袗_小袙袨袡小孝袙袗,TempTable,1
148,效邪褋褌褜_1,袙蝎袘袨袪,Unknown,1
148,效邪褋褌褜_1,肖袠袟袠效袝小袣袠袝袥袠笑袗.小小蝎袥袣袗,Unknown,2
148,效邪褋褌褜_1,袙蝎袪袗袟袠孝鞋,Unknown,3
148,效邪褋褌褜_1,小袨袣袪袥袩,Unknown,4
148,效邪褋褌褜_1,袣袨袧孝袪袗袚袝袧孝蝎.小孝袪袗袧袗袪袝袚袠小孝袪袗笑袠袠.袣袨袛,Unknown,5
148,效邪褋褌褜_1,袣袨袧孝袪袗袚袝袧孝蝎.小小蝎袥袣袗,Unknown,6
148,效邪褋褌褜_1,袣袨袧孝袪袗袚袝袧孝蝎.袧袗袠袦袝袧袨袙袗袧袠袝袩袨袥袧袨袝,Unknown,7
148,效邪褋褌褜_1,袙孝_袙袣袥袗袛效袠袣袠校效袗小孝袧袠袣袠,TempTable,8
148,效邪褋褌褜_1,小袩袪袗袙袨效袧袠袣.袣袨袧孝袪袗袚袝袧孝蝎,Catalog,9
148,效邪褋褌褜_1,小袩袪袗袙袨效袧袠袣.肖袠袟袠效袝小袣袠袝袥袠笑袗,Catalog,10
148,效邪褋褌褜_1,袪袝袚袠小孝袪小袙袝袛袝袧袠袡.袚袪袗袞袛袗袧小孝袙袨肖袠袟袠效袝小袣袠啸袥袠笑.小袪袝袟袩袨小袥袝袛袧袠啸,InformationRegister,11
149,效邪褋褌褜_2,"__QM_65D0A56EF13B43BA832A0D97D024350B__,",Unknown,1
149,效邪褋褌褜_2,"__QM_9C189F6CE92841A693BDDDAAFD57AD65__,",Unknown,2
149,效邪褋褌褜_2,"__QM_60AECAF9864B48E08440E3EA26F64D71__,",Unknown,3
149,效邪褋褌褜_2,"__QM_901B939D9EBA454983B21D5B76B80B19__,",Unknown,4
149,效邪褋褌褜_2,"NULL,",Unknown,5
149,效邪褋褌褜_2,"__QM_C3D60948153F475BB935EF95DFC051FC__,",Unknown,6
149,效邪褋褌褜_2,__QM_F86B9D9F1F0F440AA2C5FD494DCD45E7__,Unknown,7
150,袙孝_肖袠袨_肖袥,袛袗袧袧蝎袝肖袠袨.肖袗袦袠袥袠携,Unknown,1
150,袙孝_肖袠袨_肖袥,袛袗袧袧蝎袝肖袠袨.袠袦携,Unknown,2
150,袙孝_肖袠袨_肖袥,袛袗袧袧蝎袝肖袠袨.袨孝效袝小孝袙袨,Unknown,3
150,袙孝_肖袠袨_肖袥,袪袝袚袠小孝袪小袙袝袛袝袧袠袡.肖袠袨肖袠袟袠效袝小袣袠啸袥袠笑.小袪袝袟袩袨小袥袝袛袧袠啸,InformationRegister,4
151,袩芯写蟹邪锌褉芯褋_23,袙孝_袛袗袧袧蝎袝袣袨袧孝袪袗袚袝袧孝袨袙,TempTable,1
152,袙孝_肖袠袨_袠袩,袦袗袣小袠袦校袦,Unknown,1
152,袙孝_肖袠袨_袠袩,袪袝袚袠小孝袪小袙袝袛袝袧袠袡.袝袩小_袛袨袩袨袥袧袠孝袝袥鞋袧蝎袝小袙袝袛袝袧袠携.小袪袝袟袩袨小袥袝袛袧袠啸,InformationRegister,2
152,袙孝_肖袠袨_袠袩,袙孝_袛袗袧袧蝎袝袣袨袧孝袪袗袚袝袧孝袨袙,TempTable,3
153,袙孝_袩邪褋锌芯褉褌薪褘械袛邪薪薪褘械_袩芯褋谢械写薪褟褟袟邪锌懈褋褜,袦袗袣小袠袦校袦,Unknown,1
153,袙孝_袩邪褋锌芯褉褌薪褘械袛邪薪薪褘械_袩芯褋谢械写薪褟褟袟邪锌懈褋褜,袪袝袚袠小孝袪小袙袝袛袝袧袠袡.袛袨袣校袦袝袧孝蝎肖袠袟袠效袝小袣袠啸袥袠笑,InformationRegister,2
153,袙孝_袩邪褋锌芯褉褌薪褘械袛邪薪薪褘械_袩芯褋谢械写薪褟褟袟邪锌懈褋褜,袙孝_袛袗袧袧蝎袝袣袨袧孝袪袗袚袝袧孝袨袙,TempTable,3
154,袩芯写蟹邪锌褉芯褋_24,袙孝_袙袠袛蝎袩袗小袩袨袪孝袨袙,TempTable,1
155,袙孝_袩邪褋锌芯褉褌薪褘械袛邪薪薪褘械_1,袦袗袣小袠袦校袦,Unknown,1
155,袙孝_袩邪褋锌芯褉褌薪褘械袛邪薪薪褘械_1,袪袝袚袠小孝袪小袙袝袛袝袧袠袡.袛袨袣校袦袝袧孝蝎肖袠袟袠效袝小袣袠啸袥袠笑,InformationRegister,2
155,袙孝_袩邪褋锌芯褉褌薪褘械袛邪薪薪褘械_1,袙孝_袩袗小袩袨袪孝袧蝎袝袛袗袧袧蝎袝_袩袨小袥袝袛袧携携袟袗袩袠小鞋,TempTable,3
156,袩芯写蟹邪锌褉芯褋_25,袙孝_袙袠袛蝎袩袗小袩袨袪孝袨袙,TempTable,1
157,袙孝_袩邪褋锌芯褉褌薪褘械袛邪薪薪褘械_Cleared,袙蝎袘袨袪,Unknown,1
157,袙孝_袩邪褋锌芯褉褌薪褘械袛邪薪薪褘械_Cleared,袙孝_袩袗小袩袨袪孝袧蝎袝袛袗袧袧蝎袝_1,TempTable,2
158,袙孝_袩邪褋锌芯褉褌薪褘械袛邪薪薪褘械,袙蝎袘袨袪,Unknown,1
158,袙孝_袩邪褋锌芯褉褌薪褘械袛邪薪薪褘械,袙孝_袩袗小袩袨袪孝袧蝎袝袛袗袧袧蝎袝_CLEARED,TempTable,2
159,袙孝_袛邪薪薪褘械_泻,袙孝_袛袗袧袧蝎袝.孝袠袩袣袨袧孝袪,TempTable,1
159,袙孝_袛邪薪薪褘械_泻,袙蝎袘袨袪,Unknown,2
159,袙孝_袛邪薪薪褘械_泻,袙孝_袛袗袧袧蝎袝.孝袠袧,TempTable,3
159,袙孝_袛邪薪薪褘械_泻,袙孝_袛袗袧袧蝎袝.袣袧,TempTable,4
159,袙孝_袛邪薪薪褘械_泻,袙孝_袛袗袧袧蝎袝.肖袠袟袠效袝小袣袨袝袥袠笑袨,TempTable,5
159,袙孝_袛邪薪薪褘械_泻,袙孝_袛袗袧袧蝎袝.小袧袠袥小,TempTable,6
159,袙孝_袛邪薪薪褘械_泻,袙孝_袛袗袧袧蝎袝.肖袠袨,TempTable,7
159,袙孝_袛邪薪薪褘械_泻,袙孝_袛袗袧袧蝎袝.袣袩袩,TempTable,8
159,袙孝_袛邪薪薪褘械_泻,袙孝_袛袗袧袧蝎袝.袣袨袛小孝袪袗袧蝎小孝袪,TempTable,9
159,袙孝_袛邪薪薪褘械_泻,袙孝_袛袗袧袧蝎袝.袣袨袛挟袥,TempTable,10
159,袙孝_袛邪薪薪褘械_泻,袙孝_袛袗袧袧蝎袝.袣_袠袧袧,TempTable,11
159,袙孝_袛邪薪薪褘械_泻,袙孝_袛袗袧袧蝎袝.袚袪_肖_袠袧袧,TempTable,12
159,袙孝_袛邪薪薪褘械_泻,袙孝_袛袗袧袧蝎袝.肖袥_袠袧袧,TempTable,13
159,袙孝_袛邪薪薪褘械_泻,袙孝_袛袗袧袧蝎袝.袣袨袧孝袪袗袚袝袧孝,TempTable,14
159,袙孝_袛邪薪薪褘械_泻,袙孝_袛袗袧袧蝎袝.袧袗袠袦袝袧袨袙袗袧袠袝袣袨袧孝袪袗袚袝袧孝袗,TempTable,15
159,袙孝_袛邪薪薪褘械_泻,袙孝_袛袗袧袧蝎袝.袣袨袛小孝袪袗袧蝎袣袨袛,TempTable,16
159,袙孝_袛邪薪薪褘械_泻,袙孝_袩袗小袩袨袪孝袧蝎袝袛袗袧袧蝎袝.肖袠袟袥袠笑袨,TempTable,17
159,袙孝_袛邪薪薪褘械_泻,袙孝_袩袗小袩袨袪孝袧蝎袝袛袗袧袧蝎袝.袩袗小袩袨袪孝,TempTable,18
159,袙孝_袛邪薪薪褘械_泻,袙孝_袛袗袧袧蝎袝袣袨袧孝袪袗袚袝袧孝袨袙,TempTable,19
159,袙孝_袛邪薪薪褘械_泻,袙孝_袩袗小袩袨袪孝袧蝎袝袛袗袧袧蝎袝,TempTable,20
159,袙孝_袛邪薪薪褘械_泻,袙孝_肖袠袨_肖袥,TempTable,21
159,袙孝_袛邪薪薪褘械_泻,袙孝_肖袠袨_袠袩,TempTable,22
161,效邪褋褌褜_1,袙孝_袛袗袧袧蝎袝.协孝袨肖袠袟袥袠笑袨,TempTable,1
161,效邪褋褌褜_1,袙孝_袛袗袧袧蝎袝.袪袝袟袠袛袝袧孝,TempTable,2
161,效邪褋褌褜_1,袙孝_袛袗袧袧蝎袝.协孝袨袠袩,TempTable,3
161,效邪褋褌褜_1,袙孝_袛袗袧袧蝎袝.袧袗袠袦袝袧袨袙袗袧袠袝袣袨袧孝袪袗袚袝袧孝袗,TempTable,4
161,效邪褋褌褜_1,袙蝎袘袨袪,Unknown,5
161,效邪褋褌褜_1,袙孝_袛袗袧袧蝎袝_袣,TempTable,6
162,效邪褋褌褜_2,"袥袨袞鞋,",Unknown,1
162,效邪褋褌褜_2,"袨袪袚袗袧袠袟袗笑袠袠.袠袧袧,",Unknown,2
162,效邪褋褌褜_2,"__QM_9399095270C8420488872E66131DC9F2__,",Unknown,3
162,效邪褋褌褜_2,__QM_CAFDB2179DFA4C349D25347D66B7F95D__,Unknown,4
162,效邪褋褌褜_2,小袩袪袗袙袨效袧袠袣.袨袪袚袗袧袠袟袗笑袠袠,Catalog,5
163,袙孝_袠写械薪褌懈褎懈泻邪褌芯褉褘袣芯薪褌褉邪谐械薪褌芯胁,袛袗袧袧蝎袝袣袨袧孝袪袗袚袝袧孝袨袙.袠袛袝袧孝袠肖袠袣袗孝袨袪,Unknown,1
163,袙孝_袠写械薪褌懈褎懈泻邪褌芯褉褘袣芯薪褌褉邪谐械薪褌芯胁,袛袗袧袧蝎袝袣袨袧孝袪袗袚袝袧孝袨袙.袠袧袧,Unknown,2
163,袙孝_袠写械薪褌懈褎懈泻邪褌芯褉褘袣芯薪褌褉邪谐械薪褌芯胁,袛袗袧袧蝎袝袣袨袧孝袪袗袚袝袧孝袨袙.袪袝袚袠小孝袪袗笑袠袨袧袧蝎袡袧袨袦袝袪,Unknown,3
163,袙孝_袠写械薪褌懈褎懈泻邪褌芯褉褘袣芯薪褌褉邪谐械薪褌芯胁,袛袗袧袧蝎袝袣袨袧孝袪袗袚袝袧孝袨袙.袧袗袠袦袝袧袨袙袗袧袠袝袣袨袧孝袪袗袚袝袧孝袗,Unknown,4
163,袙孝_袠写械薪褌懈褎懈泻邪褌芯褉褘袣芯薪褌褉邪谐械薪褌芯胁,袙蝎袘袨袪,Unknown,5
163,袙孝_袠写械薪褌懈褎懈泻邪褌芯褉褘袣芯薪褌褉邪谐械薪褌芯胁,袛袗袧袧蝎袝袣袨袧孝袪袗袚袝袧孝袨袙.袣袨袛小孝袪袗袧蝎,Unknown,6
163,袙孝_袠写械薪褌懈褎懈泻邪褌芯褉褘袣芯薪褌褉邪谐械薪褌芯胁,袛袗袧袧蝎袝袣袨袧孝袪袗袚袝袧孝袨袙.袣袨袧孝袪袗袚袝袧孝.袣袨袛,Unknown,7
163,袙孝_袠写械薪褌懈褎懈泻邪褌芯褉褘袣芯薪褌褉邪谐械薪褌芯胁,袛袗袧袧蝎袝袣袨袧孝袪袗袚袝袧孝袨袙.小袧袠袥小,Unknown,8
163,袙孝_袠写械薪褌懈褎懈泻邪褌芯褉褘袣芯薪褌褉邪谐械薪褌芯胁,袛袗袧袧蝎袝袣袨袧孝袪袗袚袝袧孝袨袙.袠袛袝袧孝袠肖袠袣袗孝袨袪袠袧袧,Unknown,9
163,袙孝_袠写械薪褌懈褎懈泻邪褌芯褉褘袣芯薪褌褉邪谐械薪褌芯胁,袛袗袧袧蝎袝袣袨袧孝袪袗袚袝袧孝袨袙.袠袛袝袧孝袠肖袠袣袗孝袨袪肖袥_袠袧袧,Unknown,10
163,袙孝_袠写械薪褌懈褎懈泻邪褌芯褉褘袣芯薪褌褉邪谐械薪褌芯胁,袙孝_袠袛袝袧孝袠肖袠袣袗孝袨袪蝎264,TempTable,11
164,袙孝_肖懈蟹懈褔械褋泻懈械袥懈褑邪_小胁芯泄褋褌胁邪,肖袠袟袠效袝小袣袠袝袥袠笑袗.袧袗袠袦袝袧袨袙袗袧袠袝,Unknown,1
164,袙孝_肖懈蟹懈褔械褋泻懈械袥懈褑邪_小胁芯泄褋褌胁邪,肖袠袟袠效袝小袣袠袝袥袠笑袗.肖袠袨,Unknown,2
164,袙孝_肖懈蟹懈褔械褋泻懈械袥懈褑邪_小胁芯泄褋褌胁邪,肖袠袟袠效袝小袣袠袝袥袠笑袗.校袩_肖袠袨袙袪袝袝小孝袪袝袩肖袪,Unknown,3
164,袙孝_肖懈蟹懈褔械褋泻懈械袥懈褑邪_小胁芯泄褋褌胁邪,袙蝎袘袨袪,Unknown,4
164,袙孝_肖懈蟹懈褔械褋泻懈械袥懈褑邪_小胁芯泄褋褌胁邪,肖袠袟袠效袝小袣袠袝袥袠笑袗.袛袗孝袗袪袨袞袛袝袧袠携,Unknown,5
164,袙孝_肖懈蟹懈褔械褋泻懈械袥懈褑邪_小胁芯泄褋褌胁邪,肖袠袟袠效袝小袣袠袝袥袠笑袗.袠袧袧,Unknown,6
164,袙孝_肖懈蟹懈褔械褋泻懈械袥懈褑邪_小胁芯泄褋褌胁邪,肖袠袟袠效袝小袣袠袝袥袠笑袗.小孝袪袗啸袨袙袨袡袧袨袦袝袪袩肖袪,Unknown,7
164,袙孝_肖懈蟹懈褔械褋泻懈械袥懈褑邪_小胁芯泄褋褌胁邪,袪袗袟袧袨小孝鞋袛袗孝,Unknown,8
164,袙孝_肖懈蟹懈褔械褋泻懈械袥懈褑邪_小胁芯泄褋褌胁邪,袙孝_肖袠袟袠效袝小袣袠袝袥袠笑袗,TempTable,9
164,袙孝_肖懈蟹懈褔械褋泻懈械袥懈褑邪_小胁芯泄褋褌胁邪,小袩袪袗袙袨效袧袠袣.肖袠袟袠效袝小袣袠袝袥袠笑袗,Catalog,10
165,袙孝_肖懈蟹懈褔械褋泻懈械袥懈褑邪_袛谢褟袩邪褋锌芯褉褌芯胁,袙孝_肖袠袟袠效袝小袣袠袝袥袠笑袗_小袙袨袡小孝袙袗,TempTable,1
166,袙孝_袚褉邪卸写邪薪褋褌胁芯肖懈蟹懈褔械褋泻懈褏袥懈褑,袚袪袗袞袛袗袧小孝袙袨肖袠袟袠效袝小袣袠啸袥袠笑.小孝袪袗袧袗,Unknown,1
166,袙孝_袚褉邪卸写邪薪褋褌胁芯肖懈蟹懈褔械褋泻懈褏袥懈褑,袚袪袗袞袛袗袧小孝袙袨肖袠袟袠效袝小袣袠啸袥袠笑.袠袧袧,Unknown,2
166,袙孝_袚褉邪卸写邪薪褋褌胁芯肖懈蟹懈褔械褋泻懈褏袥懈褑,袪袝袚袠小孝袪小袙袝袛袝袧袠袡.袚袪袗袞袛袗袧小孝袙袨肖袠袟袠效袝小袣袠啸袥袠笑.小袪袝袟袩袨小袥袝袛袧袠啸,InformationRegister,3
167,袩芯写蟹邪锌褉芯褋_26,袙孝_肖袠袟袠效袝小袣袠袝袥袠笑袗_袛袥携袩袗小袩袨袪孝袨袙,TempTable,1
169,效邪褋褌褜_1,袙孝_袙袣袥袗袛效袠袣袠.袙袣袥袗袛效袠袣.袠袧袧,TempTable,1
169,效邪褋褌褜_1,__QM_EC46BFC34A29478EABAB23F94A8EAD2F__,Unknown,2
169,效邪褋褌褜_1,__QM_494390D496C648EC9E7A84010F8E5093__,Unknown,3
169,效邪褋褌褜_1,袙孝_袙袣袥袗袛效袠袣袠.袙袣袥袗袛效袠袣.袧袗袠袦袝袧袨袙袗袧袠袝袩袨袥袧袨袝,TempTable,4
169,效邪褋褌褜_1,袙孝_袙袣袥袗袛效袠袣袠.袙袣袥袗袛效袠袣.袣袨袛,TempTable,5
169,效邪褋褌褜_1,袙孝_袙袣袥袗袛效袠袣袠,TempTable,6
170,效邪褋褌褜_2,袙蝎袘袨袪,Unknown,1
170,效邪褋褌褜_2,"__QM_FBA68FC775D846BE9589B22C197C22AA__,",Unknown,2
170,效邪褋褌褜_2,袙孝_肖袠袟袠效袝小袣袠袝袥袠笑袗,TempTable,3
170,效邪褋褌褜_2,袙孝_袩袗小袩袨袪孝袧蝎袝袛袗袧袧蝎袝,TempTable,4
170,效邪褋褌褜_2,袙孝_肖袠袟袠效袝小袣袠袝袥袠笑袗_小袙袨袡小孝袙袗,TempTable,5
170,效邪褋褌褜_2,袙孝_袚袪袗袞袛袗袧小孝袙袨肖袠袟袠效袝小袣袠啸袥袠笑,TempTable,6
171,袙孝_袣芯褉褉械泻褌懈褉芯胁泻懈,袠小孝袨效袧袠袣袛袗袧袧蝎啸.袧袨袦袝袪小效袝孝袗,Unknown,1
171,袙孝_袣芯褉褉械泻褌懈褉芯胁泻懈,袠小孝袨效袧袠袣袛袗袧袧蝎啸.孝袠袩小校袦袦蝎,Unknown,2
171,袙孝_袣芯褉褉械泻褌懈褉芯胁泻懈,小校袦袦袗,Unknown,3
171,袙孝_袣芯褉褉械泻褌懈褉芯胁泻懈,袪袝袚袠小孝袪袧袗袣袨袩袥袝袧袠携.校袩_袪袝袟袝袪袙蝎袧袩袨袧袝袪袗小袩袪袝袛袝袥袝袧袧蝎袝袩袥袗孝袝袞袠,AccumulationRegister,4
171,袙孝_袣芯褉褉械泻褌懈褉芯胁泻懈,袙孝_袩袝袧小袠袨袧袧蝎袝小效袝孝袗,TempTable,5
172,袩芯写蟹邪锌褉芯褋_27,袙孝_孝袠袩蝎袪袝袟袝袪袙袨袙,TempTable,1
174,袩芯写蟹邪锌褉芯褋_28,"袙孝_袩袝袧小袠袨袧袧蝎袝小效袝孝袗_袨袪袚_袩小_孝袪.袩袝袧小袠袨袧袧蝎袡小效袝孝,",TempTable,1
174,袩芯写蟹邪锌褉芯褋_28,袙孝_袩袝袧小袠袨袧袧蝎袝小效袝孝袗_袨袪袚_袩小_孝袪,TempTable,2
175,袩芯写蟹邪锌褉芯褋_29,"袙孝_袩袝袧小袠袨袧袧蝎袝小效袝孝袗_袨袪袚_袩小_孝袪.袩袝袧小袠袨袧袧蝎袡小效袝孝,",TempTable,1
175,袩芯写蟹邪锌褉芯褋_29,袙孝_袩袝袧小袠袨袧袧蝎袝小效袝孝袗_袨袪袚_袩小_孝袪,TempTable,2
176,袩芯写蟹邪锌褉芯褋_30,"袙孝_袩袝袧小袠袨袧袧蝎袝小效袝孝袗_袨袪袚_袩小_孝袪.袩袝袧小袠袨袧袧蝎袡小效袝孝,",TempTable,1
176,袩芯写蟹邪锌褉芯褋_30,袙孝_袩袝袧小袠袨袧袧蝎袝小效袝孝袗_袨袪袚_袩小_孝袪,TempTable,2
177,袩芯写蟹邪锌褉芯褋_31,"袙孝_袩袝袧小袠袨袧袧蝎袝小效袝孝袗_袨袪袚_袩小_孝袪.袩袝袧小袠袨袧袧蝎袡小效袝孝,",TempTable,1
177,袩芯写蟹邪锌褉芯褋_31,袙孝_袩袝袧小袠袨袧袧蝎袝小效袝孝袗_袨袪袚_袩小_孝袪,TempTable,2
178,袩芯写蟹邪锌褉芯褋_32,袙孝_袩袝袧小袠袨袧袧蝎袝小效袝孝袗_袨袪袚_袩小_孝袪,TempTable,1
179,袩芯写蟹邪锌褉芯褋_33,"袙孝_袩袝袧小袠袨袧袧蝎袝小效袝孝袗_袨袪袚_袩小_孝袪.袩袝袧小袠袨袧袧蝎袡小效袝孝,",TempTable,1
179,袩芯写蟹邪锌褉芯褋_33,袙孝_袩袝袧小袠袨袧袧蝎袝小效袝孝袗_袨袪袚_袩小_孝袪,TempTable,2
180,袩芯写蟹邪锌褉芯褋_34,"袙孝_袩袝袧小袠袨袧袧蝎袝小效袝孝袗_袨袪袚_袩小_孝袪.袩袝袧小袠袨袧袧蝎袡小效袝孝,",TempTable,1
180,袩芯写蟹邪锌褉芯褋_34,袙孝_袩袝袧小袠袨袧袧蝎袝小效袝孝袗_袨袪袚_袩小_孝袪,TempTable,2
181,袩芯写蟹邪锌褉芯褋_35,"袙孝_袩袝袧小袠袨袧袧蝎袝小效袝孝袗_袨袪袚_袩小_孝袪.袩袝袧小袠袨袧袧蝎袡小效袝孝,",TempTable,1
181,袩芯写蟹邪锌褉芯褋_35,袙孝_袩袝袧小袠袨袧袧蝎袝小效袝孝袗_袨袪袚_袩小_孝袪,TempTable,2
182,袩芯写蟹邪锌褉芯褋_36,"袙孝_袩袝袧小袠袨袧袧蝎袝小效袝孝袗_袨袪袚_袩小_孝袪.袩袝袧小袠袨袧袧蝎袡小效袝孝,",TempTable,1
182,袩芯写蟹邪锌褉芯褋_36,袙孝_袩袝袧小袠袨袧袧蝎袝小效袝孝袗_袨袪袚_袩小_孝袪,TempTable,2
183,袩芯写蟹邪锌褉芯褋_37,"袙孝_袩袝袧小袠袨袧袧蝎袝小效袝孝袗_袨袪袚_袩小_孝袪.袩袝袧小袠袨袧袧蝎袡小效袝孝,",TempTable,1
183,袩芯写蟹邪锌褉芯褋_37,袙孝_袩袝袧小袠袨袧袧蝎袝小效袝孝袗_袨袪袚_袩小_孝袪,TempTable,2
184,效邪褋褌褜_1,校袩_袪袝袟袝袪袙蝎袨小孝袗孝袣袠.孝袠袩小校袦袦蝎,Unknown,1
184,效邪褋褌褜_1,校袩_袪袝袟袝袪袙蝎袨小孝袗孝袣袠.袧袨袦袝袪小效袝孝袗,Unknown,2
184,效邪褋褌褜_1,校袩_袪袝袟袝袪袙蝎袨小孝袗孝袣袠.小校袦袦袗袨小孝袗孝袨袣,Unknown,3
184,效邪褋褌褜_1,0,Unknown,4
184,效邪褋褌褜_1,袥袨袞鞋,Unknown,5
184,效邪褋褌褜_1,袪袝袚袠小孝袪袧袗袣袨袩袥袝袧袠携.校袩_袪袝袟袝袪袙蝎.袨小孝袗孝袣袠,AccumulationRegister,6
185,效邪褋褌褜_2,"校袩_袪袝袟袝袪袙蝎袨小孝袗孝袣袠.孝袠袩小校袦袦蝎,",Unknown,1
185,效邪褋褌褜_2,"0,",Unknown,2
185,效邪褋褌褜_2,"袠小孝袠袧袗,",Unknown,3
185,效邪褋褌褜_2,0,Unknown,4
185,效邪褋褌褜_2,袪袝袚袠小孝袪袧袗袣袨袩袥袝袧袠携.校袩_袪袝袟袝袪袙蝎.袨小孝袗孝袣袠,AccumulationRegister,5
186,效邪褋褌褜_3,"校袩_袩袨小孝校袩袥袝袧袠携袨袘袨袪袨孝蝎.孝袠袩小校袦袦蝎,",Unknown,1
186,效邪褋褌褜_3,"0,",Unknown,2
186,效邪褋褌褜_3,"校袩_袩袨小孝校袩袥袝袧袠携袨袘袨袪袨孝蝎.小校袦袦袗袨袘袨袪袨孝,",Unknown,3
186,效邪褋褌褜_3,"袥袨袞鞋,",Unknown,4
186,效邪褋褌褜_3,0,Unknown,5
186,效邪褋褌褜_3,袪袝袚袠小孝袪袧袗袣袨袩袥袝袧袠携.校袩_袩袨小孝校袩袥袝袧袠携.袨袘袨袪袨孝蝎,AccumulationRegister,6
187,效邪褋褌褜_4,"校袩_袠袧袙袝小孝袛袨啸袨袛袨袘袨袪袨孝蝎.孝袠袩小校袦袦蝎,",Unknown,1
187,效邪褋褌褜_4,"0,",Unknown,2
187,效邪褋褌褜_4,"袥袨袞鞋,",Unknown,3
187,效邪褋褌褜_4,0,Unknown,4
187,效邪褋褌褜_4,袪袝袚袠小孝袪袧袗袣袨袩袥袝袧袠携.校袩_袠袧袙袝小孝袛袨啸袨袛.袨袘袨袪袨孝蝎,AccumulationRegister,5
188,效邪褋褌褜_5,"袙孝_袣袨袪袪袝袣孝袠袪袨袙袣袠.孝袠袩小校袦袦蝎,",TempTable,1
188,效邪褋褌褜_5,"袙孝_袣袨袪袪袝袣孝袠袪袨袙袣袠.小校袦袦袗袙啸,",TempTable,2
188,效邪褋褌褜_5,"袙孝_袣袨袪袪袝袣孝袠袪袨袙袣袠.袩袨小孝校袩袥袝袧袠携,",TempTable,3
188,效邪褋褌褜_5,"袠小孝袠袧袗,",Unknown,4
188,效邪褋褌褜_5,0,Unknown,5
188,效邪褋褌褜_5,袙孝_袣袨袪袪袝袣孝袠袪袨袙袣袠,TempTable,6
189,效邪褋褌褜_6,"NULL,",Unknown,1
189,效邪褋褌褜_6,"0,",Unknown,2
189,效邪褋褌褜_6,"袠小孝袠袧袗,",Unknown,3
189,效邪褋褌褜_6,0,Unknown,4
189,效邪褋褌褜_6,袪袝袚袠小孝袪袧袗袣袨袩袥袝袧袠携.校袩_袟袗袛袨袥袞袝袧袧袨小孝鞋袩袨袩袝袧小袠携袦.袨小孝袗孝袣袠,AccumulationRegister,5
190,效邪褋褌褜_7,"校袩_袠袧袙袝小孝袛袨啸袨袛袧袩袨袣肖袠袣小袗笑袠袠袨小孝袗孝袣袠.孝袠袩小校袦袦蝎,",Unknown,1
190,效邪褋褌褜_7,"0,",Unknown,2
190,效邪褋褌褜_7,"袠小孝袠袧袗,",Unknown,3
190,效邪褋褌褜_7,校袩_袠袧袙袝小孝袛袨啸袨袛袧袩袨袣肖袠袣小袗笑袠袠袨小孝袗孝袣袠.小校袦袦袗袨小孝袗孝袨袣,Unknown,4
190,效邪褋褌褜_7,袪袝袚袠小孝袪袧袗袣袨袩袥袝袧袠携.校袩_袠袧袙袝小孝袛袨啸袨袛袧袩袨袣肖袠袣小袗笑袠袠.袨小孝袗孝袣袠,AccumulationRegister,5
191,效邪褋褌褜_8,校袩_袪袝袟袝袪袙蝎袨小孝袗孝袣袠.孝袠袩小校袦袦蝎,Unknown,1
191,效邪褋褌褜_8,校袩_袪袝袟袝袪袙蝎袨小孝袗孝袣袠.袧袨袦袝袪小效袝孝袗,Unknown,2
191,效邪褋褌褜_8,校袩_袪袝袟袝袪袙蝎袨小孝袗孝袣袠.小校袦袦袗袨小孝袗孝袨袣,Unknown,3
191,效邪褋褌褜_8,0,Unknown,4
191,效邪褋褌褜_8,袥袨袞鞋,Unknown,5
191,效邪褋褌褜_8,袪袝袚袠小孝袪袧袗袣袨袩袥袝袧袠携.校袩_袙袨袟袙袪袗孝蝎袩袪袨效袠啸袧袗效袠小袥袝袧袠袡袧袩袨.袨小孝袗孝袣袠,AccumulationRegister,6
192,效邪褋褌褜_9,校袩_袪袝袟袝袪袙蝎袨小孝袗孝袣袠.孝袠袩小校袦袦蝎,Unknown,1
192,效邪褋褌褜_9,校袩_袪袝袟袝袪袙蝎袨小孝袗孝袣袠.袧袨袦袝袪小效袝孝袗,Unknown,2
192,效邪褋褌褜_9,0,Unknown,3
192,效邪褋褌褜_9,校袩_袪袝袟袝袪袙蝎袨小孝袗孝袣袠.小校袦袦袗袨小孝袗孝袨袣,Unknown,4
192,效邪褋褌褜_9,袠小孝袠袧袗,Unknown,5
192,效邪褋褌褜_9,袪袝袚袠小孝袪袧袗袣袨袩袥袝袧袠携.校袩_袙袨袟袙袪袗孝蝎袩袪袨效袠啸袧袗效袠小袥袝袧袠袡袧袩袨.袨小孝袗孝袣袠,AccumulationRegister,6
193,效邪褋褌褜_10,校袩_袪袝袟袝袪袙蝎袨小孝袗孝袣袠.孝袠袩小校袦袦蝎,Unknown,1
193,效邪褋褌褜_10,校袩_袪袝袟袝袪袙蝎袨小孝袗孝袣袠.袧袨袦袝袪小效袝孝袗,Unknown,2
193,效邪褋褌褜_10,校袩_袪袝袟袝袪袙蝎袨小孝袗孝袣袠.小校袦袦袗袨小孝袗孝袨袣,Unknown,3
193,效邪褋褌褜_10,0,Unknown,4
193,效邪褋褌褜_10,袥袨袞鞋,Unknown,5
193,效邪褋褌褜_10,袪袝袚袠小孝袪袧袗袣袨袩袥袝袧袠携.校袩_袙袨袟袙袪袗孝蝎袩袝袧小袠袡袧袩袨.袨小孝袗孝袣袠,AccumulationRegister,6
194,效邪褋褌褜_11,校袩_袪袝袟袝袪袙蝎袨小孝袗孝袣袠.孝袠袩小校袦袦蝎,Unknown,1
194,效邪褋褌褜_11,校袩_袪袝袟袝袪袙蝎袨小孝袗孝袣袠.袧袨袦袝袪小效袝孝袗,Unknown,2
194,效邪褋褌褜_11,0,Unknown,3
194,效邪褋褌褜_11,校袩_袪袝袟袝袪袙蝎袨小孝袗孝袣袠.小校袦袦袗袨小孝袗孝袨袣,Unknown,4
194,效邪褋褌褜_11,袠小孝袠袧袗,Unknown,5
194,效邪褋褌褜_11,袪袝袚袠小孝袪袧袗袣袨袩袥袝袧袠携.校袩_袙袨袟袙袪袗孝蝎袩袝袧小袠袡袧袩袨.袨小孝袗孝袣袠,AccumulationRegister,6
195,袙孝_小褍屑屑褘_袩袪_写谢褟袙小,袙孝_小啸袝袦蝎袩袝袧小袠袨袧袧蝎啸小效袝孝袨袙.楔袗袘袥袨袧袛袨袚袨袙袨袪袗,TempTable,1
195,袙孝_小褍屑屑褘_袩袪_写谢褟袙小,袙孝_小啸袝袦蝎袩袝袧小袠袨袧袧蝎啸小效袝孝袨袙.小啸袝袦袗,TempTable,2
195,袙孝_小褍屑屑褘_袩袪_写谢褟袙小,袙孝_小校袦袦蝎_袩袪.孝袠袩袪袝袟袝袪袙袗,TempTable,3
195,袙孝_小褍屑屑褘_袩袪_写谢褟袙小,袙孝_小校袦袦蝎_袩袪.孝袠袩小校袦袦蝎,TempTable,4
195,袙孝_小褍屑屑褘_袩袪_写谢褟袙小,袙蝎袘袨袪,Unknown,5
195,袙孝_小褍屑屑褘_袩袪_写谢褟袙小,袙孝_小啸袝袦蝎袩袝袧小袠袨袧袧蝎啸小效袝孝袨袙.袩袪袠袨袪袠孝袝孝袪袗小效袝孝袗袙小,TempTable,6
195,袙孝_小褍屑屑褘_袩袪_写谢褟袙小,袙孝_小啸袝袦蝎袩袝袧小袠袨袧袧蝎啸小效袝孝袨袙.小袨小孝袨携袧袠袝,TempTable,7
195,袙孝_小褍屑屑褘_袩袪_写谢褟袙小,袙孝_小啸袝袦蝎袩袝袧小袠袨袧袧蝎啸小效袝孝袨袙.孝袠袩袩袝袧小袠袠,TempTable,8
195,袙孝_小褍屑屑褘_袩袪_写谢褟袙小,袙孝_小啸袝袦蝎_小袙袨袡小孝袙袗.袩袝袪袠袨袛袙蝎袩袥袗孝蝎,TempTable,9
195,袙孝_小褍屑屑褘_袩袪_写谢褟袙小,袙孝_小校袦袦蝎_袩袪,TempTable,10
195,袙孝_小褍屑屑褘_袩袪_写谢褟袙小,袙孝_小啸袝袦蝎袩袝袧小袠袨袧袧蝎啸小效袝孝袨袙,TempTable,11
195,袙孝_小褍屑屑褘_袩袪_写谢褟袙小,袙孝_小啸袝袦蝎_小袙袨袡小孝袙袗,TempTable,12
196,袙孝_小褍屑屑褘袣芯褝褎褎懈褑懈械薪褌褘袙小_锌褉械写胁,袙孝_小校袦袦蝎_袩袪_袛袥携袙小.楔袗袘袥袨袧袛袨袚袨袙袨袪袗,TempTable,1
196,袙孝_小褍屑屑褘袣芯褝褎褎懈褑懈械薪褌褘袙小_锌褉械写胁,袙孝_小校袦袦蝎_袩袪_袛袥携袙小.小啸袝袦袗,TempTable,2
196,袙孝_小褍屑屑褘袣芯褝褎褎懈褑懈械薪褌褘袙小_锌褉械写胁,袙孝_小校袦袦蝎_袩袪_袛袥携袙小.孝袠袩袪袝袟袝袪袙袗,TempTable,3
196,袙孝_小褍屑屑褘袣芯褝褎褎懈褑懈械薪褌褘袙小_锌褉械写胁,袙孝_小校袦袦蝎_袩袪_袛袥携袙小.孝袠袩小校袦袦蝎,TempTable,4
196,袙孝_小褍屑屑褘袣芯褝褎褎懈褑懈械薪褌褘袙小_锌褉械写胁,袙孝_小校袦袦蝎_袩袪_袛袥携袙小.袨小孝袗孝袨袣袠小啸,TempTable,5
196,袙孝_小褍屑屑褘袣芯褝褎褎懈褑懈械薪褌褘袙小_锌褉械写胁,袙孝_小校袦袦蝎_袩袪_袛袥携袙小.袩袪袠袨袪袠孝袝孝袪袗小效袝孝袗袙小,TempTable,6
196,袙孝_小褍屑屑褘袣芯褝褎褎懈褑懈械薪褌褘袙小_锌褉械写胁,袙蝎袘袨袪,Unknown,7
196,袙孝_小褍屑屑褘袣芯褝褎褎懈褑懈械薪褌褘袙小_锌褉械写胁,ISNULL,Unknown,8
196,袙孝_小褍屑屑褘袣芯褝褎褎懈褑懈械薪褌褘袙小_锌褉械写胁,袙孝_小校袦袦蝎_袩袪_袛袥携袙小.小袨小孝袨携袧袠袝,TempTable,9
196,袙孝_小褍屑屑褘袣芯褝褎褎懈褑懈械薪褌褘袙小_锌褉械写胁,袙孝_小校袦袦蝎_袩袪_袛袥携袙小.小袨小孝袨携袧袠袝袛袥携袪袗小效袝孝袗,TempTable,10
196,袙孝_小褍屑屑褘袣芯褝褎褎懈褑懈械薪褌褘袙小_锌褉械写胁,袙孝_小校袦袦蝎_袩袪_袛袥携袙小.袣袨袥袠效袝小孝袙袨袥袝孝,TempTable,11
196,袙孝_小褍屑屑褘袣芯褝褎褎懈褑懈械薪褌褘袙小_锌褉械写胁,袙孝_小校袦袦蝎_袩袪_袛袥携袙小.袩袝袪袠袨袛袪袗小效袝孝袗袙小,TempTable,12
196,袙孝_小褍屑屑褘袣芯褝褎褎懈褑懈械薪褌褘袙小_锌褉械写胁,袙孝_小校袦袦蝎_袩袪_袛袥携袙小,TempTable,13
196,袙孝_小褍屑屑褘袣芯褝褎褎懈褑懈械薪褌褘袙小_锌褉械写胁,袙孝_袩袝袧小袠袨袧袧蝎袝袛袨袚袨袙袨袪蝎_小袙袨袡小孝袙袗,TempTable,14
196,袙孝_小褍屑屑褘袣芯褝褎褎懈褑懈械薪褌褘袙小_锌褉械写胁,袪袝袚袠小孝袪小袙袝袛袝袧袠袡.校袩_袣袨协肖肖袠笑袠袝袧孝袙蝎袣校袩袧袨袡小孝袨袠袦袨小孝袠.小袪袝袟袩袨小袥袝袛袧袠啸,InformationRegister,15
197,袛芯谐芯胁芯褉袣芯褝褎袛谢褟袪邪褋褔械褌邪袙褘泻褍锌薪褘褏小褍屑屑,校袩_袣袨协肖肖袠笑袠袝袧孝蝎袛袥携袪袗小效袝孝袗袙蝎袣校袩袧蝎啸小校袦袦.小袨小孝袨携袧袠袝,Unknown,1
197,袛芯谐芯胁芯褉袣芯褝褎袛谢褟袪邪褋褔械褌邪袙褘泻褍锌薪褘褏小褍屑屑,校袩_袣袨协肖肖袠笑袠袝袧孝蝎袛袥携袪袗小效袝孝袗袙蝎袣校袩袧蝎啸小校袦袦.孝袠袩袪袝袟袝袪袙袗,Unknown,2
197,袛芯谐芯胁芯褉袣芯褝褎袛谢褟袪邪褋褔械褌邪袙褘泻褍锌薪褘褏小褍屑屑,校袩_袣袨协肖肖袠笑袠袝袧孝蝎袛袥携袪袗小效袝孝袗袙蝎袣校袩袧蝎啸小校袦袦.孝袠袩小校袦袦蝎,Unknown,3
197,袛芯谐芯胁芯褉袣芯褝褎袛谢褟袪邪褋褔械褌邪袙褘泻褍锌薪褘褏小褍屑屑,校袩_袣袨协肖肖袠笑袠袝袧孝蝎袛袥携袪袗小效袝孝袗袙蝎袣校袩袧蝎啸小校袦袦.袧袗效袗袥袨袩袝袪袠袨袛袗,Unknown,4
197,袛芯谐芯胁芯褉袣芯褝褎袛谢褟袪邪褋褔械褌邪袙褘泻褍锌薪褘褏小褍屑屑,校袩_袣袨协肖肖袠笑袠袝袧孝蝎袛袥携袪袗小效袝孝袗袙蝎袣校袩袧蝎啸小校袦袦.袣袨袧袝笑袩袝袪袠袨袛袗,Unknown,5
197,袛芯谐芯胁芯褉袣芯褝褎袛谢褟袪邪褋褔械褌邪袙褘泻褍锌薪褘褏小褍屑屑,校袩_袣袨协肖肖袠笑袠袝袧孝蝎袛袥携袪袗小效袝孝袗袙蝎袣校袩袧蝎啸小校袦袦.袙袠袛袪袗小孝袨袪袞袝袧袠携,Unknown,6
197,袛芯谐芯胁芯褉袣芯褝褎袛谢褟袪邪褋褔械褌邪袙褘泻褍锌薪褘褏小褍屑屑,校袩_袣袨协肖肖袠笑袠袝袧孝蝎袛袥携袪袗小效袝孝袗袙蝎袣校袩袧蝎啸小校袦袦.袙袗袪袠袗袧孝蝎袪袗小效袝孝袗,Unknown,7
197,袛芯谐芯胁芯褉袣芯褝褎袛谢褟袪邪褋褔械褌邪袙褘泻褍锌薪褘褏小褍屑屑,校袩_袣袨协肖肖袠笑袠袝袧孝蝎袛袥携袪袗小效袝孝袗袙蝎袣校袩袧蝎啸小校袦袦.袣袨协肖肖袠笑袠袝袧孝,Unknown,8
197,袛芯谐芯胁芯褉袣芯褝褎袛谢褟袪邪褋褔械褌邪袙褘泻褍锌薪褘褏小褍屑屑,校袩_袣袨协肖肖袠笑袠袝袧孝蝎袛袥携袪袗小效袝孝袗袙蝎袣校袩袧蝎啸小校袦袦.袛袝袡小孝袙袠携袩袨袨小孝袗孝袣袗袦,Unknown,9
197,袛芯谐芯胁芯褉袣芯褝褎袛谢褟袪邪褋褔械褌邪袙褘泻褍锌薪褘褏小褍屑屑,校袩_袣袨协肖肖袠笑袠袝袧孝蝎袛袥携袪袗小效袝孝袗袙蝎袣校袩袧蝎啸小校袦袦.袙蝎袩袥袗效袠袙袗孝鞋袙袧袗效袗袥袝,Unknown,10
197,袛芯谐芯胁芯褉袣芯褝褎袛谢褟袪邪褋褔械褌邪袙褘泻褍锌薪褘褏小褍屑屑,校袩_袣袨协肖肖袠笑袠袝袧孝蝎袛袥携袪袗小效袝孝袗袙蝎袣校袩袧蝎啸小校袦袦.袩袝袪袝小效袠孝蝎袙袗孝鞋袧袗袛袗孝校小袦袝袪孝袠,Unknown,11
197,袛芯谐芯胁芯褉袣芯褝褎袛谢褟袪邪褋褔械褌邪袙褘泻褍锌薪褘褏小褍屑屑,袪袝袚袠小孝袪小袙袝袛袝袧袠袡.校袩_袣袨协肖肖袠笑袠袝袧孝蝎袛袥携袪袗小效袝孝袗袙蝎袣校袩袧蝎啸小校袦袦,InformationRegister,12
198,楔邪斜谢芯薪袣芯褝褎袛谢褟袪邪褋褔械褌邪袙褘泻褍锌薪褘褏小褍屑屑,校袩_袣袨协肖肖袠笑袠袝袧孝蝎袛袥携袪袗小效袝孝袗袙蝎袣校袩袧蝎啸小校袦袦.小袨小孝袨携袧袠袝,Unknown,1
198,楔邪斜谢芯薪袣芯褝褎袛谢褟袪邪褋褔械褌邪袙褘泻褍锌薪褘褏小褍屑屑,校袩_袣袨协肖肖袠笑袠袝袧孝蝎袛袥携袪袗小效袝孝袗袙蝎袣校袩袧蝎啸小校袦袦.孝袠袩袪袝袟袝袪袙袗,Unknown,2
198,楔邪斜谢芯薪袣芯褝褎袛谢褟袪邪褋褔械褌邪袙褘泻褍锌薪褘褏小褍屑屑,校袩_袣袨协肖肖袠笑袠袝袧孝蝎袛袥携袪袗小效袝孝袗袙蝎袣校袩袧蝎啸小校袦袦.孝袠袩小校袦袦蝎,Unknown,3
198,楔邪斜谢芯薪袣芯褝褎袛谢褟袪邪褋褔械褌邪袙褘泻褍锌薪褘褏小褍屑屑,校袩_袣袨协肖肖袠笑袠袝袧孝蝎袛袥携袪袗小效袝孝袗袙蝎袣校袩袧蝎啸小校袦袦.袧袗效袗袥袨袩袝袪袠袨袛袗,Unknown,4
198,楔邪斜谢芯薪袣芯褝褎袛谢褟袪邪褋褔械褌邪袙褘泻褍锌薪褘褏小褍屑屑,校袩_袣袨协肖肖袠笑袠袝袧孝蝎袛袥携袪袗小效袝孝袗袙蝎袣校袩袧蝎啸小校袦袦.袣袨袧袝笑袩袝袪袠袨袛袗,Unknown,5
198,楔邪斜谢芯薪袣芯褝褎袛谢褟袪邪褋褔械褌邪袙褘泻褍锌薪褘褏小褍屑屑,校袩_袣袨协肖肖袠笑袠袝袧孝蝎袛袥携袪袗小效袝孝袗袙蝎袣校袩袧蝎啸小校袦袦.袙袠袛袪袗小孝袨袪袞袝袧袠携,Unknown,6
198,楔邪斜谢芯薪袣芯褝褎袛谢褟袪邪褋褔械褌邪袙褘泻褍锌薪褘褏小褍屑屑,校袩_袣袨协肖肖袠笑袠袝袧孝蝎袛袥携袪袗小效袝孝袗袙蝎袣校袩袧蝎啸小校袦袦.袙袗袪袠袗袧孝蝎袪袗小效袝孝袗,Unknown,7
198,楔邪斜谢芯薪袣芯褝褎袛谢褟袪邪褋褔械褌邪袙褘泻褍锌薪褘褏小褍屑屑,校袩_袣袨协肖肖袠笑袠袝袧孝蝎袛袥携袪袗小效袝孝袗袙蝎袣校袩袧蝎啸小校袦袦.袣袨协肖肖袠笑袠袝袧孝,Unknown,8
198,楔邪斜谢芯薪袣芯褝褎袛谢褟袪邪褋褔械褌邪袙褘泻褍锌薪褘褏小褍屑屑,校袩_袣袨协肖肖袠笑袠袝袧孝蝎袛袥携袪袗小效袝孝袗袙蝎袣校袩袧蝎啸小校袦袦.袛袝袡小孝袙袠携袩袨袨小孝袗孝袣袗袦,Unknown,9
198,楔邪斜谢芯薪袣芯褝褎袛谢褟袪邪褋褔械褌邪袙褘泻褍锌薪褘褏小褍屑屑,校袩_袣袨协肖肖袠笑袠袝袧孝蝎袛袥携袪袗小效袝孝袗袙蝎袣校袩袧蝎啸小校袦袦.袙蝎袩袥袗效袠袙袗孝鞋袙袧袗效袗袥袝,Unknown,10
198,楔邪斜谢芯薪袣芯褝褎袛谢褟袪邪褋褔械褌邪袙褘泻褍锌薪褘褏小褍屑屑,校袩_袣袨协肖肖袠笑袠袝袧孝蝎袛袥携袪袗小效袝孝袗袙蝎袣校袩袧蝎啸小校袦袦.袩袝袪袝小效袠孝蝎袙袗孝鞋袧袗袛袗孝校小袦袝袪孝袠,Unknown,11
198,楔邪斜谢芯薪袣芯褝褎袛谢褟袪邪褋褔械褌邪袙褘泻褍锌薪褘褏小褍屑屑,袪袝袚袠小孝袪小袙袝袛袝袧袠袡.校袩_袣袨协肖肖袠笑袠袝袧孝蝎袛袥携袪袗小效袝孝袗袙蝎袣校袩袧蝎啸小校袦袦,InformationRegister,12
199,小褏械屑邪袣芯褝褎袛谢褟袪邪褋褔械褌邪袙褘泻褍锌薪褘褏小褍屑屑,校袩_袣袨协肖肖袠笑袠袝袧孝蝎袛袥携袪袗小效袝孝袗袙蝎袣校袩袧蝎啸小校袦袦.小袨小孝袨携袧袠袝,Unknown,1
199,小褏械屑邪袣芯褝褎袛谢褟袪邪褋褔械褌邪袙褘泻褍锌薪褘褏小褍屑屑,校袩_袣袨协肖肖袠笑袠袝袧孝蝎袛袥携袪袗小效袝孝袗袙蝎袣校袩袧蝎啸小校袦袦.孝袠袩袪袝袟袝袪袙袗,Unknown,2
199,小褏械屑邪袣芯褝褎袛谢褟袪邪褋褔械褌邪袙褘泻褍锌薪褘褏小褍屑屑,校袩_袣袨协肖肖袠笑袠袝袧孝蝎袛袥携袪袗小效袝孝袗袙蝎袣校袩袧蝎啸小校袦袦.孝袠袩小校袦袦蝎,Unknown,3
199,小褏械屑邪袣芯褝褎袛谢褟袪邪褋褔械褌邪袙褘泻褍锌薪褘褏小褍屑屑,校袩_袣袨协肖肖袠笑袠袝袧孝蝎袛袥携袪袗小效袝孝袗袙蝎袣校袩袧蝎啸小校袦袦.袧袗效袗袥袨袩袝袪袠袨袛袗,Unknown,4
199,小褏械屑邪袣芯褝褎袛谢褟袪邪褋褔械褌邪袙褘泻褍锌薪褘褏小褍屑屑,校袩_袣袨协肖肖袠笑袠袝袧孝蝎袛袥携袪袗小效袝孝袗袙蝎袣校袩袧蝎啸小校袦袦.袣袨袧袝笑袩袝袪袠袨袛袗,Unknown,5
199,小褏械屑邪袣芯褝褎袛谢褟袪邪褋褔械褌邪袙褘泻褍锌薪褘褏小褍屑屑,校袩_袣袨协肖肖袠笑袠袝袧孝蝎袛袥携袪袗小效袝孝袗袙蝎袣校袩袧蝎啸小校袦袦.袙袠袛袪袗小孝袨袪袞袝袧袠携,Unknown,6
199,小褏械屑邪袣芯褝褎袛谢褟袪邪褋褔械褌邪袙褘泻褍锌薪褘褏小褍屑屑,校袩_袣袨协肖肖袠笑袠袝袧孝蝎袛袥携袪袗小效袝孝袗袙蝎袣校袩袧蝎啸小校袦袦.袙袗袪袠袗袧孝蝎袪袗小效袝孝袗,Unknown,7
199,小褏械屑邪袣芯褝褎袛谢褟袪邪褋褔械褌邪袙褘泻褍锌薪褘褏小褍屑屑,校袩_袣袨协肖肖袠笑袠袝袧孝蝎袛袥携袪袗小效袝孝袗袙蝎袣校袩袧蝎啸小校袦袦.袣袨协肖肖袠笑袠袝袧孝,Unknown,8
199,小褏械屑邪袣芯褝褎袛谢褟袪邪褋褔械褌邪袙褘泻褍锌薪褘褏小褍屑屑,校袩_袣袨协肖肖袠笑袠袝袧孝蝎袛袥携袪袗小效袝孝袗袙蝎袣校袩袧蝎啸小校袦袦.袛袝袡小孝袙袠携袩袨袨小孝袗孝袣袗袦,Unknown,9
199,小褏械屑邪袣芯褝褎袛谢褟袪邪褋褔械褌邪袙褘泻褍锌薪褘褏小褍屑屑,校袩_袣袨协肖肖袠笑袠袝袧孝蝎袛袥携袪袗小效袝孝袗袙蝎袣校袩袧蝎啸小校袦袦.袙蝎袩袥袗效袠袙袗孝鞋袙袧袗效袗袥袝,Unknown,10
199,小褏械屑邪袣芯褝褎袛谢褟袪邪褋褔械褌邪袙褘泻褍锌薪褘褏小褍屑屑,校袩_袣袨协肖肖袠笑袠袝袧孝蝎袛袥携袪袗小效袝孝袗袙蝎袣校袩袧蝎啸小校袦袦.袩袝袪袝小效袠孝蝎袙袗孝鞋袧袗袛袗孝校小袦袝袪孝袠,Unknown,11
199,小褏械屑邪袣芯褝褎袛谢褟袪邪褋褔械褌邪袙褘泻褍锌薪褘褏小褍屑屑,袪袝袚袠小孝袪小袙袝袛袝袧袠袡.校袩_袣袨协肖肖袠笑袠袝袧孝蝎袛袥携袪袗小效袝孝袗袙蝎袣校袩袧蝎啸小校袦袦,InformationRegister,12
200,袘褍写褍褖械械袛芯谐芯胁芯褉袣芯褝褎袛谢褟袪邪褋褔械褌邪袙褘泻褍锌薪褘褏小褍屑屑,校袩_袣袨协肖肖袠笑袠袝袧孝蝎袛袥携袪袗小效袝孝袗袙蝎袣校袩袧蝎啸小校袦袦.小袨小孝袨携袧袠袝,Unknown,1
200,袘褍写褍褖械械袛芯谐芯胁芯褉袣芯褝褎袛谢褟袪邪褋褔械褌邪袙褘泻褍锌薪褘褏小褍屑屑,校袩_袣袨协肖肖袠笑袠袝袧孝蝎袛袥携袪袗小效袝孝袗袙蝎袣校袩袧蝎啸小校袦袦.孝袠袩袪袝袟袝袪袙袗,Unknown,2
200,袘褍写褍褖械械袛芯谐芯胁芯褉袣芯褝褎袛谢褟袪邪褋褔械褌邪袙褘泻褍锌薪褘褏小褍屑屑,校袩_袣袨协肖肖袠笑袠袝袧孝蝎袛袥携袪袗小效袝孝袗袙蝎袣校袩袧蝎啸小校袦袦.孝袠袩小校袦袦蝎,Unknown,3
200,袘褍写褍褖械械袛芯谐芯胁芯褉袣芯褝褎袛谢褟袪邪褋褔械褌邪袙褘泻褍锌薪褘褏小褍屑屑,校袩_袣袨协肖肖袠笑袠袝袧孝蝎袛袥携袪袗小效袝孝袗袙蝎袣校袩袧蝎啸小校袦袦.袧袗效袗袥袨袩袝袪袠袨袛袗,Unknown,4
200,袘褍写褍褖械械袛芯谐芯胁芯褉袣芯褝褎袛谢褟袪邪褋褔械褌邪袙褘泻褍锌薪褘褏小褍屑屑,校袩_袣袨协肖肖袠笑袠袝袧孝蝎袛袥携袪袗小效袝孝袗袙蝎袣校袩袧蝎啸小校袦袦.袣袨袧袝笑袩袝袪袠袨袛袗,Unknown,5
200,袘褍写褍褖械械袛芯谐芯胁芯褉袣芯褝褎袛谢褟袪邪褋褔械褌邪袙褘泻褍锌薪褘褏小褍屑屑,校袩_袣袨协肖肖袠笑袠袝袧孝蝎袛袥携袪袗小效袝孝袗袙蝎袣校袩袧蝎啸小校袦袦.袙袠袛袪袗小孝袨袪袞袝袧袠携,Unknown,6
200,袘褍写褍褖械械袛芯谐芯胁芯褉袣芯褝褎袛谢褟袪邪褋褔械褌邪袙褘泻褍锌薪褘褏小褍屑屑,校袩_袣袨协肖肖袠笑袠袝袧孝蝎袛袥携袪袗小效袝孝袗袙蝎袣校袩袧蝎啸小校袦袦.袣袨协肖肖袠笑袠袝袧孝,Unknown,7
200,袘褍写褍褖械械袛芯谐芯胁芯褉袣芯褝褎袛谢褟袪邪褋褔械褌邪袙褘泻褍锌薪褘褏小褍屑屑,袪袝袚袠小孝袪小袙袝袛袝袧袠袡.校袩_袣袨协肖肖袠笑袠袝袧孝蝎袛袥携袪袗小效袝孝袗袙蝎袣校袩袧蝎啸小校袦袦,InformationRegister,8
201,袘褍写褍褖械械楔邪斜谢芯薪袣芯褝褎袛谢褟袪邪褋褔械褌邪袙褘泻褍锌薪褘褏小褍屑屑,校袩_袣袨协肖肖袠笑袠袝袧孝蝎袛袥携袪袗小效袝孝袗袙蝎袣校袩袧蝎啸小校袦袦.小袨小孝袨携袧袠袝,Unknown,1
201,袘褍写褍褖械械楔邪斜谢芯薪袣芯褝褎袛谢褟袪邪褋褔械褌邪袙褘泻褍锌薪褘褏小褍屑屑,校袩_袣袨协肖肖袠笑袠袝袧孝蝎袛袥携袪袗小效袝孝袗袙蝎袣校袩袧蝎啸小校袦袦.孝袠袩袪袝袟袝袪袙袗,Unknown,2
201,袘褍写褍褖械械楔邪斜谢芯薪袣芯褝褎袛谢褟袪邪褋褔械褌邪袙褘泻褍锌薪褘褏小褍屑屑,校袩_袣袨协肖肖袠笑袠袝袧孝蝎袛袥携袪袗小效袝孝袗袙蝎袣校袩袧蝎啸小校袦袦.孝袠袩小校袦袦蝎,Unknown,3
201,袘褍写褍褖械械楔邪斜谢芯薪袣芯褝褎袛谢褟袪邪褋褔械褌邪袙褘泻褍锌薪褘褏小褍屑屑,校袩_袣袨协肖肖袠笑袠袝袧孝蝎袛袥携袪袗小效袝孝袗袙蝎袣校袩袧蝎啸小校袦袦.袧袗效袗袥袨袩袝袪袠袨袛袗,Unknown,4
201,袘褍写褍褖械械楔邪斜谢芯薪袣芯褝褎袛谢褟袪邪褋褔械褌邪袙褘泻褍锌薪褘褏小褍屑屑,校袩_袣袨协肖肖袠笑袠袝袧孝蝎袛袥携袪袗小效袝孝袗袙蝎袣校袩袧蝎啸小校袦袦.袣袨袧袝笑袩袝袪袠袨袛袗,Unknown,5
201,袘褍写褍褖械械楔邪斜谢芯薪袣芯褝褎袛谢褟袪邪褋褔械褌邪袙褘泻褍锌薪褘褏小褍屑屑,校袩_袣袨协肖肖袠笑袠袝袧孝蝎袛袥携袪袗小效袝孝袗袙蝎袣校袩袧蝎啸小校袦袦.袙袠袛袪袗小孝袨袪袞袝袧袠携,Unknown,6
201,袘褍写褍褖械械楔邪斜谢芯薪袣芯褝褎袛谢褟袪邪褋褔械褌邪袙褘泻褍锌薪褘褏小褍屑屑,校袩_袣袨协肖肖袠笑袠袝袧孝蝎袛袥携袪袗小效袝孝袗袙蝎袣校袩袧蝎啸小校袦袦.袣袨协肖肖袠笑袠袝袧孝,Unknown,7
201,袘褍写褍褖械械楔邪斜谢芯薪袣芯褝褎袛谢褟袪邪褋褔械褌邪袙褘泻褍锌薪褘褏小褍屑屑,袪袝袚袠小孝袪小袙袝袛袝袧袠袡.校袩_袣袨协肖肖袠笑袠袝袧孝蝎袛袥携袪袗小效袝孝袗袙蝎袣校袩袧蝎啸小校袦袦,InformationRegister,8
202,袘褍写褍褖械械小褏械屑邪袣芯褝褎袛谢褟袪邪褋褔械褌邪袙褘泻褍锌薪褘褏小褍屑屑,校袩_袣袨协肖肖袠笑袠袝袧孝蝎袛袥携袪袗小效袝孝袗袙蝎袣校袩袧蝎啸小校袦袦.小袨小孝袨携袧袠袝,Unknown,1
202,袘褍写褍褖械械小褏械屑邪袣芯褝褎袛谢褟袪邪褋褔械褌邪袙褘泻褍锌薪褘褏小褍屑屑,校袩_袣袨协肖肖袠笑袠袝袧孝蝎袛袥携袪袗小效袝孝袗袙蝎袣校袩袧蝎啸小校袦袦.孝袠袩袪袝袟袝袪袙袗,Unknown,2
202,袘褍写褍褖械械小褏械屑邪袣芯褝褎袛谢褟袪邪褋褔械褌邪袙褘泻褍锌薪褘褏小褍屑屑,校袩_袣袨协肖肖袠笑袠袝袧孝蝎袛袥携袪袗小效袝孝袗袙蝎袣校袩袧蝎啸小校袦袦.孝袠袩小校袦袦蝎,Unknown,3
202,袘褍写褍褖械械小褏械屑邪袣芯褝褎袛谢褟袪邪褋褔械褌邪袙褘泻褍锌薪褘褏小褍屑屑,校袩_袣袨协肖肖袠笑袠袝袧孝蝎袛袥携袪袗小效袝孝袗袙蝎袣校袩袧蝎啸小校袦袦.袧袗效袗袥袨袩袝袪袠袨袛袗,Unknown,4
202,袘褍写褍褖械械小褏械屑邪袣芯褝褎袛谢褟袪邪褋褔械褌邪袙褘泻褍锌薪褘褏小褍屑屑,校袩_袣袨协肖肖袠笑袠袝袧孝蝎袛袥携袪袗小效袝孝袗袙蝎袣校袩袧蝎啸小校袦袦.袣袨袧袝笑袩袝袪袠袨袛袗,Unknown,5
202,袘褍写褍褖械械小褏械屑邪袣芯褝褎袛谢褟袪邪褋褔械褌邪袙褘泻褍锌薪褘褏小褍屑屑,校袩_袣袨协肖肖袠笑袠袝袧孝蝎袛袥携袪袗小效袝孝袗袙蝎袣校袩袧蝎啸小校袦袦.袙袠袛袪袗小孝袨袪袞袝袧袠携,Unknown,6
202,袘褍写褍褖械械小褏械屑邪袣芯褝褎袛谢褟袪邪褋褔械褌邪袙褘泻褍锌薪褘褏小褍屑屑,校袩_袣袨协肖肖袠笑袠袝袧孝蝎袛袥携袪袗小效袝孝袗袙蝎袣校袩袧蝎啸小校袦袦.袣袨协肖肖袠笑袠袝袧孝,Unknown,7
202,袘褍写褍褖械械小褏械屑邪袣芯褝褎袛谢褟袪邪褋褔械褌邪袙褘泻褍锌薪褘褏小褍屑屑,袪袝袚袠小孝袪小袙袝袛袝袧袠袡.校袩_袣袨协肖肖袠笑袠袝袧孝蝎袛袥携袪袗小效袝孝袗袙蝎袣校袩袧蝎啸小校袦袦,InformationRegister,8
203,袙孝_小褍屑屑褘袣芯褝褎褎懈褑懈械薪褌褘袙小,袙孝_小校袦袦蝎袣袨协肖肖袠笑袠袝袧孝蝎袙小_袩袪袝袛袙.楔袗袘袥袨袧袛袨袚袨袙袨袪袗,TempTable,1
203,袙孝_小褍屑屑褘袣芯褝褎褎懈褑懈械薪褌褘袙小,袙孝_小校袦袦蝎袣袨协肖肖袠笑袠袝袧孝蝎袙小_袩袪袝袛袙.小啸袝袦袗,TempTable,2
203,袙孝_小褍屑屑褘袣芯褝褎褎懈褑懈械薪褌褘袙小,袙孝_小校袦袦蝎袣袨协肖肖袠笑袠袝袧孝蝎袙小_袩袪袝袛袙.孝袠袩袪袝袟袝袪袙袗,TempTable,3
203,袙孝_小褍屑屑褘袣芯褝褎褎懈褑懈械薪褌褘袙小,袙孝_小校袦袦蝎袣袨协肖肖袠笑袠袝袧孝蝎袙小_袩袪袝袛袙.孝袠袩小校袦袦蝎,TempTable,4
203,袙孝_小褍屑屑褘袣芯褝褎褎懈褑懈械薪褌褘袙小,袙孝_小校袦袦蝎袣袨协肖肖袠笑袠袝袧孝蝎袙小_袩袪袝袛袙.袨小孝袗孝袨袣袠小啸,TempTable,5
203,袙孝_小褍屑屑褘袣芯褝褎褎懈褑懈械薪褌褘袙小,袙孝_小校袦袦蝎袣袨协肖肖袠笑袠袝袧孝蝎袙小_袩袪袝袛袙.袩袪袠袨袪袠孝袝孝袪袗小效袝孝袗袙小,TempTable,6
203,袙孝_小褍屑屑褘袣芯褝褎褎懈褑懈械薪褌褘袙小,袙孝_小校袦袦蝎袣袨协肖肖袠笑袠袝袧孝蝎袙小_袩袪袝袛袙.袣袨协肖肖袠笑袠袝袧孝袙小,TempTable,7
203,袙孝_小褍屑屑褘袣芯褝褎褎懈褑懈械薪褌褘袙小,袦袗袣小袠袦校袦,Unknown,8
203,袙孝_小褍屑屑褘袣芯褝褎褎懈褑懈械薪褌褘袙小,袙孝_小校袦袦蝎袣袨协肖肖袠笑袠袝袧孝蝎袙小_袩袪袝袛袙.小袨小孝袨携袧袠袝,TempTable,9
203,袙孝_小褍屑屑褘袣芯褝褎褎懈褑懈械薪褌褘袙小,袙孝_小校袦袦蝎袣袨协肖肖袠笑袠袝袧孝蝎袙小_袩袪袝袛袙.小袨小孝袨携袧袠袝袛袥携袪袗小效袝孝袗,TempTable,10
203,袙孝_小褍屑屑褘袣芯褝褎褎懈褑懈械薪褌褘袙小,袙孝_小校袦袦蝎袣袨协肖肖袠笑袠袝袧孝蝎袙小_袩袪袝袛袙.袣袨袥袠效袝小孝袙袨袥袝孝,TempTable,11
203,袙孝_小褍屑屑褘袣芯褝褎褎懈褑懈械薪褌褘袙小,袙孝_小校袦袦蝎袣袨协肖肖袠笑袠袝袧孝蝎袙小_袩袪袝袛袙.袩袝袪袠袨袛袪袗小效袝孝袗袙小,TempTable,12
203,袙孝_小褍屑屑褘袣芯褝褎褎懈褑懈械薪褌褘袙小,袙孝_小校袦袦蝎袣袨协肖肖袠笑袠袝袧孝蝎袙小_袩袪袝袛袙,TempTable,13
204,袙孝_袪邪褋褔械褌薪邪褟袛邪褌邪袙小,袙孝_小校袦袦蝎袣袨协肖肖袠笑袠袝袧孝蝎袙小.楔袗袘袥袨袧袛袨袚袨袙袨袪袗,TempTable,1
204,袙孝_袪邪褋褔械褌薪邪褟袛邪褌邪袙小,袙孝_小校袦袦蝎袣袨协肖肖袠笑袠袝袧孝蝎袙小.小啸袝袦袗,TempTable,2
204,袙孝_袪邪褋褔械褌薪邪褟袛邪褌邪袙小,小校袦袦袗,Unknown,3
204,袙孝_袪邪褋褔械褌薪邪褟袛邪褌邪袙小,袙孝_小校袦袦蝎袣袨协肖肖袠笑袠袝袧孝蝎袙小.袩袪袠袨袪袠孝袝孝袪袗小效袝孝袗袙小,TempTable,4
204,袙孝_袪邪褋褔械褌薪邪褟袛邪褌邪袙小,袙蝎袘袨袪,Unknown,5
204,袙孝_袪邪褋褔械褌薪邪褟袛邪褌邪袙小,袙孝_小校袦袦蝎袣袨协肖肖袠笑袠袝袧孝蝎袙小.袩袝袪袠袨袛袪袗小效袝孝袗袙小,TempTable,6
204,袙孝_袪邪褋褔械褌薪邪褟袛邪褌邪袙小,袦袗袣小袠袦校袦,Unknown,7
204,袙孝_袪邪褋褔械褌薪邪褟袛邪褌邪袙小,袙孝_小校袦袦蝎袣袨协肖肖袠笑袠袝袧孝蝎袙小,TempTable,8
205,袙孝_小褍屑屑邪_袩袪_写谢褟袩袩,袙孝_小校袦袦蝎_袩袪_袛袥携袙小.楔袗袘袥袨袧袛袨袚袨袙袨袪袗,TempTable,1
205,袙孝_小褍屑屑邪_袩袪_写谢褟袩袩,袙孝_小校袦袦蝎_袩袪_袛袥携袙小.小啸袝袦袗,TempTable,2
205,袙孝_小褍屑屑邪_袩袪_写谢褟袩袩,袙孝_小校袦袦蝎_袩袪_袛袥携袙小.孝袠袩袪袝袟袝袪袙袗,TempTable,3
205,袙孝_小褍屑屑邪_袩袪_写谢褟袩袩,袙孝_小校袦袦蝎_袩袪_袛袥携袙小.孝袠袩小校袦袦蝎,TempTable,4
205,袙孝_小褍屑屑邪_袩袪_写谢褟袩袩,袙孝_小校袦袦蝎_袩袪_袛袥携袙小.袨小孝袗孝袨袣袠小啸,TempTable,5
205,袙孝_小褍屑屑邪_袩袪_写谢褟袩袩,袙孝_小校袦袦蝎_袩袪_袛袥携袙小.袩袪袠袨袪袠孝袝孝袪袗小效袝孝袗袙小,TempTable,6
205,袙孝_小褍屑屑邪_袩袪_写谢褟袩袩,袙孝_小校袦袦蝎_袩袪_袛袥携袙小.小袨小孝袨携袧袠袝袛袥携袪袗小效袝孝袗,TempTable,7
205,袙孝_小褍屑屑邪_袩袪_写谢褟袩袩,袙孝_小校袦袦蝎_袩袪_袛袥携袙小.袣袨袥袠效袝小孝袙袨袥袝孝,TempTable,8
205,袙孝_小褍屑屑邪_袩袪_写谢褟袩袩,ISNULL,Unknown,9
205,袙孝_小褍屑屑邪_袩袪_写谢褟袩袩,袙孝_小校袦袦蝎_袩袪_袛袥携袙小,TempTable,10
205,袙孝_小褍屑屑邪_袩袪_写谢褟袩袩,袪袝袚袠小孝袪小袙袝袛袝袧袠袡.校袩_袣袨协肖肖袠笑袠袝袧孝袙蝎袣校袩袧袨袡小孝袨袠袦袨小孝袠.小袪袝袟袩袨小袥袝袛袧袠啸,InformationRegister,11
206,袛芯谐芯胁芯褉袣芯褝褎袛谢褟袪邪褋褔械褌邪袙褘泻褍锌薪褘褏小褍屑屑,校袩_袣袨协肖肖袠笑袠袝袧孝蝎袛袥携袪袗小效袝孝袗袙蝎袣校袩袧蝎啸小校袦袦.小袨小孝袨携袧袠袝,Unknown,1
206,袛芯谐芯胁芯褉袣芯褝褎袛谢褟袪邪褋褔械褌邪袙褘泻褍锌薪褘褏小褍屑屑,校袩_袣袨协肖肖袠笑袠袝袧孝蝎袛袥携袪袗小效袝孝袗袙蝎袣校袩袧蝎啸小校袦袦.孝袠袩袪袝袟袝袪袙袗,Unknown,2
206,袛芯谐芯胁芯褉袣芯褝褎袛谢褟袪邪褋褔械褌邪袙褘泻褍锌薪褘褏小褍屑屑,校袩_袣袨协肖肖袠笑袠袝袧孝蝎袛袥携袪袗小效袝孝袗袙蝎袣校袩袧蝎啸小校袦袦.孝袠袩小校袦袦蝎,Unknown,3
206,袛芯谐芯胁芯褉袣芯褝褎袛谢褟袪邪褋褔械褌邪袙褘泻褍锌薪褘褏小褍屑屑,校袩_袣袨协肖肖袠笑袠袝袧孝蝎袛袥携袪袗小效袝孝袗袙蝎袣校袩袧蝎啸小校袦袦.袧袗效袗袥袨袩袝袪袠袨袛袗,Unknown,4
206,袛芯谐芯胁芯褉袣芯褝褎袛谢褟袪邪褋褔械褌邪袙褘泻褍锌薪褘褏小褍屑屑,校袩_袣袨协肖肖袠笑袠袝袧孝蝎袛袥携袪袗小效袝孝袗袙蝎袣校袩袧蝎啸小校袦袦.袣袨袧袝笑袩袝袪袠袨袛袗,Unknown,5
206,袛芯谐芯胁芯褉袣芯褝褎袛谢褟袪邪褋褔械褌邪袙褘泻褍锌薪褘褏小褍屑屑,校袩_袣袨协肖肖袠笑袠袝袧孝蝎袛袥携袪袗小效袝孝袗袙蝎袣校袩袧蝎啸小校袦袦.袙袠袛袪袗小孝袨袪袞袝袧袠携,Unknown,6
206,袛芯谐芯胁芯褉袣芯褝褎袛谢褟袪邪褋褔械褌邪袙褘泻褍锌薪褘褏小褍屑屑,校袩_袣袨协肖肖袠笑袠袝袧孝蝎袛袥携袪袗小效袝孝袗袙蝎袣校袩袧蝎啸小校袦袦.袙袗袪袠袗袧孝蝎袪袗小效袝孝袗,Unknown,7
206,袛芯谐芯胁芯褉袣芯褝褎袛谢褟袪邪褋褔械褌邪袙褘泻褍锌薪褘褏小褍屑屑,校袩_袣袨协肖肖袠笑袠袝袧孝蝎袛袥携袪袗小效袝孝袗袙蝎袣校袩袧蝎啸小校袦袦.袣袨协肖肖袠笑袠袝袧孝,Unknown,8
206,袛芯谐芯胁芯褉袣芯褝褎袛谢褟袪邪褋褔械褌邪袙褘泻褍锌薪褘褏小褍屑屑,校袩_袣袨协肖肖袠笑袠袝袧孝蝎袛袥携袪袗小效袝孝袗袙蝎袣校袩袧蝎啸小校袦袦.袛袝袡小孝袙袠携袩袨袨小孝袗孝袣袗袦,Unknown,9
206,袛芯谐芯胁芯褉袣芯褝褎袛谢褟袪邪褋褔械褌邪袙褘泻褍锌薪褘褏小褍屑屑,校袩_袣袨协肖肖袠笑袠袝袧孝蝎袛袥携袪袗小效袝孝袗袙蝎袣校袩袧蝎啸小校袦袦.袙蝎袩袥袗效袠袙袗孝鞋袙袧袗效袗袥袝,Unknown,10
206,袛芯谐芯胁芯褉袣芯褝褎袛谢褟袪邪褋褔械褌邪袙褘泻褍锌薪褘褏小褍屑屑,校袩_袣袨协肖肖袠笑袠袝袧孝蝎袛袥携袪袗小效袝孝袗袙蝎袣校袩袧蝎啸小校袦袦.袩袝袪袝小效袠孝蝎袙袗孝鞋袧袗袛袗孝校小袦袝袪孝袠,Unknown,11
206,袛芯谐芯胁芯褉袣芯褝褎袛谢褟袪邪褋褔械褌邪袙褘泻褍锌薪褘褏小褍屑屑,袪袝袚袠小孝袪小袙袝袛袝袧袠袡.校袩_袣袨协肖肖袠笑袠袝袧孝蝎袛袥携袪袗小效袝孝袗袙蝎袣校袩袧蝎啸小校袦袦,InformationRegister,12
207,楔邪斜谢芯薪袣芯褝褎袛谢褟袪邪褋褔械褌邪袙褘泻褍锌薪褘褏小褍屑屑,校袩_袣袨协肖肖袠笑袠袝袧孝蝎袛袥携袪袗小效袝孝袗袙蝎袣校袩袧蝎啸小校袦袦.小袨小孝袨携袧袠袝,Unknown,1
207,楔邪斜谢芯薪袣芯褝褎袛谢褟袪邪褋褔械褌邪袙褘泻褍锌薪褘褏小褍屑屑,校袩_袣袨协肖肖袠笑袠袝袧孝蝎袛袥携袪袗小效袝孝袗袙蝎袣校袩袧蝎啸小校袦袦.孝袠袩袪袝袟袝袪袙袗,Unknown,2
207,楔邪斜谢芯薪袣芯褝褎袛谢褟袪邪褋褔械褌邪袙褘泻褍锌薪褘褏小褍屑屑,校袩_袣袨协肖肖袠笑袠袝袧孝蝎袛袥携袪袗小效袝孝袗袙蝎袣校袩袧蝎啸小校袦袦.孝袠袩小校袦袦蝎,Unknown,3
207,楔邪斜谢芯薪袣芯褝褎袛谢褟袪邪褋褔械褌邪袙褘泻褍锌薪褘褏小褍屑屑,校袩_袣袨协肖肖袠笑袠袝袧孝蝎袛袥携袪袗小效袝孝袗袙蝎袣校袩袧蝎啸小校袦袦.袧袗效袗袥袨袩袝袪袠袨袛袗,Unknown,4
207,楔邪斜谢芯薪袣芯褝褎袛谢褟袪邪褋褔械褌邪袙褘泻褍锌薪褘褏小褍屑屑,校袩_袣袨协肖肖袠笑袠袝袧孝蝎袛袥携袪袗小效袝孝袗袙蝎袣校袩袧蝎啸小校袦袦.袣袨袧袝笑袩袝袪袠袨袛袗,Unknown,5
207,楔邪斜谢芯薪袣芯褝褎袛谢褟袪邪褋褔械褌邪袙褘泻褍锌薪褘褏小褍屑屑,校袩_袣袨协肖肖袠笑袠袝袧孝蝎袛袥携袪袗小效袝孝袗袙蝎袣校袩袧蝎啸小校袦袦.袙袠袛袪袗小孝袨袪袞袝袧袠携,Unknown,6
207,楔邪斜谢芯薪袣芯褝褎袛谢褟袪邪褋褔械褌邪袙褘泻褍锌薪褘褏小褍屑屑,校袩_袣袨协肖肖袠笑袠袝袧孝蝎袛袥携袪袗小效袝孝袗袙蝎袣校袩袧蝎啸小校袦袦.袙袗袪袠袗袧孝蝎袪袗小效袝孝袗,Unknown,7
207,楔邪斜谢芯薪袣芯褝褎袛谢褟袪邪褋褔械褌邪袙褘泻褍锌薪褘褏小褍屑屑,校袩_袣袨协肖肖袠笑袠袝袧孝蝎袛袥携袪袗小效袝孝袗袙蝎袣校袩袧蝎啸小校袦袦.袣袨协肖肖袠笑袠袝袧孝,Unknown,8
207,楔邪斜谢芯薪袣芯褝褎袛谢褟袪邪褋褔械褌邪袙褘泻褍锌薪褘褏小褍屑屑,校袩_袣袨协肖肖袠笑袠袝袧孝蝎袛袥携袪袗小效袝孝袗袙蝎袣校袩袧蝎啸小校袦袦.袛袝袡小孝袙袠携袩袨袨小孝袗孝袣袗袦,Unknown,9
207,楔邪斜谢芯薪袣芯褝褎袛谢褟袪邪褋褔械褌邪袙褘泻褍锌薪褘褏小褍屑屑,校袩_袣袨协肖肖袠笑袠袝袧孝蝎袛袥携袪袗小效袝孝袗袙蝎袣校袩袧蝎啸小校袦袦.袙蝎袩袥袗效袠袙袗孝鞋袙袧袗效袗袥袝,Unknown,10
207,楔邪斜谢芯薪袣芯褝褎袛谢褟袪邪褋褔械褌邪袙褘泻褍锌薪褘褏小褍屑屑,校袩_袣袨协肖肖袠笑袠袝袧孝蝎袛袥携袪袗小效袝孝袗袙蝎袣校袩袧蝎啸小校袦袦.袩袝袪袝小效袠孝蝎袙袗孝鞋袧袗袛袗孝校小袦袝袪孝袠,Unknown,11
207,楔邪斜谢芯薪袣芯褝褎袛谢褟袪邪褋褔械褌邪袙褘泻褍锌薪褘褏小褍屑屑,袪袝袚袠小孝袪小袙袝袛袝袧袠袡.校袩_袣袨协肖肖袠笑袠袝袧孝蝎袛袥携袪袗小效袝孝袗袙蝎袣校袩袧蝎啸小校袦袦,InformationRegister,12
208,小褏械屑邪袣芯褝褎袛谢褟袪邪褋褔械褌邪袙褘泻褍锌薪褘褏小褍屑屑,校袩_袣袨协肖肖袠笑袠袝袧孝蝎袛袥携袪袗小效袝孝袗袙蝎袣校袩袧蝎啸小校袦袦.小袨小孝袨携袧袠袝,Unknown,1
208,小褏械屑邪袣芯褝褎袛谢褟袪邪褋褔械褌邪袙褘泻褍锌薪褘褏小褍屑屑,校袩_袣袨协肖肖袠笑袠袝袧孝蝎袛袥携袪袗小效袝孝袗袙蝎袣校袩袧蝎啸小校袦袦.孝袠袩袪袝袟袝袪袙袗,Unknown,2
208,小褏械屑邪袣芯褝褎袛谢褟袪邪褋褔械褌邪袙褘泻褍锌薪褘褏小褍屑屑,校袩_袣袨协肖肖袠笑袠袝袧孝蝎袛袥携袪袗小效袝孝袗袙蝎袣校袩袧蝎啸小校袦袦.孝袠袩小校袦袦蝎,Unknown,3
208,小褏械屑邪袣芯褝褎袛谢褟袪邪褋褔械褌邪袙褘泻褍锌薪褘褏小褍屑屑,校袩_袣袨协肖肖袠笑袠袝袧孝蝎袛袥携袪袗小效袝孝袗袙蝎袣校袩袧蝎啸小校袦袦.袧袗效袗袥袨袩袝袪袠袨袛袗,Unknown,4
208,小褏械屑邪袣芯褝褎袛谢褟袪邪褋褔械褌邪袙褘泻褍锌薪褘褏小褍屑屑,校袩_袣袨协肖肖袠笑袠袝袧孝蝎袛袥携袪袗小效袝孝袗袙蝎袣校袩袧蝎啸小校袦袦.袣袨袧袝笑袩袝袪袠袨袛袗,Unknown,5
208,小褏械屑邪袣芯褝褎袛谢褟袪邪褋褔械褌邪袙褘泻褍锌薪褘褏小褍屑屑,校袩_袣袨协肖肖袠笑袠袝袧孝蝎袛袥携袪袗小效袝孝袗袙蝎袣校袩袧蝎啸小校袦袦.袙袠袛袪袗小孝袨袪袞袝袧袠携,Unknown,6
208,小褏械屑邪袣芯褝褎袛谢褟袪邪褋褔械褌邪袙褘泻褍锌薪褘褏小褍屑屑,校袩_袣袨协肖肖袠笑袠袝袧孝蝎袛袥携袪袗小效袝孝袗袙蝎袣校袩袧蝎啸小校袦袦.袙袗袪袠袗袧孝蝎袪袗小效袝孝袗,Unknown,7
208,小褏械屑邪袣芯褝褎袛谢褟袪邪褋褔械褌邪袙褘泻褍锌薪褘褏小褍屑屑,校袩_袣袨协肖肖袠笑袠袝袧孝蝎袛袥携袪袗小效袝孝袗袙蝎袣校袩袧蝎啸小校袦袦.袣袨协肖肖袠笑袠袝袧孝,Unknown,8
208,小褏械屑邪袣芯褝褎袛谢褟袪邪褋褔械褌邪袙褘泻褍锌薪褘褏小褍屑屑,校袩_袣袨协肖肖袠笑袠袝袧孝蝎袛袥携袪袗小效袝孝袗袙蝎袣校袩袧蝎啸小校袦袦.袛袝袡小孝袙袠携袩袨袨小孝袗孝袣袗袦,Unknown,9
208,小褏械屑邪袣芯褝褎袛谢褟袪邪褋褔械褌邪袙褘泻褍锌薪褘褏小褍屑屑,校袩_袣袨协肖肖袠笑袠袝袧孝蝎袛袥携袪袗小效袝孝袗袙蝎袣校袩袧蝎啸小校袦袦.袙蝎袩袥袗效袠袙袗孝鞋袙袧袗效袗袥袝,Unknown,10
208,小褏械屑邪袣芯褝褎袛谢褟袪邪褋褔械褌邪袙褘泻褍锌薪褘褏小褍屑屑,校袩_袣袨协肖肖袠笑袠袝袧孝蝎袛袥携袪袗小效袝孝袗袙蝎袣校袩袧蝎啸小校袦袦.袩袝袪袝小效袠孝蝎袙袗孝鞋袧袗袛袗孝校小袦袝袪孝袠,Unknown,11
208,小褏械屑邪袣芯褝褎袛谢褟袪邪褋褔械褌邪袙褘泻褍锌薪褘褏小褍屑屑,袪袝袚袠小孝袪小袙袝袛袝袧袠袡.校袩_袣袨协肖肖袠笑袠袝袧孝蝎袛袥携袪袗小效袝孝袗袙蝎袣校袩袧蝎啸小校袦袦,InformationRegister,12
209,袙孝_袪邪褋褔械褌薪褘械小褍屑屑褘袩袩_锌褉械写,小校袦袦袗,Unknown,1
209,袙孝_袪邪褋褔械褌薪褘械小褍屑屑褘袩袩_锌褉械写,袙孝_小校袦袦袗_袩袪_袛袥携袩袩,TempTable,2
210,袙孝_袨褋褌邪褌泻懈袧邪褋谢械写薪懈泻芯胁,小校袦袦袗,Unknown,1
210,袙孝_袨褋褌邪褌泻懈袧邪褋谢械写薪懈泻芯胁,袪袝袚袠小孝袪袧袗袣袨袩袥袝袧袠携.校袩_袪袝袟袝袪袙蝎.袨小孝袗孝袣袠,AccumulationRegister,2
211,袙孝_袪邪褋褔械褌薪褘械小褍屑屑褘袩袩,袙孝_袪袗小效袝孝袧蝎袝小校袦袦蝎袩袩_袩袪袝袛.袨小孝袗孝袨袣袠小啸,TempTable,1
211,袙孝_袪邪褋褔械褌薪褘械小褍屑屑褘袩袩,袙孝_袪袗小效袝孝袧蝎袝小校袦袦蝎袩袩_袩袪袝袛.小校袦袦袗袩袩,TempTable,2
211,袙孝_袪邪褋褔械褌薪褘械小褍屑屑褘袩袩,袙孝_袨小孝袗孝袣袠袧袗小袥袝袛袧袠袣袨袙.小校袦袦袗袨小孝袗孝袨袣袙小袝袚袨,TempTable,3
211,袙孝_袪邪褋褔械褌薪褘械小褍屑屑褘袩袩,袙孝_袨小孝袗孝袣袠袧袗小袥袝袛袧袠袣袨袙.小校袦袦袗袨小孝袗孝袨袣袧袗效袠小袥袝袧袧蝎袡,TempTable,4
211,袙孝_袪邪褋褔械褌薪褘械小褍屑屑褘袩袩,袙蝎袘袨袪,Unknown,5
211,袙孝_袪邪褋褔械褌薪褘械小褍屑屑褘袩袩,袙孝_袪袗小效袝孝袧蝎袝小校袦袦蝎袩袩_袩袪袝袛,TempTable,6
211,袙孝_袪邪褋褔械褌薪褘械小褍屑屑褘袩袩,袙孝_袨小孝袗孝袣袠袧袗小袥袝袛袧袠袣袨袙,TempTable,7
213,效邪褋褌褜_1,袙孝_小校袦袦蝎_袩袪.袨小孝袗孝袨袣袙啸,TempTable,1
213,效邪褋褌褜_1,袙孝_小校袦袦蝎_袩袪.袨小孝袗孝袨袣袠小啸,TempTable,2
213,效邪褋褌褜_1,袙孝_小校袦袦蝎_袩袪.袙袟袧袨小蝎,TempTable,3
213,效邪褋褌褜_1,袙孝_小校袦袦蝎_袩袪.袠袧袙袝小孝袠笑袠袨袧袧蝎袡袛袨啸袨袛,TempTable,4
213,效邪褋褌褜_1,0,Unknown,5
213,效邪褋褌褜_1,袙孝_小校袦袦蝎_袩袪.袟袗袛袨袥袞袝袧袧袨小孝鞋袩袝袧小袠袠,TempTable,6
213,效邪褋褌褜_1,袙孝_小校袦袦蝎_袩袪.袠袧袙袝小孝袛袨啸袨袛袣肖袠袣小袗笑袠袠,TempTable,7
213,效邪褋褌褜_1,袙孝_小校袦袦蝎_袩袪,TempTable,8
214,效邪褋褌褜_2,"0,",Unknown,1
214,效邪褋褌褜_2,袙蝎袘袨袪,Unknown,2
214,效邪褋褌褜_2,0,Unknown,3
214,效邪褋褌褜_2,袙孝_小校袦袦蝎_袩袪,TempTable,4
214,效邪褋褌褜_2,袙孝_小袨小孝袨携袧袠携袩袝袧小袠袨袧袧蝎啸小效袝孝袨袙,TempTable,5
214,效邪褋褌褜_2,袙孝_袩袝袧小袠袨袧袧蝎袝小效袝孝袗_小袙袨袡小孝袙袗,TempTable,6
214,效邪褋褌褜_2,袙孝_小啸袝袦蝎袩袝袧小袠袨袧袧蝎啸小效袝孝袨袙,TempTable,7
214,效邪褋褌褜_2,袙孝_小啸袝袦蝎_小袙袨袡小孝袙袗,TempTable,8
215,效邪褋褌褜_3,"0,",Unknown,1
215,效邪褋褌褜_3,袙孝_小校袦袦蝎_袩袪,TempTable,2
216,袙孝_小褍屑屑褘,小校袦袦袗,Unknown,1
216,袙孝_小褍屑屑褘,袙孝_小校袦袦蝎_袩袪_小_袨袘携袟袗孝袝袥鞋小孝袙袗袦袠,TempTable,2
217,袙孝_袧邪褔懈褋谢械薪懈褟袩械薪褋懈泄袩芯小褔械褌邪屑,袪袝袚袠小孝袪蝎.袧袨袦袝袪小效袝孝袗,Unknown,1
217,袙孝_袧邪褔懈褋谢械薪懈褟袩械薪褋懈泄袩芯小褔械褌邪屑,袪袝袚袠小孝袪蝎.袪袝袚袠小孝袪袗孝袨袪,Unknown,2
217,袙孝_袧邪褔懈褋谢械薪懈褟袩械薪褋懈泄袩芯小褔械褌邪屑,小校袦袦袗,Unknown,3
218,袩芯写蟹邪锌褉芯褋_38,袙孝_孝袠袩蝎袪袝袟袝袪袙袨袙,TempTable,1
220,效邪褋褌褜_1,校袩_袧袗效袠小袥袝袧袠携袩袝袧小袠袡.袪袝袚袠小孝袪袗孝袨袪,Unknown,1
220,效邪褋褌褜_1,校袩_袧袗效袠小袥袝袧袠携袩袝袧小袠袡.袧袨袦袝袪小效袝孝袗,Unknown,2
220,效邪褋褌褜_1,校袩_袧袗效袠小袥袝袧袠携袩袝袧小袠袡.小校袦袦袗,Unknown,3
220,效邪褋褌褜_1,袪袝袚袠小孝袪袧袗袣袨袩袥袝袧袠携.校袩_袧袗效袠小袥袝袧袠携袩袝袧小袠袡,AccumulationRegister,4
220,效邪褋褌褜_1,袙孝_袩袝袧小袠袨袧袧蝎袝小效袝孝袗_小袙袨袡小孝袙袗,TempTable,5
221,效邪褋褌褜_2,"校袩_袪袝袟袝袪袙蝎.袪袝袚袠小孝袪袗孝袨袪,",Unknown,1
221,效邪褋褌褜_2,-校袩_袪袝袟袝袪袙蝎.小校袦袦袗,Unknown,2
221,效邪褋褌褜_2,袪袝袚袠小孝袪袧袗袣袨袩袥袝袧袠携.校袩_袪袝袟袝袪袙蝎,AccumulationRegister,3
221,效邪褋褌褜_2,袙孝_袩袝袧小袠袨袧袧蝎袝小效袝孝袗_小袙袨袡小孝袙袗,TempTable,4
222,袙孝_袪械谐懈褋褌褉邪褌芯褉褘袧邪褔懈褋谢械薪懈泄小芯谢懈写邪褉薪褘褏小褔械褌芯胁,袙孝_袧袗效袠小袥袝袧袠携袩袝袧小袠袡袩袨小效袝孝袗袦.袪袝袚袠小孝袪袗孝袨袪,TempTable,1
222,袙孝_袪械谐懈褋褌褉邪褌芯褉褘袧邪褔懈褋谢械薪懈泄小芯谢懈写邪褉薪褘褏小褔械褌芯胁,袙孝_袩袝袧小袠袨袧袧蝎袝小效袝孝袗_小袙袨袡小孝袙袗.袩袝袧小袠袨袧袧蝎袡小效袝孝袛袨袚袨袙袨袪袗,TempTable,2
222,袙孝_袪械谐懈褋褌褉邪褌芯褉褘袧邪褔懈褋谢械薪懈泄小芯谢懈写邪褉薪褘褏小褔械褌芯胁,袙孝_袧袗效袠小袥袝袧袠携袩袝袧小袠袡袩袨小效袝孝袗袦,TempTable,3
222,袙孝_袪械谐懈褋褌褉邪褌芯褉褘袧邪褔懈褋谢械薪懈泄小芯谢懈写邪褉薪褘褏小褔械褌芯胁,袙孝_袩袝袧小袠袨袧袧蝎袝小效袝孝袗_小袙袨袡小孝袙袗,TempTable,4
223,袙孝_袧邪褔懈褋谢械薪懈褟小芯谢懈写邪褉薪褘褏小褔械褌芯胁袣袪邪褋锌褉械写械谢械薪懈褞,校袩_袪袝袟袝袪袙蝎.袧袨袦袝袪小效袝孝袗,Unknown,1
223,袙孝_袧邪褔懈褋谢械薪懈褟小芯谢懈写邪褉薪褘褏小褔械褌芯胁袣袪邪褋锌褉械写械谢械薪懈褞,小校袦袦袗,Unknown,2
223,袙孝_袧邪褔懈褋谢械薪懈褟小芯谢懈写邪褉薪褘褏小褔械褌芯胁袣袪邪褋锌褉械写械谢械薪懈褞,袪袝袚袠小孝袪袧袗袣袨袩袥袝袧袠携.校袩_袪袝袟袝袪袙蝎,AccumulationRegister,3
224,袩芯写蟹邪锌褉芯褋_39,袙孝_孝袠袩蝎袪袝袟袝袪袙袨袙,TempTable,1
225,袩芯写蟹邪锌褉芯褋_40,"袙孝_袪袝袚袠小孝袪袗孝袨袪蝎袧袗效袠小袥袝袧袠袡小袨袥袠袛袗袪袧蝎啸小效袝孝袨袙.袪袝袚袠小孝袪袗孝袨袪,",TempTable,1
225,袩芯写蟹邪锌褉芯褋_40,袙孝_袪袝袚袠小孝袪袗孝袨袪蝎袧袗效袠小袥袝袧袠袡小袨袥袠袛袗袪袧蝎啸小效袝孝袨袙,TempTable,2
226,袙孝_袛胁懈卸械薪懈褟袩芯袪械谐懈褋褌褉邪褌芯褉邪屑,校袩_袪袝袟袝袪袙蝎.袪袝袚袠小孝袪袗孝袨袪,Unknown,1
226,袙孝_袛胁懈卸械薪懈褟袩芯袪械谐懈褋褌褉邪褌芯褉邪屑,袙蝎袘袨袪,Unknown,2
226,袙孝_袛胁懈卸械薪懈褟袩芯袪械谐懈褋褌褉邪褌芯褉邪屑,校袩_袪袝袟袝袪袙蝎.袛袙袠袞袝袧袠袝,Unknown,3
226,袙孝_袛胁懈卸械薪懈褟袩芯袪械谐懈褋褌褉邪褌芯褉邪屑,袪袝袚袠小孝袪袧袗袣袨袩袥袝袧袠携.校袩_袪袝袟袝袪袙蝎,AccumulationRegister,4
227,袩芯写蟹邪锌褉芯褋_41,"袙孝_袩袝袧小袠袨袧袧蝎袝小效袝孝袗_袨袪袚_袩小_孝袪.袩袝袧小袠袨袧袧蝎袡小效袝孝,",TempTable,1
227,袩芯写蟹邪锌褉芯褋_41,袙孝_袩袝袧小袠袨袧袧蝎袝小效袝孝袗_袨袪袚_袩小_孝袪,TempTable,2
228,袙孝_袛胁懈卸械薪懈褟袩芯袛芯泻褍屑械薪褌邪屑,袙孝_袛袙袠袞袝袧袠携袩袨袪袝袚袠小孝袪袗孝袨袪袗袦.孝袠袩袛袨袣校袦袝袧孝袗,TempTable,1
228,袙孝_袛胁懈卸械薪懈褟袩芯袛芯泻褍屑械薪褌邪屑,袙孝_袛袙袠袞袝袧袠携袩袨袪袝袚袠小孝袪袗孝袨袪袗袦.袪袝袚袠小孝袪袗孝袨袪,TempTable,2
228,袙孝_袛胁懈卸械薪懈褟袩芯袛芯泻褍屑械薪褌邪屑,小校袦袦袗,Unknown,3
228,袙孝_袛胁懈卸械薪懈褟袩芯袛芯泻褍屑械薪褌邪屑,袙孝_袛袙袠袞袝袧袠携袩袨袪袝袚袠小孝袪袗孝袨袪袗袦.袛袙袠袞袝袧袠袝,TempTable,4
228,袙孝_袛胁懈卸械薪懈褟袩芯袛芯泻褍屑械薪褌邪屑,袙孝_袛袙袠袞袝袧袠携袩袨袪袝袚袠小孝袪袗孝袨袪袗袦,TempTable,5
229,袙孝_袩械褉械屑械褖械薪懈褟袙小褌褉邪褏芯胁芯泄袪械蟹械褉胁,袙孝_袩袝袧小袠袨袧袧蝎袝小效袝孝袗.袩袝袧小袠袨袧袧蝎袡小效袝孝,TempTable,1
229,袙孝_袩械褉械屑械褖械薪懈褟袙小褌褉邪褏芯胁芯泄袪械蟹械褉胁,校袩_袪袝袟袝袪袙蝎.小校袦袦袗,Unknown,2
229,袙孝_袩械褉械屑械褖械薪懈褟袙小褌褉邪褏芯胁芯泄袪械蟹械褉胁,袙孝_袩袝袧小袠袨袧袧蝎袝小效袝孝袗,TempTable,3
229,袙孝_袩械褉械屑械褖械薪懈褟袙小褌褉邪褏芯胁芯泄袪械蟹械褉胁,袪袝袚袠小孝袪袧袗袣袨袩袥袝袧袠携.校袩_袪袝袟袝袪袙蝎,AccumulationRegister,4
230,袩芯写蟹邪锌褉芯褋_42,袙孝_孝袠袩蝎袪袝袟袝袪袙袨袙,TempTable,1
231,袙孝_袙芯蟹胁褉邪褌褘袩械薪褋懈泄,校袩_袪袝袟袝袪袙蝎.小校袦袦袗,Unknown,1
231,袙孝_袙芯蟹胁褉邪褌褘袩械薪褋懈泄,袙孝_袩袝袧小袠袨袧袧蝎袝小效袝孝袗,TempTable,2
231,袙孝_袙芯蟹胁褉邪褌褘袩械薪褋懈泄,袪袝袚袠小孝袪袧袗袣袨袩袥袝袧袠携.校袩_袪袝袟袝袪袙蝎,AccumulationRegister,3
232,袩芯写蟹邪锌褉芯褋_43,袙孝_孝袠袩蝎袪袝袟袝袪袙袨袙,TempTable,1
234,效邪褋褌褜_1,袪袝袟袝袪袙蝎.袧袨袦袝袪小效袝孝袗,Unknown,1
234,效邪褋褌褜_1,袪袝袟袝袪袙蝎.袙袠袛袛袙袠袞袝袧袠携袝袩小,Unknown,2
234,效邪褋褌褜_1,袝小孝鞋NULL,Unknown,3
234,效邪褋褌褜_1,0,Unknown,4
234,效邪褋褌褜_1,袪袝袚袠小孝袪袧袗袣袨袩袥袝袧袠携.校袩_袪袝袟袝袪袙蝎,AccumulationRegister,5
234,效邪褋褌褜_1,袙孝_袩袝袧小袠袨袧袧蝎袝小效袝孝袗,TempTable,6
234,效邪褋褌褜_1,袙孝_袩袝袪袝袙袨袛蝎袠袟袪袝袚袠小孝袪袨袙_袙袠袛蝎袛袙袠袞袝袧袠袡,TempTable,7
235,效邪褋褌褜_2,袪袝袟袝袪袙蝎.袧袨袦袝袪小效袝孝袗,Unknown,1
235,效邪褋褌褜_2,袪袝袟袝袪袙蝎.袙袠袛袛袙袠袞袝袧袠携袝袩小,Unknown,2
235,效邪褋褌褜_2,0,Unknown,3
235,效邪褋褌褜_2,袝小孝鞋NULL,Unknown,4
235,效邪褋褌褜_2,袪袝袚袠小孝袪袧袗袣袨袩袥袝袧袠携.校袩_袪袝袟袝袪袙蝎,AccumulationRegister,5
235,效邪褋褌褜_2,袙孝_袩袝袧小袠袨袧袧蝎袝小效袝孝袗,TempTable,6
235,效邪褋褌褜_2,袙孝_袩袝袪袝袙袨袛蝎袠袟袪袝袚袠小孝袪袨袙_袙袠袛蝎袛袙袠袞袝袧袠袡_袙袪袝袟袝袪袙蝎,TempTable,7
237,效邪褋褌褜_1,袙孝_袩袝袪袝袙袨袛蝎袠袟袪袝袚袠小孝袪袨袙_袪袝袟袝袪袙蝎.袩袝袧小袠袨袧袧蝎袡小效袝孝,TempTable,1
237,效邪褋褌褜_1,袙孝_袩袝袪袝袙袨袛蝎袠袟袪袝袚袠小孝袪袨袙_袪袝袟袝袪袙蝎.袪袝袚袠小孝袪袗孝袨袪,TempTable,2
237,效邪褋褌褜_1,袙孝_袩袝袪袝袙袨袛蝎袠袟袪袝袚袠小孝袪袨袙_袪袝袟袝袪袙蝎.小校袦袦袗,TempTable,3
237,效邪褋褌褜_1,袙孝_袩袝袪袝袙袨袛蝎袠袟袪袝袚袠小孝袪袨袙_袪袝袟袝袪袙蝎.小校袦袦袗袙袪袝袟袝袪袙蝎,TempTable,4
237,效邪褋褌褜_1,袙孝_袩袝袪袝袙袨袛蝎袠袟袪袝袚袠小孝袪袨袙_袪袝袟袝袪袙蝎,TempTable,5
238,效邪褋褌褜_2,"袙孝_袧袗效袠小袥袝袧袠携小袨袥袠袛袗袪袧蝎啸小效袝孝袨袙袣袪袗小袩袪袝袛袝袥袝袧袠挟.袧袨袦袝袪小效袝孝袗,",TempTable,1
238,效邪褋褌褜_2,"-袙孝_袧袗效袠小袥袝袧袠携小袨袥袠袛袗袪袧蝎啸小效袝孝袨袙袣袪袗小袩袪袝袛袝袥袝袧袠挟.小校袦袦袗,",Unknown,2
238,效邪褋褌褜_2,袙孝_袧袗效袠小袥袝袧袠携小袨袥袠袛袗袪袧蝎啸小效袝孝袨袙袣袪袗小袩袪袝袛袝袥袝袧袠挟,TempTable,3
239,效邪褋褌褜_3,"袙孝_袩袝袪袝袦袝些袝袧袠携袙小孝袪袗啸袨袙袨袡袪袝袟袝袪袙.袩袝袧小袠袨袧袧蝎袡小效袝孝,",TempTable,1
239,效邪褋褌褜_3,"0,",Unknown,2
239,效邪褋褌褜_3,袙孝_袩袝袪袝袦袝些袝袧袠携袙小孝袪袗啸袨袙袨袡袪袝袟袝袪袙,TempTable,3
240,袙孝_袩械褉械胁芯写褘,小校袦袦袗,Unknown,1
240,袙孝_袩械褉械胁芯写褘,袙孝_袩袝袪袝袙袨袛蝎袠袟袪袝袚袠小孝袪袨袙_袪袝袚袠小孝袪蝎,TempTable,2
243,效邪褋褌褜_1,袙孝_袛袙袠袞袝袧袠携袩袨袪袝袚袠小孝袪袗孝袨袪袗袦.袪袝袚袠小孝袪袗孝袨袪,TempTable,1
243,效邪褋褌褜_1,-,Unknown,2
243,效邪褋褌褜_1,袙孝_袛袙袠袞袝袧袠携袩袨袪袝袚袠小孝袪袗孝袨袪袗袦,TempTable,3
243,效邪褋褌褜_1,袛袨袣校袦袝袧孝.校袩_袟袗袣袪蝎孝袠袝小效袝孝袨袙.袪袗小袩袪袝袛袝袥袝袧袠袝,Document,4
244,效邪褋褌褜_2,"袙孝_袛袙袠袞袝袧袠携袩袨袪袝袚袠小孝袪袗孝袨袪袗袦.袪袝袚袠小孝袪袗孝袨袪,",TempTable,1
244,效邪褋褌褜_2,袙孝_袛袙袠袞袝袧袠携袩袨袪袝袚袠小孝袪袗孝袨袪袗袦,TempTable,2
244,效邪褋褌褜_2,袛袨袣校袦袝袧孝.校袩_袟袗袣袪蝎孝袠袝袛袨袚袨袙袨袪袗袙袩袨袥鞋袟校孝袪袝孝鞋袠啸袥袠笑.袪袗小袩袪袝袛袝袥袝袧袠袝,Document,3
245,效邪褋褌褜_1,袙孝_袛袙袠袞袝袧袠携袩袨袛袨袣校袦袝袧孝袗袦.袪袝袚袠小孝袪袗孝袨袪,TempTable,1
245,效邪褋褌褜_1,袙孝_袛袙袠袞袝袧袠携袩袨袛袨袣校袦袝袧孝袗袦.袧袨袦袝袪小效袝孝袗,TempTable,2
245,效邪褋褌褜_1,袙孝_袛袙袠袞袝袧袠携袩袨袛袨袣校袦袝袧孝袗袦.小校袦袦袗袨袘袨袪袨孝,TempTable,3
245,效邪褋褌褜_1,袙孝_袛袙袠袞袝袧袠携袩袨袛袨袣校袦袝袧孝袗袦,TempTable,4
246,效邪褋褌褜_2,"袙孝_袛袙袠袞袝袧袠携袩袨袛袨袣校袦袝袧孝袗袦.袪袝袚袠小孝袪袗孝袨袪,",TempTable,1
246,效邪褋褌褜_2,袙孝_袛袙袠袞袝袧袠携袩袨袛袨袣校袦袝袧孝袗袦.小校袦袦袗袩袪袠啸袨袛,TempTable,2
246,效邪褋褌褜_2,袙孝_袛袙袠袞袝袧袠携袩袨袛袨袣校袦袝袧孝袗袦,TempTable,3
247,效邪褋褌褜_3,"袩袨袛袟袗袩袪袨小.袪袝袚袠小孝袪袗孝袨袪,",Unknown,1
247,效邪褋褌褜_3,袩袨袛袟袗袩袪袨小.小校袦袦袗,Unknown,2
248,效邪褋褌褜_4,"袙孝_袧袗效袠小袥袝袧袠携袩袝袧小袠袡袩袨小效袝孝袗袦.袪袝袚袠小孝袪袗孝袨袪,",TempTable,1
248,效邪褋褌褜_4,袙孝_袧袗效袠小袥袝袧袠携袩袝袧小袠袡袩袨小效袝孝袗袦.小校袦袦袗,TempTable,2
248,效邪褋褌褜_4,袙孝_袧袗效袠小袥袝袧袠携袩袝袧小袠袡袩袨小效袝孝袗袦,TempTable,3
249,效邪褋褌褜_5,"袙孝_袧袗效袠小袥袝袧袠携小袨袥袠袛袗袪袧蝎啸小效袝孝袨袙袣袪袗小袩袪袝袛袝袥袝袧袠挟.袪袝袚袠小孝袪袗孝袨袪,",TempTable,1
249,效邪褋褌褜_5,-袙孝_袧袗效袠小袥袝袧袠携小袨袥袠袛袗袪袧蝎啸小效袝孝袨袙袣袪袗小袩袪袝袛袝袥袝袧袠挟.小校袦袦袗,Unknown,2
249,效邪褋褌褜_5,袙孝_袧袗效袠小袥袝袧袠携小袨袥袠袛袗袪袧蝎啸小效袝孝袨袙袣袪袗小袩袪袝袛袝袥袝袧袠挟,TempTable,3
250,效邪褋褌褜_6,"袙孝_袩袝袪袝袦袝些袝袧袠携袙小孝袪袗啸袨袙袨袡袪袝袟袝袪袙.袪袝袚袠小孝袪袗孝袨袪,",TempTable,1
250,效邪褋褌褜_6,袙孝_袩袝袪袝袦袝些袝袧袠携袙小孝袪袗啸袨袙袨袡袪袝袟袝袪袙.小校袦袦袗,TempTable,2
250,效邪褋褌褜_6,袙孝_袩袝袪袝袦袝些袝袧袠携袙小孝袪袗啸袨袙袨袡袪袝袟袝袪袙,TempTable,3
251,袙孝_袩械褉械胁芯写褘_校褋褌邪褉械谢芯,小校袦袦袗,Unknown,1
251,袙孝_袩械褉械胁芯写褘_校褋褌邪褉械谢芯,袙孝_袩袝袪袝袙袨袛蝎袩袪,TempTable,2
252,袙孝_小褌芯褉薪懈褉芯胁邪薪薪褘械小褍屑屑褘,校袩_袧袗效袠小袥袝袧袠携袩袝袧小袠袡.小校袦袦袗,Unknown,1
252,袙孝_小褌芯褉薪懈褉芯胁邪薪薪褘械小褍屑屑褘,0,Unknown,2
252,袙孝_小褌芯褉薪懈褉芯胁邪薪薪褘械小褍屑屑褘,袪袝袚袠小孝袪袧袗袣袨袩袥袝袧袠携.校袩_袧袗效袠小袥袝袧袠携袩袝袧小袠袡,AccumulationRegister,3
252,袙孝_小褌芯褉薪懈褉芯胁邪薪薪褘械小褍屑屑褘,袙孝_袛袨袣校袦袝袧孝蝎小孝袨袪袧袨,TempTable,4
252,袙孝_小褌芯褉薪懈褉芯胁邪薪薪褘械小褍屑屑褘,"0,",Unknown,5
252,袙孝_小褌芯褉薪懈褉芯胁邪薪薪褘械小褍屑屑褘,袙蝎袘袨袪,Unknown,6
252,袙孝_小褌芯褉薪懈褉芯胁邪薪薪褘械小褍屑屑褘,袪袝袚袠小孝袪袧袗袣袨袩袥袝袧袠携.校袩_袩袪袨效袠袝袧袗效袠小袥袝袧袠携,AccumulationRegister,7
253,袩芯写蟹邪锌褉芯褋_44,袙孝_袩袝袧小袠袨袧袧蝎袝小效袝孝袗,TempTable,1
254,袩芯写蟹邪锌褉芯褋_45,袙孝_袩袝袧小袠袨袧袧蝎袝小效袝孝袗,TempTable,1
256,袩芯写蟹邪锌褉芯褋_46,袙孝_袩袝袧小袠袨袧袧蝎袝小效袝孝袗,TempTable,1
257,袩芯写蟹邪锌褉芯褋_47,袙孝_袩袝袧小袠袨袧袧蝎袝小效袝孝袗_袨袪袚_袩小_孝袪.袩袝袧小袠袨袧袧蝎袡小效袝孝,TempTable,1
257,袩芯写蟹邪锌褉芯褋_47,袙孝_袩袝袧小袠袨袧袧蝎袝小效袝孝袗_袨袪袚_袩小_孝袪,TempTable,2
258,袩芯写蟹邪锌褉芯褋_48,"袙孝_袩袝袧小袠袨袧袧蝎袝小效袝孝袗_袨袪袚_校效_袩小.校效袗小孝袧袠袣,",TempTable,1
258,袩芯写蟹邪锌褉芯褋_48,袙孝_袩袝袧小袠袨袧袧蝎袝小效袝孝袗_袨袪袚_校效_袩小,TempTable,2
259,袩芯写蟹邪锌褉芯褋_49,"袙孝_袩袝袧小袠袨袧袧蝎袝小效袝孝袗_袨袪袚_袩小_孝袪.袩袝袧小袠袨袧袧蝎袡小效袝孝,",TempTable,1
259,袩芯写蟹邪锌褉芯褋_49,袙孝_袩袝袧小袠袨袧袧蝎袝小效袝孝袗_袨袪袚_袩小_孝袪,TempTable,2
260,袩芯写蟹邪锌褉芯褋_50,"袙孝_袩袝袧小袠袨袧袧蝎袝小效袝孝袗_袨袪袚_袩小_孝袪.袩袝袧小袠袨袧袧蝎袡小效袝孝,",TempTable,1
260,袩芯写蟹邪锌褉芯褋_50,袙孝_袩袝袧小袠袨袧袧蝎袝小效袝孝袗_袨袪袚_袩小_孝袪,TempTable,2
261,效邪褋褌褜_1,校袩_袙蝎袩袥袗孝蝎袨袘袨袪袨孝蝎.小校袦袦袗袪袗小啸袨袛,Unknown,1
261,效邪褋褌褜_1,0,Unknown,2
261,效邪褋褌褜_1,袪袝袚袠小孝袪袧袗袣袨袩袥袝袧袠携.校袩_袧袗效袠小袥袝袧袠携袩袝袧小袠袡.袨袘袨袪袨孝蝎,AccumulationRegister,3
262,效邪褋褌褜_2,"0,",Unknown,1
262,效邪褋褌褜_2,袙蝎袘袨袪,Unknown,2
262,效邪褋褌褜_2,0,Unknown,3
262,效邪褋褌褜_2,袪袝袚袠小孝袪袧袗袣袨袩袥袝袧袠携.校袩_袩袪袨效袠袝袧袗效袠小袥袝袧袠携.袨袘袨袪袨孝蝎,AccumulationRegister,4
263,效邪褋褌褜_3,"0,",Unknown,1
263,效邪褋褌褜_3,袪袝袚袠小孝袪袧袗袣袨袩袥袝袧袠携.校袩_袩袪袨效袠袝袧袗效袠小袥袝袧袠携.袨小孝袗孝袣袠,AccumulationRegister,2
264,效邪褋褌褜_4,-校袩_袨孝袙袝袪袚袧校孝蝎袝袩袥袗孝袝袞袠袩袝袧小袠袡袧袩袨袨袘袨袪袨孝蝎.小校袦袦袗袨袘袨袪袨孝,Unknown,1
264,效邪褋褌褜_4,"0,",Unknown,2
264,效邪褋褌褜_4,0,Unknown,3
264,效邪褋褌褜_4,袪袝袚袠小孝袪袧袗袣袨袩袥袝袧袠携.校袩_袨孝袙袝袪袚袧校孝蝎袝袩袥袗孝袝袞袠袩袝袧小袠袡袧袩袨.袨袘袨袪袨孝蝎,AccumulationRegister,4
265,效邪褋褌褜_5,"0,",Unknown,1
265,效邪褋褌褜_5,袙蝎袘袨袪,Unknown,2
265,效邪褋褌褜_5,0,Unknown,3
265,效邪褋褌褜_5,袪袝袚袠小孝袪袧袗袣袨袩袥袝袧袠携.校袩_袨孝袙袝袪袚袧校孝蝎袝袩袥袗孝袝袞袠袩袪袨效袠袝袧袗效袠小袥袝袧袠携袧袩袨.袨袘袨袪袨孝蝎,AccumulationRegister,4
266,袙孝_袙褘锌谢邪褌褘,小校袦袦袗,Unknown,1
266,袙孝_袙褘锌谢邪褌褘,袙孝_袙蝎袩袥袗孝蝎袩袪,TempTable,2
267,袙孝_袦袚袛_袩袪,校袩_袦袠袧袠袦袗袥鞋袧袗携袚袗袪袗袧孝袠袪袨袙袗袧袧袗携袛袨啸袨袛袧袨小孝鞋.袦袠袧袠袦袗袥鞋袧袗携袚袗袪袗袧孝袠袪袨袙袗袧袧袗携袛袨啸袨袛袧袨小孝鞋,Unknown,1
267,袙孝_袦袚袛_袩袪,校袩_袦袠袧袠袦袗袥鞋袧袗携袚袗袪袗袧孝袠袪袨袙袗袧袧袗携袛袨啸袨袛袧袨小孝鞋.袩袝袪袠袨袛袛袝袡小孝袙袠携,Unknown,2
267,袙孝_袦袚袛_袩袪,袪袝袚袠小孝袪小袙袝袛袝袧袠袡.校袩_袦袠袧袠袦袗袥鞋袧袗携袚袗袪袗袧孝袠袪袨袙袗袧袧袗携袛袨啸袨袛袧袨小孝鞋.小袪袝袟袩袨小袥袝袛袧袠啸,InformationRegister,3
268,袩芯写蟹邪锌褉芯褋_51,袙孝_袩袝袧小袠袨袧袧蝎袝袛袨袚袨袙袨袪蝎,TempTable,1
269,袙孝_袦袚袛,袝小孝鞋NULL,Unknown,1
269,袙孝_袦袚袛,袙蝎袘袨袪,Unknown,2
269,袙孝_袦袚袛,袙孝_袩袝袧小袠袨袧袧蝎袝袛袨袚袨袙袨袪蝎,TempTable,3
269,袙孝_袦袚袛,袙孝_袦袚袛_袩袪,TempTable,4
270,袙孝_校屑械褉褕懈械,袙孝_袩袝袧小袠袨袧袧蝎袝小效袝孝袗_小袙袨袡小孝袙袗.校效袗小孝袧袠袣.校袩_肖袠袟袥袠笑袨.校袩_袛袗孝袗小袦袝袪孝袠,TempTable,1
270,袙孝_校屑械褉褕懈械,袙孝_袩袝袧小袠袨袧袧蝎袝小效袝孝袗_小袙袨袡小孝袙袗,TempTable,2
270,袙孝_校屑械褉褕懈械,袙孝_小袨小孝袨携袧袠携袩袝袧小袠袨袧袧蝎啸小效袝孝袨袙,TempTable,3
271,袙孝_袩械薪褋懈芯薪薪褘械小褔械褌邪_袧邪褔邪谢芯袙褘锌谢邪褌,校袩_小袨小孝袨携袧袠携袩小小袪袝袟袩袝袪袙蝎啸.袩袝袪袠袨袛,Unknown,1
271,袙孝_袩械薪褋懈芯薪薪褘械小褔械褌邪_袧邪褔邪谢芯袙褘锌谢邪褌,袙蝎袘袨袪,Unknown,2
271,袙孝_袩械薪褋懈芯薪薪褘械小褔械褌邪_袧邪褔邪谢芯袙褘锌谢邪褌,袪袝袚袠小孝袪小袙袝袛袝袧袠袡.校袩_小袨小孝袨携袧袠携袩小.小袪袝袟袩袝袪袙蝎啸,InformationRegister,3
272,袩芯写蟹邪锌褉芯褋_52,袙孝_袩袝袧小袠袨袧袧蝎袝小效袝孝袗,TempTable,1
273,袙孝_袩械褉懈芯写懈褔薪芯褋褌褜袙褘锌谢邪褌,袙蝎袘袨袪,Unknown,1
273,袙孝_袩械褉懈芯写懈褔薪芯褋褌褜袙褘锌谢邪褌,袪袝袚袠小孝袪小袙袝袛袝袧袠袡.校袩_袩袝袪袠袨袛袠效袧袨小孝鞋袙蝎袩袥袗孝.小袪袝袟袩袨小袥袝袛袧袠啸,InformationRegister,2
274,袩芯写蟹邪锌褉芯褋_53,袙孝_袩袝袧小袠袨袧袧蝎袝小效袝孝袗,TempTable,1
275,袙孝_小褉芯褔薪懈泻懈,袙孝_小袨小孝袨携袧袠携袩袝袧小袠袨袧袧蝎啸小效袝孝袨袙,TempTable,1
275,袙孝_小褉芯褔薪懈泻懈,袙孝_小啸袝袦蝎袩袝袧小袠袨袧袧蝎啸小效袝孝袨袙,TempTable,2
275,袙孝_小褉芯褔薪懈泻懈,袙孝_小啸袝袦蝎_小袙袨袡小孝袙袗,TempTable,3
276,袙孝_袙褘锌谢邪褌薪褘械小褔械褌邪,袙孝_小袨小孝袨携袧袠携袩袝袧小袠袨袧袧蝎啸小效袝孝袨袙,TempTable,1
277,袙孝_袛邪褌褘袨泻芯薪褔邪薪懈褟小褉芯褔薪褘褏袙褘锌谢邪褌,袛袗孝蝎袨袣袨袧效袗袧袠携小袙.袛袗孝袗袨袣袨袧效袗袧袠携小袪袨效袧袨袡袙蝎袩袥袗孝蝎,Unknown,1
277,袙孝_袛邪褌褘袨泻芯薪褔邪薪懈褟小褉芯褔薪褘褏袙褘锌谢邪褌,袪袝袚袠小孝袪小袙袝袛袝袧袠袡.校袩_袛袗孝蝎袨袣袨袧效袗袧袠携小袪袨效袧袨袡袙蝎袩袥袗孝蝎.小袪袝袟袩袨小袥袝袛袧袠啸,InformationRegister,2
278,袩芯写蟹邪锌褉芯褋_54,袙孝_小袪袨效袧袠袣袠,TempTable,1
279,袙孝_袣芯谢懈褔械褋褌胁芯袙褘锌谢邪褌,校袩_袣袨袥袠效袝小孝袙袨袙蝎袩袥袗孝.袣袨袥袠效袝小孝袙袨袙蝎袩袥袗孝,Unknown,1
279,袙孝_袣芯谢懈褔械褋褌胁芯袙褘锌谢邪褌,校袩_袣袨袥袠效袝小孝袙袨袙蝎袩袥袗孝.袩袝袪袠袨袛,Unknown,2
279,袙孝_袣芯谢懈褔械褋褌胁芯袙褘锌谢邪褌,袪袝袚袠小孝袪小袙袝袛袝袧袠袡.校袩_袣袨袥袠效袝小孝袙袨袧袗袟袧袗效袝袧袧蝎啸袙蝎袩袥袗孝.小袪袝袟袩袨小袥袝袛袧袠啸,InformationRegister,3
280,袩芯写蟹邪锌褉芯褋_55,袙孝_小袪袨效袧袠袣袠,TempTable,1
281,袙孝_袪邪褋褏芯写袙褘锌谢邪褌,校袩_小效袝孝效袠袣袧袗效袠小袥袝袧袠袡袨袘袨袪袨孝蝎.袣袨袥袠效袝小孝袙袨袨袘袨袪袨孝,Unknown,1
281,袙孝_袪邪褋褏芯写袙褘锌谢邪褌,袪袝袚袠小孝袪袧袗袣袨袩袥袝袧袠携.校袩_小效袝孝效袠袣袧袗效袠小袥袝袧袠袡.袨袘袨袪袨孝蝎,AccumulationRegister,2
282,袩芯写蟹邪锌褉芯褋_56,袙孝_小袪袨效袧袠袣袠,TempTable,1
283,袙孝_袨褋褌邪褌泻懈袙褘锌谢邪褌,袙孝_袣袨袥袠效袝小孝袙袨袙蝎袩袥袗孝.袣袨袥袠效袝小孝袙袨袙蝎袩袥袗孝,TempTable,1
283,袙孝_袨褋褌邪褌泻懈袙褘锌谢邪褌,袙孝_袣袨袥袠效袝小孝袙袨袙蝎袩袥袗孝,TempTable,2
283,袙孝_袨褋褌邪褌泻懈袙褘锌谢邪褌,袙孝_袪袗小啸袨袛袙蝎袩袥袗孝,TempTable,3
284,袙孝_袩芯褋谢械写薪懈械袙褘锌谢邪褌褘,袦袗袣小袠袦校袦,Unknown,1
284,袙孝_袩芯褋谢械写薪懈械袙褘锌谢邪褌褘,袪袝袚袠小孝袪袧袗袣袨袩袥袝袧袠携.校袩_小效袝孝效袠袣袧袗效袠小袥袝袧袠袡,AccumulationRegister,2
284,袙孝_袩芯褋谢械写薪懈械袙褘锌谢邪褌褘,袙孝_袩袝袧小袠袨袧袧蝎袝小效袝孝袗,TempTable,3
285,袙孝_袩芯褋谢械写薪懈械袙褘锌谢邪褌褘袩芯袪械谐懈褋褌褉褍袙褘锌谢邪褌,袩袨小袥袝袛袧携携袙蝎袩袥袗孝袗.袩袝袪袠袨袛,Unknown,1
285,袙孝_袩芯褋谢械写薪懈械袙褘锌谢邪褌褘袩芯袪械谐懈褋褌褉褍袙褘锌谢邪褌,袩袨小袥袝袛袧携携袙蝎袩袥袗孝袗.孝袠袩袩袝袧小袠袠,Unknown,2
285,袙孝_袩芯褋谢械写薪懈械袙褘锌谢邪褌褘袩芯袪械谐懈褋褌褉褍袙褘锌谢邪褌,校袩_小啸袝袦袗小效袝孝袗小袪袝袟袩袨小袥袝袛袧袠啸.孝袠袩袩袝袧小袠袠,Unknown,3
285,袙孝_袩芯褋谢械写薪懈械袙褘锌谢邪褌褘袩芯袪械谐懈褋褌褉褍袙褘锌谢邪褌,校袩_小啸袝袦袗小效袝孝袗小袪袝袟袩袨小袥袝袛袧袠啸.小啸袝袦袗.孝袠袩袩袝袧小袠袨袧袧袨袡小啸袝袦蝎,Unknown,4
285,袙孝_袩芯褋谢械写薪懈械袙褘锌谢邪褌褘袩芯袪械谐懈褋褌褉褍袙褘锌谢邪褌,袙孝_袩袝袧小袠袨袧袧蝎袝小效袝孝袗,TempTable,5
285,袙孝_袩芯褋谢械写薪懈械袙褘锌谢邪褌褘袩芯袪械谐懈褋褌褉褍袙褘锌谢邪褌,袪袝袚袠小孝袪小袙袝袛袝袧袠袡.校袩_小啸袝袦袗小效袝孝袗.小袪袝袟袩袨小袥袝袛袧袠啸,InformationRegister,6
286,袦邪泻褋袛邪褌邪袙褘锌谢邪褌褘,袦袗袣小袠袦校袦,Unknown,1
286,袦邪泻褋袛邪褌邪袙褘锌谢邪褌褘,袪袝袚袠小孝袪袧袗袣袨袩袥袝袧袠携.校袩_袙蝎袩袥袗孝蝎,AccumulationRegister,2
287,袩芯褋谢械写薪褟褟袙褘锌谢邪褌邪,袛袗袧袧蝎袝袪袝袚袠小孝袪袗.袩袝袪袠袨袛,Unknown,1
287,袩芯褋谢械写薪褟褟袙褘锌谢邪褌邪,袛袗袧袧蝎袝袪袝袚袠小孝袪袗.孝袠袩袩袝袧小袠袠,Unknown,2
287,袩芯褋谢械写薪褟褟袙褘锌谢邪褌邪,袪袝袚袠小孝袪袧袗袣袨袩袥袝袧袠携.校袩_袙蝎袩袥袗孝蝎,AccumulationRegister,3
288,袙孝_袪邪蟹屑械褉袩械薪褋懈泄肖懈泻褋,校袩_袪袗袟袦袝袪袩袝袧小袠袠小袪袝袟袩袨小袥袝袛袧袠啸.袪袗袟袦袝袪,Unknown,1
288,袙孝_袪邪蟹屑械褉袩械薪褋懈泄肖懈泻褋,袪袝袚袠小孝袪小袙袝袛袝袧袠袡.校袩_袪袗袟袦袝袪袩袝袧小袠袠.小袪袝袟袩袨小袥袝袛袧袠啸,InformationRegister,2
289,袩芯写蟹邪锌褉芯褋_57,袙孝_袙蝎袩袥袗孝袧蝎袝小效袝孝袗,TempTable,1
290,袙孝_袪邪褋褔械褌薪褘械小褍屑屑褘袩械薪褋懈泄,袙蝎袪袗袟袠孝鞋,Unknown,1
290,袙孝_袪邪褋褔械褌薪褘械小褍屑屑褘袩械薪褋懈泄,袙孝_小袪袨效袧袠袣袠,TempTable,2
290,袙孝_袪邪褋褔械褌薪褘械小褍屑屑褘袩械薪褋懈泄,袙孝_袨小孝袗孝袣袠袙蝎袩袥袗孝,TempTable,3
290,袙孝_袪邪褋褔械褌薪褘械小褍屑屑褘袩械薪褋懈泄,袙孝_小校袦袦蝎,TempTable,4
291,袙孝_袪邪蟹屑械褉袩械薪褋懈泄,袙蝎袘袨袪,Unknown,1
291,袙孝_袪邪蟹屑械褉袩械薪褋懈泄,袙孝_袙蝎袩袥袗孝袧蝎袝小效袝孝袗,TempTable,2
291,袙孝_袪邪蟹屑械褉袩械薪褋懈泄,袙孝_小啸袝袦蝎袩袝袧小袠袨袧袧蝎啸小效袝孝袨袙,TempTable,3
291,袙孝_袪邪蟹屑械褉袩械薪褋懈泄,袙孝_小啸袝袦蝎_小袙袨袡小孝袙袗,TempTable,4
291,袙孝_袪邪蟹屑械褉袩械薪褋懈泄,袙孝_袪袗袟袦袝袪袩袝袧小袠袡肖袠袣小,TempTable,5
291,袙孝_袪邪蟹屑械褉袩械薪褋懈泄,袙孝_袪袗小效袝孝袧蝎袝小校袦袦蝎袩袝袧小袠袡,TempTable,6
292,袙孝_袛芯锌芯谢薪懈褌械谢褜薪芯袙褘泻褍锌薪邪褟袙泻写邪褔懈泻褍袧械褌小袩孝,小校袦袦袗,Unknown,1
292,袙孝_袛芯锌芯谢薪懈褌械谢褜薪芯袙褘泻褍锌薪邪褟袙泻写邪褔懈泻褍袧械褌小袩孝,袙孝_袩袝袧小袠袨袧袧蝎袝小效袝孝袗_小袙袨袡小孝袙袗,TempTable,2
292,袙孝_袛芯锌芯谢薪懈褌械谢褜薪芯袙褘泻褍锌薪邪褟袙泻写邪褔懈泻褍袧械褌小袩孝,袙孝_袧袝孝袪袗袧袟袠孝袧蝎袝袙袠袛蝎袧袗效袗袥袨袣袨袧袝笑,TempTable,3
292,袙孝_袛芯锌芯谢薪懈褌械谢褜薪芯袙褘泻褍锌薪邪褟袙泻写邪褔懈泻褍袧械褌小袩孝,袙孝_小校袦袦蝎,TempTable,4
292,袙孝_袛芯锌芯谢薪懈褌械谢褜薪芯袙褘泻褍锌薪邪褟袙泻写邪褔懈泻褍袧械褌小袩孝,袙孝_袪袗小效袝孝袧袗携袛袗孝袗袙小,TempTable,5
294,效邪褋褌褜_1,袙孝_袧袝孝袪袗袧袟袠孝袧蝎袝袙袠袛蝎袧袗效袗袥袨袣袨袧袝笑.袙袠袛袨袘携袟袗孝袝袥鞋小孝袙,TempTable,1
294,效邪褋褌褜_1,袙孝_袩袝袧小袠袨袧袧蝎袝小效袝孝袗_小袙袨袡小孝袙袗.孝袠袩袙袣袥袗袛效袠袣袗,TempTable,2
294,效邪褋褌褜_1,袙孝_袩袝袧小袠袨袧袧蝎袝小效袝孝袗_小袙袨袡小孝袙袗.袩袝袧小袠袨袧袧蝎袡小效袝孝,TempTable,3
294,效邪褋褌褜_1,袙孝_袩袝袧小袠袨袧袧蝎袝小效袝孝袗_小袙袨袡小孝袙袗.袩袝袧小袠袨袧袧蝎袡袛袨袚袨袙袨袪,TempTable,4
294,效邪褋褌褜_1,袙孝_袩袝袧小袠袨袧袧蝎袝小效袝孝袗_小袙袨袡小孝袙袗.孝袠袩袩袝袧小袠袨袧袧袨袚袨小效袝孝袗,TempTable,5
294,效邪褋褌褜_1,袙孝_袩袝袧小袠袨袧袧蝎袝小效袝孝袗_小袙袨袡小孝袙袗.袙袣袥袗袛效袠袣,TempTable,6
294,效邪褋褌褜_1,袙孝_袩袝袧小袠袨袧袧蝎袝小效袝孝袗_小袙袨袡小孝袙袗.校效袗小孝袧袠袣,TempTable,7
294,效邪褋褌褜_1,袙孝_袩袝袧小袠袨袧袧蝎袝袛袨袚袨袙袨袪蝎_小袙袨袡小孝袙袗.袧袨袦袝袪袛袨袚袨袙袨袪袗,TempTable,8
294,效邪褋褌褜_1,袙孝_袩袝袧小袠袨袧袧蝎袝袛袨袚袨袙袨袪蝎_小袙袨袡小孝袙袗.袛袗孝袗袟袗袣袥挟效袝袧袠携,TempTable,9
294,效邪褋褌褜_1,袙孝_袠袛袝袧孝袠肖袠袣袗孝袨袪蝎袣袨袧孝袪袗袚袝袧孝袨袙_袧袨袙蝎袝.袧袗袠袦袝袧袨袙袗袧袠袝袛袥携袨孝效袝孝袗,TempTable,10
294,效邪褋褌褜_1,袙孝_袠袛袝袧孝袠肖袠袣袗孝袨袪蝎袣袨袧孝袪袗袚袝袧孝袨袙.袠袛袝袧孝袠肖袠袣袗孝袨袪,TempTable,11
294,效邪褋褌褜_1,袙蝎袘袨袪,Unknown,12
294,效邪褋褌褜_1,袙孝_袠袛袝袧孝袠肖袠袣袗孝袨袪蝎袣袨袧孝袪袗袚袝袧孝袨袙_校效袗小孝袧袠袣袠.小袧袠袥小,TempTable,13
294,效邪褋褌褜_1,袙孝_袠袛袝袧孝袠肖袠袣袗孝袨袪蝎袣袨袧孝袪袗袚袝袧孝袨袙_校效袗小孝袧袠袣袠.袠袛袝袧孝袠肖袠袣袗孝袨袪肖袥_袠袧袧,TempTable,14
294,效邪褋褌褜_1,袙孝_袠袛袝袧孝袠肖袠袣袗孝袨袪蝎校效袗小孝袧袠袣袨袙.袠袛袝袧孝袠肖袠袣袗孝袨袪,TempTable,15
294,效邪褋褌褜_1,袙孝_肖袠袟袠效袝小袣袠袝袥袠笑袗_小袙袨袡小孝袙袗.袛袗孝袗袪袨袞袛袝袧袠携,TempTable,16
294,效邪褋褌褜_1,袝小孝鞋NULL,Unknown,17
294,效邪褋褌褜_1,袙孝_肖袠袟袠效袝小袣袠袝袥袠笑袗_小袙袨袡小孝袙袗.袩袨袥,TempTable,18
294,效邪褋褌褜_1,袙孝_小啸袝袦蝎_小袙袨袡小孝袙袗.袨孝袙袝孝小孝袙袝袧袧袨小孝鞋袟袗袛袨袩袨袥袧袠孝袝袥鞋袧袨袝肖袨袧袛袠袪袨袙袗袧袠袝,TempTable,19
294,效邪褋褌褜_1,袙孝_袦袚袛.小袪袨袣袚袗袪袗袧孝袠袪袨袙袗袧袧袨袚袨袛袨啸袨袛袗,TempTable,20
294,效邪褋褌褜_1,0,Unknown,21
294,效邪褋褌褜_1,袙孝_袩袝袧小袠袨袧袧蝎袝袛袨袚袨袙袨袪蝎_小袙袨袡小孝袙袗.校袪袨袙袝袧鞋袠袧袛袝袣小袗笑袠袠,TempTable,22
294,效邪褋褌褜_1,袙孝_小啸袝袦蝎_小袙袨袡小孝袙袗.袩袝袪袠袨袛袙蝎袩袥袗孝蝎,TempTable,23
294,效邪褋褌褜_1,__QM_B7444170E8F24143BE4F0549629FA91C__,Unknown,24
294,效邪褋褌褜_1,袙孝_袠袛袝袧孝袠肖袠袣袗孝袨袪蝎袣袨袧孝袪袗袚袝袧孝袨袙_袧袨袙蝎袝.袠袛袝袧孝袠肖袠袣袗孝袨袪袠袧袧,TempTable,25
294,效邪褋褌褜_1,袙孝_袠袛袝袧孝袠肖袠袣袗孝袨袪蝎袣袨袧孝袪袗袚袝袧孝袨袙_校效袗小孝袧袠袣袠.袠袛袝袧孝袠肖袠袣袗孝袨袪袠袧袧,TempTable,26
294,效邪褋褌褜_1,袙孝_袦袚袛.小袪袨袣袚袗袪袗袧孝袠袪袨袙袗袧袧袨袚袨袛袨啸袨袛袗_袪袗小楔袠肖袪袨袙袣袗,TempTable,27
294,效邪褋褌褜_1,袙孝_袩袝袧小袠袨袧袧蝎袝袛袨袚袨袙袨袪蝎_小袙袨袡小孝袙袗.校袪袨袙袝袧鞋袠袧袛袝袣小袗笑袠袠袪袗小楔袠肖袪袨袙袣袗,TempTable,28
294,效邪褋褌褜_1,ISNULL,Unknown,29
294,效邪褋褌褜_1,__QM_619F50A66FDA4BD1843B6F19580910B7__,Unknown,30
294,效邪褋褌褜_1,袙孝_袩袝袧小袠袨袧袧蝎袝小效袝孝袗_小袙袨袡小孝袙袗.袛袗孝袗小袥袝袛校挟些袝袡肖袠袣小袗笑袠袠,TempTable,31
294,效邪褋褌褜_1,__QM_8CF76D5353014BCF878556E1A1466BEB__,Unknown,32
294,效邪褋褌褜_1,袙孝_袩袝袧小袠袨袧袧蝎袝小效袝孝袗_小袙袨袡小孝袙袗.袧袨袦袝袪小效袝孝袗,TempTable,33
294,效邪褋褌褜_1,袙孝_袩袝袧小袠袨袧袧蝎袝小效袝孝袗_小袙袨袡小孝袙袗.袩袪袠效袠袧袗袟袗袣袪蝎孝袠携,TempTable,34
294,效邪褋褌褜_1,袙孝_袧袝孝袪袗袧袟袠孝袧蝎袝袙袠袛蝎袧袗效袗袥袨袣袨袧袝笑.袛袗孝袗袨袩袪袝袛袝袥袝袧袠携袨袘携袟袗孝袝袥鞋小孝袙,TempTable,35
294,效邪褋褌褜_1,__QM_67AB82EA777F4A4DB1DB2CF8C7C7BA02__,Unknown,36
294,效邪褋褌褜_1,袙孝_袩袝袧小袠袨袧袧蝎袝小效袝孝袗_小袙袨袡小孝袙袗,TempTable,37
294,效邪褋褌褜_1,袙孝_袧袝孝袪袗袧袟袠孝袧蝎袝袙袠袛蝎袧袗效袗袥袨袣袨袧袝笑,TempTable,38
294,效邪褋褌褜_1,袙孝_袩袝袧小袠袨袧袧蝎袝袛袨袚袨袙袨袪蝎_小袙袨袡小孝袙袗,TempTable,39
294,效邪褋褌褜_1,袙孝_袠袛袝袧孝袠肖袠袣袗孝袨袪蝎袣袨袧孝袪袗袚袝袧孝袨袙_小孝袗袪蝎袝,TempTable,40
294,效邪褋褌褜_1,袙孝_袠袛袝袧孝袠肖袠袣袗孝袨袪蝎袣袨袧孝袪袗袚袝袧孝袨袙,TempTable,41
294,效邪褋褌褜_1,袙孝_小啸袝袦蝎袩袝袧小袠袨袧袧蝎啸小效袝孝袨袙,TempTable,42
294,效邪褋褌褜_1,袙孝_小啸袝袦蝎_小袙袨袡小孝袙袗,TempTable,43
294,效邪褋褌褜_1,袙孝_小校袦袦蝎,TempTable,44
294,效邪褋褌褜_1,袙孝_肖袠袟袠效袝小袣袠袝袥袠笑袗,TempTable,45
294,效邪褋褌褜_1,袙孝_肖袠袟袠效袝小袣袠袝袥袠笑袗_小袙袨袡小孝袙袗,TempTable,46
294,效邪褋褌褜_1,袙孝_小袨小孝袨携袧袠携袩袝袧小袠袨袧袧蝎啸小效袝孝袨袙,TempTable,47
294,效邪褋褌褜_1,袙孝_袦袚袛,TempTable,48
294,效邪褋褌褜_1,袙孝_袩袝袪袠袨袛袠效袧袨小孝鞋袙蝎袩袥袗孝,TempTable,49
294,效邪褋褌褜_1,袙孝_袩袝袧小袠袨袧袧蝎袝小效袝孝袗_袧袗效袗袥袨袙蝎袩袥袗孝,TempTable,50
294,效邪褋褌褜_1,袙孝_袣袨袥袠效袝小孝袙袨袙蝎袩袥袗孝,TempTable,51
294,效邪褋褌褜_1,袙孝_袙蝎袩袥袗孝蝎,TempTable,52
294,效邪褋褌褜_1,袙孝_袩袝袪袝袙袨袛蝎,TempTable,53
294,效邪褋褌褜_1,袙孝_袨小孝袗孝袣袠袙蝎袩袥袗孝,TempTable,54
294,效邪褋褌褜_1,袙孝_袩袨小袥袝袛袧袠袝袙蝎袩袥袗孝蝎,TempTable,55
294,效邪褋褌褜_1,袙孝_袛袗孝蝎袨袣袨袧效袗袧袠携小袪袨效袧蝎啸袙蝎袩袥袗孝,TempTable,56
294,效邪褋褌褜_1,袙孝_校袦袝袪楔袠袝,TempTable,57
294,效邪褋褌褜_1,袙孝_袪袗袟袦袝袪袩袝袧小袠袡,TempTable,58
294,效邪褋褌褜_1,袙孝_袩袨小袥袝袛袧袠袝袙蝎袩袥袗孝蝎袩袨袪袝袚袠小孝袪校袙蝎袩袥袗孝,TempTable,59
294,效邪褋褌褜_1,袙孝_小袪袨效袧袠袣袠,TempTable,60
294,效邪褋褌褜_1,袙孝_袨小孝袗孝袣袠袧袗小袥袝袛袧袠袣袨袙,TempTable,61
294,效邪褋褌褜_1,袙孝_袪袗小效袝孝袧蝎袝小校袦袦蝎袩袩,TempTable,62
294,效邪褋褌褜_1,袙孝_袪袗小效袝孝袧袗携袛袗孝袗袙小,TempTable,63
294,效邪褋褌褜_1,袪袝袚袠小孝袪小袙袝袛袝袧袠袡.校袩_袩袝袧小袠袨袧袧蝎袝袩袪袗袙袠袥袗.小袪袝袟袩袨小袥袝袛袧袠啸,InformationRegister,64
295,效邪褋褌褜_2,袙蝎袘袨袪,Unknown,1
295,效邪褋褌褜_2,"袙孝_袩袝袧小袠袨袧袧蝎袝小效袝孝袗_小袙袨袡小孝袙袗.孝袠袩袙袣袥袗袛效袠袣袗,",TempTable,2
295,效邪褋褌褜_2,"袙孝_袩袝袧小袠袨袧袧蝎袝小效袝孝袗_小袙袨袡小孝袙袗.袩袝袧小袠袨袧袧蝎袡袛袨袚袨袙袨袪,",TempTable,3
295,效邪褋褌褜_2,"袙孝_袩袝袧小袠袨袧袧蝎袝小效袝孝袗_小袙袨袡小孝袙袗.袙袣袥袗袛效袠袣,",TempTable,4
295,效邪褋褌褜_2,"袙孝_袩袝袧小袠袨袧袧蝎袝袛袨袚袨袙袨袪蝎_小袙袨袡小孝袙袗.袧袨袦袝袪袛袨袚袨袙袨袪袗,",TempTable,5
295,效邪褋褌褜_2,"袙孝_袠袛袝袧孝袠肖袠袣袗孝袨袪蝎袣袨袧孝袪袗袚袝袧孝袨袙_袧袨袙蝎袝.袧袗袠袦袝袧袨袙袗袧袠袝袛袥携袨孝效袝孝袗,",TempTable,6
295,效邪褋褌褜_2,__QM_2A77570DBEB445EB88AF3221A9C6591F__,Unknown,7
295,效邪褋褌褜_2,__QM_7DF7A9991AFF4008981F2552203D0EE8__,Unknown,8
295,效邪褋褌褜_2,__QM_AE6B1629F53E401CB14EE06C2CD00084__,Unknown,9
295,效邪褋褌褜_2,"__QM_A2B9E45C5ABB4BDCB6CBA41D4DB0AC99__,",Unknown,10
295,效邪褋褌褜_2,"__QM_619010129CA746978F4EC4EBDEA93980__,",Unknown,11
295,效邪褋褌褜_2,"__QM_F24F68F73C83405FABA1BF6347B222EA__,",Unknown,12
295,效邪褋褌褜_2,"袙孝_小啸袝袦蝎_小袙袨袡小孝袙袗.袨孝袙袝孝小孝袙袝袧袧袨小孝鞋袟袗袛袨袩袨袥袧袠孝袝袥鞋袧袨袝肖袨袧袛袠袪袨袙袗袧袠袝,",TempTable,13
295,效邪褋褌褜_2,"袙孝_袦袚袛.小袪袨袣袚袗袪袗袧孝袠袪袨袙袗袧袧袨袚袨袛袨啸袨袛袗,",TempTable,14
295,效邪褋褌褜_2,"__QM_120D43FF3CC64791A469A8C579034393__,",Unknown,15
295,效邪褋褌褜_2,袝小孝鞋NULL,Unknown,16
295,效邪褋褌褜_2,"__QM_198A04A2FF894DD391B2B4C39CD72BE7__,",Unknown,17
295,效邪褋褌褜_2,"__QM_5BF30561D3A44A2D8F96281BC2A2CA84__,",Unknown,18
295,效邪褋褌褜_2,"__QM_AB7AD3E5056049DB9C2BF98E23482160__,",Unknown,19
295,效邪褋褌褜_2,"0,",Unknown,20
295,效邪褋褌褜_2,袙蝎袪袗袟袠孝鞋,Unknown,21
295,效邪褋褌褜_2,"__QM_6AEFB1A6300446DA9A46124E9BE3BB52__,",Unknown,22
295,效邪褋褌褜_2,"__QM_614FAAFFF1C24533A8D345C466A1CC3C__,",Unknown,23
295,效邪褋褌褜_2,__QM_8340F4FCDDCB4F03A7E11D2DDAF57DDB__,Unknown,24
295,效邪褋褌褜_2,0,Unknown,25
295,效邪褋褌褜_2,__QM_9D48BCC63F37404FAC020E4889DC6D09__,Unknown,26
295,效邪褋褌褜_2,袙孝_袩袝袧小袠袨袧袧蝎袝小效袝孝袗_小袙袨袡小孝袙袗.袛袗孝袗小袥袝袛校挟些袝袡肖袠袣小袗笑袠袠,TempTable,27
295,效邪褋褌褜_2,__QM_87489CDF191348E49BEAB5A5D1D5576B__,Unknown,28
295,效邪褋褌褜_2,"袙孝_袩袝袧小袠袨袧袧蝎袝小效袝孝袗_小袙袨袡小孝袙袗.袧袨袦袝袪小效袝孝袗,",TempTable,29
295,效邪褋褌褜_2,__QM_6879896CEE424101B3F3013EA1B93283__,Unknown,30
295,效邪褋褌褜_2,ISNULL,Unknown,31
295,效邪褋褌褜_2,"袙孝_袩袝袧小袠袨袧袧蝎袝小效袝孝袗_小袙袨袡小孝袙袗.袩袪袠效袠袧袗袟袗袣袪蝎孝袠携,",TempTable,32
295,效邪褋褌褜_2,__QM_D5FAC71937F340648744652A0FFDC47A__,Unknown,33
295,效邪褋褌褜_2,袙孝_袩袝袧小袠袨袧袧蝎袝小效袝孝袗_袧袝袠袩小,TempTable,34
295,效邪褋褌褜_2,袙孝_袧袝孝袪袗袧袟袠孝袧蝎袝袙袠袛蝎袧袗效袗袥袨袣袨袧袝笑,TempTable,35
295,效邪褋褌褜_2,袙孝_袩袝袧小袠袨袧袧蝎袝小效袝孝袗_小袙袨袡小孝袙袗,TempTable,36
295,效邪褋褌褜_2,袙孝_袩袝袧小袠袨袧袧蝎袝袛袨袚袨袙袨袪蝎_小袙袨袡小孝袙袗,TempTable,37
295,效邪褋褌褜_2,袙孝_袠袛袝袧孝袠肖袠袣袗孝袨袪蝎袣袨袧孝袪袗袚袝袧孝袨袙_小孝袗袪蝎袝,TempTable,38
295,效邪褋褌褜_2,袙孝_袠袛袝袧孝袠肖袠袣袗孝袨袪蝎袣袨袧孝袪袗袚袝袧孝袨袙,TempTable,39
295,效邪褋褌褜_2,袙孝_袦袚袛,TempTable,40
295,效邪褋褌褜_2,袙孝_小啸袝袦蝎袩袝袧小袠袨袧袧蝎啸小效袝孝袨袙,TempTable,41
295,效邪褋褌褜_2,袙孝_小啸袝袦蝎_小袙袨袡小孝袙袗,TempTable,42
295,效邪褋褌褜_2,袙孝_小校袦袦蝎,TempTable,43
295,效邪褋褌褜_2,袙孝_袙蝎袩袥袗孝蝎,TempTable,44
295,效邪褋褌褜_2,袙孝_袩袝袪袝袙袨袛蝎,TempTable,45
295,效邪褋褌褜_2,袙孝_小袨小孝袨携袧袠携袩袝袧小袠袨袧袧蝎啸小效袝孝袨袙,TempTable,46
295,效邪褋褌褜_2,袙孝_袪袗小效袝孝袧蝎袝小校袦袦蝎袩袩,TempTable,47
295,效邪褋褌褜_2,袙孝_袪袗小效袝孝袧袗携袛袗孝袗袙小,TempTable,48
295,效邪褋褌褜_2,袙孝_袛袨袩袨袥袧袠孝袝袥鞋袧袨袙蝎袣校袩袧袗携袙袣袛袗效袠袣校袧袝孝小袩孝,TempTable,49
296,效邪褋褌褜_3,袙孝_孝袪袗袧袟袠孝袧蝎袝袙袠袛蝎.袙袠袛袨袘携袟袗孝袝袥鞋小孝袙,TempTable,1
296,效邪褋褌褜_3,袙孝_袩小_小袙袨袡小孝袙袗_孝袪袗袧袟袠孝袧蝎袝袨袘携袟袗孝袝袥鞋小孝袙袗.孝袠袩袙袣袥袗袛效袠袣袗,TempTable,2
296,效邪褋褌褜_3,袙孝_袩小_小袙袨袡小孝袙袗_孝袪袗袧袟袠孝袧蝎袝袨袘携袟袗孝袝袥鞋小孝袙袗.袩袝袧小袠袨袧袧蝎袡小效袝孝,TempTable,3
296,效邪褋褌褜_3,袙孝_袩小_小袙袨袡小孝袙袗_孝袪袗袧袟袠孝袧蝎袝袨袘携袟袗孝袝袥鞋小孝袙袗.袩袝袧小袠袨袧袧蝎袡袛袨袚袨袙袨袪,TempTable,4
296,效邪褋褌褜_3,袙孝_袩小_小袙袨袡小孝袙袗_孝袪袗袧袟袠孝袧蝎袝袨袘携袟袗孝袝袥鞋小孝袙袗.孝袠袩袩袝袧小袠袨袧袧袨袚袨小效袝孝袗,TempTable,5
296,效邪褋褌褜_3,袙孝_袩小_小袙袨袡小孝袙袗_孝袪袗袧袟袠孝袧蝎袝袨袘携袟袗孝袝袥鞋小孝袙袗.袙袣袥袗袛效袠袣,TempTable,6
296,效邪褋褌褜_3,袙孝_袩小_小袙袨袡小孝袙袗_孝袪袗袧袟袠孝袧蝎袝袨袘携袟袗孝袝袥鞋小孝袙袗.校效袗小孝袧袠袣,TempTable,7
296,效邪褋褌褜_3,袙孝_袩袝袧小袠袨袧袧蝎袝袛袨袚袨袙袨袪蝎_小袙袨袡小孝袙袗.袧袨袦袝袪袛袨袚袨袙袨袪袗,TempTable,8
296,效邪褋褌褜_3,袙孝_袩袝袧小袠袨袧袧蝎袝袛袨袚袨袙袨袪蝎_小袙袨袡小孝袙袗.袛袗孝袗袟袗袣袥挟效袝袧袠携,TempTable,9
296,效邪褋褌褜_3,袙孝_袠袛袝袧孝袠肖袠袣袗孝袨袪蝎袣袨袧孝袪袗袚袝袧孝袨袙_袧袨袙蝎袝.袧袗袠袦袝袧袨袙袗袧袠袝袛袥携袨孝效袝孝袗,TempTable,10
296,效邪褋褌褜_3,袙孝_袠袛袝袧孝袠肖袠袣袗孝袨袪蝎袣袨袧孝袪袗袚袝袧孝袨袙.袠袛袝袧孝袠肖袠袣袗孝袨袪,TempTable,11
296,效邪褋褌褜_3,袙蝎袘袨袪,Unknown,12
296,效邪褋褌褜_3,袙孝_袠袛袝袧孝袠肖袠袣袗孝袨袪蝎袣袨袧孝袪袗袚袝袧孝袨袙_校效袗小孝袧袠袣袠.小袧袠袥小,TempTable,13
296,效邪褋褌褜_3,袙孝_袠袛袝袧孝袠肖袠袣袗孝袨袪蝎袣袨袧孝袪袗袚袝袧孝袨袙_校效袗小孝袧袠袣袠.袠袛袝袧孝袠肖袠袣袗孝袨袪肖袥_袠袧袧,TempTable,14
296,效邪褋褌褜_3,袙孝_袠袛袝袧孝袠肖袠袣袗孝袨袪蝎校效袗小孝袧袠袣袨袙.袠袛袝袧孝袠肖袠袣袗孝袨袪,TempTable,15
296,效邪褋褌褜_3,袙孝_肖袠袟袠效袝小袣袠袝袥袠笑袗_小袙袨袡小孝袙袗.袛袗孝袗袪袨袞袛袝袧袠携,TempTable,16
296,效邪褋褌褜_3,袝小孝鞋NULL,Unknown,17
296,效邪褋褌褜_3,袙孝_肖袠袟袠效袝小袣袠袝袥袠笑袗_小袙袨袡小孝袙袗.袩袨袥,TempTable,18
296,效邪褋褌褜_3,袙孝_小啸袝袦蝎_小袙袨袡小孝袙袗.袨孝袙袝孝小孝袙袝袧袧袨小孝鞋袟袗袛袨袩袨袥袧袠孝袝袥鞋袧袨袝肖袨袧袛袠袪袨袙袗袧袠袝,TempTable,19
296,效邪褋褌褜_3,袙孝_袦袚袛.小袪袨袣袚袗袪袗袧孝袠袪袨袙袗袧袧袨袚袨袛袨啸袨袛袗,TempTable,20
296,效邪褋褌褜_3,0,Unknown,21
296,效邪褋褌褜_3,袙孝_袩袝袧小袠袨袧袧蝎袝袛袨袚袨袙袨袪蝎_小袙袨袡小孝袙袗.校袪袨袙袝袧鞋袠袧袛袝袣小袗笑袠袠,TempTable,22
296,效邪褋褌褜_3,袙孝_孝袪袗袧袟袠孝袧蝎袝袙袠袛蝎.袧袗效袗袥鞋袧蝎袡袨小孝袗孝袨袣20,TempTable,23
296,效邪褋褌褜_3,袙孝_小啸袝袦蝎_小袙袨袡小孝袙袗.袩袝袪袠袨袛袙蝎袩袥袗孝蝎,TempTable,24
296,效邪褋褌褜_3,__QM_0761DA506B6F4866AA41F7552556F116__,Unknown,25
296,效邪褋褌褜_3,袙孝_孝袪袗袧袟袠孝袧蝎袝袙袠袛蝎.袙袟袧袨小蝎26,TempTable,26
296,效邪褋褌褜_3,袙孝_孝袪袗袧袟袠孝袧蝎袝袙袠袛蝎.袠袧袙袝小孝袠笑袠袨袧袧蝎袡袛袨啸袨袛27,TempTable,27
296,效邪褋褌褜_3,袙孝_孝袪袗袧袟袠孝袧蝎袝袙袠袛蝎.袩袝袪袝袙袨袛28,TempTable,28
296,效邪褋褌褜_3,袙孝_孝袪袗袧袟袠孝袧蝎袝袙袠袛蝎.袩袝袪袝袙袨袛袙袪袝袟袝袪袙蝎28袗,TempTable,29
296,效邪褋褌褜_3,袙孝_孝袪袗袧袟袠孝袧蝎袝袙袠袛蝎.袠袧蝎袝袩袝袪袝袙袨袛蝎29,TempTable,30
296,效邪褋褌褜_3,袙孝_孝袪袗袧袟袠孝袧蝎袝袙袠袛蝎.袩袝袧小袠携30,TempTable,31
296,效邪褋褌褜_3,袙孝_孝袪袗袧袟袠孝袧蝎袝袙袠袛蝎.袙蝎袣校袩袧袗携小校袦袦袗31,TempTable,32
296,效邪褋褌褜_3,袙孝_孝袪袗袧袟袠孝袧蝎袝袙袠袛蝎.袙蝎袩袥袗孝袗袩袪袗袙袨袩袪袝袝袦袧袠袣袗袦32,TempTable,33
296,效邪褋褌褜_3,袙孝_孝袪袗袧袟袠孝袧蝎袝袙袠袛蝎.袣袨袧袝效袧蝎袡袨小孝袗孝袨袣33,TempTable,34
296,效邪褋褌褜_3,袙孝_袠袛袝袧孝袠肖袠袣袗孝袨袪蝎袣袨袧孝袪袗袚袝袧孝袨袙_袧袨袙蝎袝.袠袛袝袧孝袠肖袠袣袗孝袨袪袠袧袧,TempTable,35
296,效邪褋褌褜_3,袙孝_袠袛袝袧孝袠肖袠袣袗孝袨袪蝎袣袨袧孝袪袗袚袝袧孝袨袙_校效袗小孝袧袠袣袠.袠袛袝袧孝袠肖袠袣袗孝袨袪袠袧袧,TempTable,36
296,效邪褋褌褜_3,袙孝_袦袚袛.小袪袨袣袚袗袪袗袧孝袠袪袨袙袗袧袧袨袚袨袛袨啸袨袛袗_袪袗小楔袠肖袪袨袙袣袗,TempTable,37
296,效邪褋褌褜_3,袙孝_袩袝袧小袠袨袧袧蝎袝袛袨袚袨袙袨袪蝎_小袙袨袡小孝袙袗.校袪袨袙袝袧鞋袠袧袛袝袣小袗笑袠袠袪袗小楔袠肖袪袨袙袣袗,TempTable,38
296,效邪褋褌褜_3,ISNULL,Unknown,39
296,效邪褋褌褜_3,__QM_C7643B0069514FC2A9C70687F378CB71__,Unknown,40
296,效邪褋褌褜_3,袙孝_袩小_小袙袨袡小孝袙袗_孝袪袗袧袟袠孝袧蝎袝袨袘携袟袗孝袝袥鞋小孝袙袗.袛袗孝袗小袥袝袛校挟些袝袡肖袠袣小袗笑袠袠,TempTable,41
296,效邪褋褌褜_3,__QM_475A73A5B4634D8CBEB272B40151C7A9__,Unknown,42
296,效邪褋褌褜_3,袙孝_袩小_小袙袨袡小孝袙袗_孝袪袗袧袟袠孝袧蝎袝袨袘携袟袗孝袝袥鞋小孝袙袗.袧袨袦袝袪小效袝孝袗,TempTable,43
296,效邪褋褌褜_3,袙孝_袩小_小袙袨袡小孝袙袗_孝袪袗袧袟袠孝袧蝎袝袨袘携袟袗孝袝袥鞋小孝袙袗.袩袪袠效袠袧袗袟袗袣袪蝎孝袠携,TempTable,44
296,效邪褋褌褜_3,袙孝_孝袪袗袧袟袠孝袧蝎袝袙袠袛蝎.袛袗孝袗袨袩袪袝袛袝袥袝袧袠携袨袘携袟袗孝袝袥鞋小孝袙,TempTable,45
296,效邪褋褌褜_3,__QM_78F406C697D8486D99BD3BA679CDF653__,Unknown,46
296,效邪褋褌褜_3,袙孝_孝袪袗袧袟袠孝袧蝎袝袙袠袛蝎袧袗效袗袥袨袣袨袧袝笑_小校袦袦蝎,TempTable,47
296,效邪褋褌褜_3,袙孝_袩袝袧小袠袨袧袧蝎袝小效袝孝袗_小袙袨袡小孝袙袗_孝袪袗袧袟袠孝袧蝎袝袨袘携袟袗孝袝袥鞋小孝袙袗,TempTable,48
296,效邪褋褌褜_3,袙孝_小啸袝袦蝎袩袝袧小袠袨袧袧蝎啸小效袝孝袨袙_孝袪袗袧袟袠孝袧蝎袝袨袘携袟袗孝袝袥鞋小孝袙袗,TempTable,49
296,效邪褋褌褜_3,袙孝_小啸袝袦蝎_小袙袨袡小孝袙袗,TempTable,50
296,效邪褋褌褜_3,袙孝_袩袝袧小袠袨袧袧蝎袝袛袨袚袨袙袨袪蝎_小袙袨袡小孝袙袗,TempTable,51
296,效邪褋褌褜_3,袙孝_袠袛袝袧孝袠肖袠袣袗孝袨袪蝎袣袨袧孝袪袗袚袝袧孝袨袙_小孝袗袪蝎袝,TempTable,52
296,效邪褋褌褜_3,袙孝_袠袛袝袧孝袠肖袠袣袗孝袨袪蝎袣袨袧孝袪袗袚袝袧孝袨袙,TempTable,53
296,效邪褋褌褜_3,袙孝_肖袠袟袠效袝小袣袠袝袥袠笑袗,TempTable,54
296,效邪褋褌褜_3,袙孝_肖袠袟袠效袝小袣袠袝袥袠笑袗_小袙袨袡小孝袙袗,TempTable,55
296,效邪褋褌褜_3,袙孝_小袨小孝袨携袧袠携袩袝袧小袠袨袧袧蝎啸小效袝孝袨袙,TempTable,56
296,效邪褋褌褜_3,袙孝_袦袚袛,TempTable,57
296,效邪褋褌褜_3,袙孝_袩袝袪袠袨袛袠效袧袨小孝鞋袙蝎袩袥袗孝,TempTable,58
296,效邪褋褌褜_3,袙孝_袩袝袧小袠袨袧袧蝎袝小效袝孝袗_袧袗效袗袥袨袙蝎袩袥袗孝,TempTable,59
296,效邪褋褌褜_3,袙孝_袣袨袥袠效袝小孝袙袨袙蝎袩袥袗孝,TempTable,60
296,效邪褋褌褜_3,袙孝_小校袦袦蝎,TempTable,61
296,效邪褋褌褜_3,袙孝_袙蝎袩袥袗孝蝎,TempTable,62
296,效邪褋褌褜_3,袙孝_袩袝袪袝袙袨袛蝎,TempTable,63
296,效邪褋褌褜_3,袙孝_袨小孝袗孝袣袠袙蝎袩袥袗孝,TempTable,64
296,效邪褋褌褜_3,袙孝_袩袨小袥袝袛袧袠袝袙蝎袩袥袗孝蝎,TempTable,65
296,效邪褋褌褜_3,袙孝_袛袗孝蝎袨袣袨袧效袗袧袠携小袪袨效袧蝎啸袙蝎袩袥袗孝,TempTable,66
296,效邪褋褌褜_3,袙孝_校袦袝袪楔袠袝,TempTable,67
296,效邪褋褌褜_3,袙孝_袪袗袟袦袝袪袩袝袧小袠袡,TempTable,68
296,效邪褋褌褜_3,袙孝_袩袨小袥袝袛袧袠袝袙蝎袩袥袗孝蝎袩袨袪袝袚袠小孝袪校袙蝎袩袥袗孝,TempTable,69
296,效邪褋褌褜_3,袙孝_小袪袨效袧袠袣袠,TempTable,70
296,效邪褋褌褜_3,袙孝_袨小孝袗孝袣袠袧袗小袥袝袛袧袠袣袨袙,TempTable,71
296,效邪褋褌褜_3,袙孝_袪袗小效袝孝袧蝎袝小校袦袦蝎袩袩,TempTable,72
296,效邪褋褌褜_3,袙孝_袪袗小效袝孝袧袗携袛袗孝袗袙小,TempTable,73
296,效邪褋褌褜_3,袙孝_袩袝袧小袠袨袧袧蝎袝小效袝孝袗_小袙袨袡小孝袙袗,TempTable,74
296,效邪褋褌褜_3,袪袝袚袠小孝袪小袙袝袛袝袧袠袡.校袩_袩袝袧小袠袨袧袧蝎袝袩袪袗袙袠袥袗.小袪袝袟袩袨小袥袝袛袧袠啸,InformationRegister,75
297,袙孝_258袧袩袨,袙孝_袪袝袟校袥鞋孝袗孝袩袪袝袛袙.袙袠袛袨袘携袟袗孝袝袥鞋小孝袙_袚袪1袗,TempTable,1
297,袙孝_258袧袩袨,袙孝_袪袝袟校袥鞋孝袗孝袩袪袝袛袙.袧袨袦袝袪袛袨袚袨袙袨袪袗2,TempTable,2
297,袙孝_258袧袩袨,袙孝_袪袝袟校袥鞋孝袗孝袩袪袝袛袙.袛袗孝袗袟袗袣袥挟效袝袧袠携3,TempTable,3
297,袙孝_258袧袩袨,袙孝_袪袝袟校袥鞋孝袗孝袩袪袝袛袙.袧袗袠袦袝袧袨袙袗袧袠袝袙袣袥袗袛效袠袣袗4,TempTable,4
297,袙孝_258袧袩袨,袙孝_袪袝袟校袥鞋孝袗孝袩袪袝袛袙.袧袨袦袝袪小效袝孝袗6,TempTable,5
297,袙孝_258袧袩袨,袙孝_袪袝袟校袥鞋孝袗孝袩袪袝袛袙.袠袛袝袧孝袠肖袠袣袗孝袨袪肖袥_小袧袠袥小_6,TempTable,6
297,袙孝_258袧袩袨,袙孝_袪袝袟校袥鞋孝袗孝袩袪袝袛袙.袠袛袝袧孝袠肖袠袣袗孝袨袪肖袥_袠袧袧_7,TempTable,7
297,袙孝_258袧袩袨,袙孝_袪袝袟校袥鞋孝袗孝袩袪袝袛袙.袛袗孝袗袪袨袞袛袝袧袠携8,TempTable,8
297,袙孝_258袧袩袨,袙孝_袪袝袟校袥鞋孝袗孝袩袪袝袛袙.袛袗孝袗小袦袝袪孝袠9,TempTable,9
297,袙孝_258袧袩袨,袙孝_袪袝袟校袥鞋孝袗孝袩袪袝袛袙.袩袨袥10,TempTable,10
297,袙孝_258袧袩袨,袙孝_袪袝袟校袥鞋孝袗孝袩袪袝袛袙.袧袨袦袝袪小啸袝袦蝎11,TempTable,11
297,袙孝_258袧袩袨,袙孝_袪袝袟校袥鞋孝袗孝袩袪袝袛袙.小孝袗孝校小校效袗小孝袧袠袣袗12,TempTable,12
297,袙孝_258袧袩袨,袙孝_袪袝袟校袥鞋孝袗孝袩袪袝袛袙.肖袨袧袛袠袪袨袙袗袧袠袝13,TempTable,13
297,袙孝_258袧袩袨,袙孝_袪袝袟校袥鞋孝袗孝袩袪袝袛袙.袨孝袙袝孝小孝袙袝袧袧袨小孝鞋袟袗袛袨袩袨袥袧袠孝袝袥鞋袧袨袝肖袨袧袛袠袪袨袙袗袧袠袝14,TempTable,14
297,袙孝_258袧袩袨,袙孝_袪袝袟校袥鞋孝袗孝袩袪袝袛袙.袦袠袧袠袦袗袥鞋袧袗携袚袗袪袗袧孝袠袪袨袙袗袧袧袗携袛袨啸袨袛袧袨小孝鞋15,TempTable,15
297,袙孝_258袧袩袨,袙孝_袪袝袟校袥鞋孝袗孝袩袪袝袛袙.小袪袨袣袚袗袪袗袧孝袠袪袨袙袗袧袧袨袚袨袛袨啸袨袛袗16,TempTable,16
297,袙孝_258袧袩袨,袙孝_袪袝袟校袥鞋孝袗孝袩袪袝袛袙.袙袝袥袠效袠袧袗袠袧袛袝袣小袗笑袠袠17,TempTable,17
297,袙孝_258袧袩袨,袙孝_袪袝袟校袥鞋孝袗孝袩袪袝袛袙.袟袗袙袠小袠袦袨小孝鞋校袪袨袙袧携袠袧袛袝袣小袗笑袠袠18,TempTable,18
297,袙孝_258袧袩袨,袙孝_袪袝袟校袥鞋孝袗孝袩袪袝袛袙.袧袗小袥袝袛袨袙袗袧袠袝19,TempTable,19
297,袙孝_258袧袩袨,袙孝_袪袝袟校袥鞋孝袗孝袩袪袝袛袙.袧袗效袗袥鞋袧蝎袡袨小孝袗孝袨袣20,TempTable,20
297,袙孝_258袧袩袨,袙孝_袪袝袟校袥鞋孝袗孝袩袪袝袛袙.袛袗孝袗袧袗效袗袥袗袙蝎袩袥袗孝袧袨袚袨袩袝袪袠袨袛袗21,TempTable,21
297,袙孝_258袧袩袨,袙孝_袪袝袟校袥鞋孝袗孝袩袪袝袛袙.袩袝袪袠袨袛袙蝎袩袥袗孝蝎22,TempTable,22
297,袙孝_258袧袩袨,袙孝_袪袝袟校袥鞋孝袗孝袩袪袝袛袙.袩袝袪袠袨袛袠效袧袨小孝鞋袙蝎袩袥袗孝23,TempTable,23
297,袙孝_258袧袩袨,袙孝_袪袝袟校袥鞋孝袗孝袩袪袝袛袙.袛袗孝袗袨袣袨袧效袗袧袠携袙蝎袩袥袗孝24,TempTable,24
297,袙孝_258袧袩袨,袙孝_袪袝袟校袥鞋孝袗孝袩袪袝袛袙.袛袗孝袗袙蝎啸袨袛袗校效袗小孝袧袠袣袗25,TempTable,25
297,袙孝_258袧袩袨,袙孝_袪袝袟校袥鞋孝袗孝袩袪袝袛袙.袙袟袧袨小蝎26,TempTable,26
297,袙孝_258袧袩袨,袙孝_袪袝袟校袥鞋孝袗孝袩袪袝袛袙.袠袧袙袝小孝袠笑袠袨袧袧蝎袡袛袨啸袨袛27,TempTable,27
297,袙孝_258袧袩袨,袙孝_袪袝袟校袥鞋孝袗孝袩袪袝袛袙.袩袝袪袝袙袨袛28,TempTable,28
297,袙孝_258袧袩袨,袙孝_袪袝袟校袥鞋孝袗孝袩袪袝袛袙.袩袝袪袝袙袨袛袙袪袝袟袝袪袙蝎28袗,TempTable,29
297,袙孝_258袧袩袨,袙孝_袪袝袟校袥鞋孝袗孝袩袪袝袛袙.袠袧蝎袝袩袝袪袝袙袨袛蝎29,TempTable,30
297,袙孝_258袧袩袨,袙孝_袪袝袟校袥鞋孝袗孝袩袪袝袛袙.袩袝袧小袠携30,TempTable,31
297,袙孝_258袧袩袨,袙孝_袪袝袟校袥鞋孝袗孝袩袪袝袛袙.袙蝎袣校袩袧袗携小校袦袦袗31,TempTable,32
297,袙孝_258袧袩袨,袙孝_袪袝袟校袥鞋孝袗孝袩袪袝袛袙.袙蝎袩袥袗孝袗袩袪袗袙袨袩袪袝袝袦袧袠袣袗袦32,TempTable,33
297,袙孝_258袧袩袨,0,Unknown,34
297,袙孝_258袧袩袨,袙孝_袪袝袟校袥鞋孝袗孝袩袪袝袛袙.袣袨袧袝效袧蝎袡袨小孝袗孝袨袣33,TempTable,35
297,袙孝_258袧袩袨,袙孝_袪袝袟校袥鞋孝袗孝袩袪袝袛袙.小校袦袦袗袨袘携袟袗孝袝袥鞋小孝袙袩袨袙小袧袗袣袨袧袝笑34,TempTable,36
297,袙孝_258袧袩袨,袙孝_袪袝袟校袥鞋孝袗孝袩袪袝袛袙.袪袗小效袝孝袧袗携小校袦袦袗袩袩43,TempTable,37
297,袙孝_258袧袩袨,袙孝_袪袝袟校袥鞋孝袗孝袩袪袝袛袙.孝袠袩袛袨袚袨袙袨袪袗36,TempTable,38
297,袙孝_258袧袩袨,袙孝_袪袝袟校袥鞋孝袗孝袩袪袝袛袙.袪袗袟袦袝袪袩袝袧小袠袠37,TempTable,39
297,袙孝_258袧袩袨,袙孝_袪袝袟校袥鞋孝袗孝袩袪袝袛袙.袛袗孝袗袧袗袟袧袗效袝袧袠携袩袝袧小袠袠38,TempTable,40
297,袙孝_258袧袩袨,袙孝_袪袝袟校袥鞋孝袗孝袩袪袝袛袙.袛袗孝袗袩袪袠袨小孝袗袧袨袙袣袠袙蝎袩袥袗孝38_1,TempTable,41
297,袙孝_258袧袩袨,袙孝_袪袝袟校袥鞋孝袗孝袩袪袝袛袙.袟袗袛袨袥袞袝袧袧袨小孝鞋袩袝袧小袠袠38_2,TempTable,42
297,袙孝_258袧袩袨,袙孝_袪袝袟校袥鞋孝袗孝袩袪袝袛袙.袚袪袗肖袗39,TempTable,43
297,袙孝_258袧袩袨,袙孝_袪袝袟校袥鞋孝袗孝袩袪袝袛袙.袩袝袪袠袨袛袚袗袪袗袧孝袠袡袧袨袚袨袙袨小袩袨袥袧袝袧袠携39_1,TempTable,44
297,袙孝_258袧袩袨,袙孝_袪袝袟校袥鞋孝袗孝袩袪袝袛袙.袛袗孝袗袧袗效袗袥袗袩袝袪袠袨袛袗肖袠袣小袗笑袠袠39_2,TempTable,45
297,袙孝_258袧袩袨,袙孝_袪袝袟校袥鞋孝袗孝袩袪袝袛袙.袠袧袙袝小孝袛袨啸袨袛袣肖袠袣小袗笑袠袠39_3,TempTable,46
297,袙孝_258袧袩袨,袙孝_袪袝袟校袥鞋孝袗孝袩袪袝袛袙.袚袪校袩袩袗袪袗袟袛袝袥鞋袧袨袚袨校效袝孝袗40,TempTable,47
297,袙孝_258袧袩袨,袙孝_袪袝袟校袥鞋孝袗孝袩袪袝袛袙.袙袠袛袩袝袧小袠袨袧袧袨袡袩袪袨袚袪袗袦袦蝎,TempTable,48
297,袙孝_258袧袩袨,袙孝_袪袝袟校袥鞋孝袗孝袩袪袝袛袙.袛袗孝袗袨小袧袨袙袗袧袠袡袠袟歇携孝袠携42,TempTable,49
297,袙孝_258袧袩袨,袙孝_袪袝袟校袥鞋孝袗孝袩袪袝袛袙.校小袥袨袙袠袝袩袪携袦袨袚袨校效袗小孝袠携_袦袨袛袝袥鞋袨笑袝袧袣袠43,TempTable,50
297,袙孝_258袧袩袨,袙孝_袪袝袟校袥鞋孝袗孝袩袪袝袛袙.袠袛袝袧孝袠肖袠袣袗孝袨袪袙袣袥袗袛效袠袣袗,TempTable,51
297,袙孝_258袧袩袨,袙孝_袪袝袟校袥鞋孝袗孝袩袪袝袛袙.袠袛袝袧孝袠肖袠袣袗孝袨袪校效袗小孝袧袠袣袗,TempTable,52
297,袙孝_258袧袩袨,袙孝_袪袝袟校袥鞋孝袗孝袩袪袝袛袙.小袪袨袣袚袗袪袗袧孝袠袪袨袙袗袧袧袨袚袨袛袨啸袨袛袗16_袪袗小楔袠肖袪袨袙袣袗,TempTable,53
297,袙孝_258袧袩袨,袙孝_袪袝袟校袥鞋孝袗孝袩袪袝袛袙.袟袗袙袠小袠袦袨小孝鞋校袪袨袙袧携袠袧袛袝袣小袗笑袠袠18_袪袗小楔袠肖袪袨袙袣袗,TempTable,54
297,袙孝_258袧袩袨,袙孝_袪袝袟校袥鞋孝袗孝袩袪袝袛袙.袧袨袦袝袪小效袝孝袗,TempTable,55
297,袙孝_258袧袩袨,袙孝_袪袝袟校袥鞋孝袗孝袩袪袝袛袙.孝袠袩袙袣袥袗袛效袠袣袗,TempTable,56
297,袙孝_258袧袩袨,袙孝_袪袝袟校袥鞋孝袗孝袩袪袝袛袙.孝袠袩袩袝袧小袠袨袧袧袨袚袨小效袝孝袗,TempTable,57
297,袙孝_258袧袩袨,袙孝_袪袝袟校袥鞋孝袗孝袩袪袝袛袙.袛袗孝袗袨袩袪袝袛袝袥袝袧袠携袨袘携袟袗孝袝袥鞋小孝袙,TempTable,58
297,袙孝_258袧袩袨,袙孝_袪袝袟校袥鞋孝袗孝袩袪袝袛袙.袠袟袦袝袧袝袧袠携袨袘携袟袗孝袝袥鞋小孝袙,TempTable,59
297,袙孝_258袧袩袨,袙孝_袪袝袟校袥鞋孝袗孝袩袪袝袛袙,TempTable,60
