node_id,alias,primary_table,is_virtual,join_type
16,袙懈写褘袛芯泻褍屑械薪褌芯胁肖懈蟹懈褔械褋泻懈褏袥懈褑,小锌褉邪胁芯褔薪懈泻.袙懈写褘袛芯泻褍屑械薪褌芯胁肖懈蟹懈褔械褋泻懈褏袥懈褑,0,袠袟
17,褍锌_袨锌械褉邪褑懈褟袧袩袨,袛芯泻褍屑械薪褌.褍锌_袨锌械褉邪褑懈褟袧袩袨,0,袠袟
17,褍锌_袙芯蟹胁褉邪褌袩械薪褋懈泄,袛芯泻褍屑械薪褌.褍锌_袙芯蟹胁褉邪褌袩械薪褋懈泄,0,袠袟
17,褍锌_袙芯蟹胁褉邪褌袩褉芯褔懈褏袧邪褔懈褋谢械薪懈泄袧袩袨,袛芯泻褍屑械薪褌.褍锌_袙芯蟹胁褉邪褌袩褉芯褔懈褏袧邪褔懈褋谢械薪懈泄袧袩袨,0,袠袟
17,袛邪薪薪褘械袛芯泻褍屑械薪褌邪,袛芯泻褍屑械薪褌.褍锌_袧袛肖袥袙芯蟹胁褉邪褌袧邪谢芯谐邪校褔邪褋褌薪懈泻邪屑,0,袠袟
18,褍锌_袨锌械褉邪褑懈褟袧袩袨,袛芯泻褍屑械薪褌.褍锌_袨锌械褉邪褑懈褟袧袩袨,0,袠袟
19,褍锌_袙芯蟹胁褉邪褌袩械薪褋懈泄,袛芯泻褍屑械薪褌.褍锌_袙芯蟹胁褉邪褌袩械薪褋懈泄,0,袠袟
20,褍锌_袙芯蟹胁褉邪褌袩褉芯褔懈褏袧邪褔懈褋谢械薪懈泄袧袩袨,袛芯泻褍屑械薪褌.褍锌_袙芯蟹胁褉邪褌袩褉芯褔懈褏袧邪褔懈褋谢械薪懈泄袧袩袨,0,袠袟
21,袛邪薪薪褘械袛芯泻褍屑械薪褌邪,袛芯泻褍屑械薪褌.褍锌_袧袛肖袥袙芯蟹胁褉邪褌袧邪谢芯谐邪校褔邪褋褌薪懈泻邪屑,0,袠袟
22,袙懈写褘袛胁懈卸械薪懈泄,袩械褉械褔懈褋谢械薪懈械.械锌褋_袙懈写褘袛胁懈卸械薪懈褟袩械薪褋懈芯薪薪褘褏袪械蟹械褉胁芯胁,0,袠袟
23,袙懈写褘袛胁懈卸械薪懈泄,袩械褉械褔懈褋谢械薪懈械.械锌褋_袙懈写褘袛胁懈卸械薪懈褟袩械薪褋懈芯薪薪褘褏袪械蟹械褉胁芯胁,0,袠袟
24,袣袗袣,袣袗袣,0,袠袟
25,袙孝_孝懈锌褘袪械蟹械褉胁芯胁,袙孝_孝懈锌褘袪械蟹械褉胁芯胁,1,袠袟
26,袙孝_孝懈锌褘袪械蟹械褉胁芯胁,袙孝_孝懈锌褘袪械蟹械褉胁芯胁,1,袠袟
27,袙孝_孝懈锌褘袪械蟹械褉胁芯胁,袙孝_孝懈锌褘袪械蟹械褉胁芯胁,1,袠袟
28,袙孝_孝懈锌褘袪械蟹械褉胁芯胁,袙孝_孝懈锌褘袪械蟹械褉胁芯胁,1,袠袟
29,袙孝_孝懈锌褘袪械蟹械褉胁芯胁,袙孝_孝懈锌褘袪械蟹械褉胁芯胁,1,袠袟
30,袙孝_孝懈锌褘袪械蟹械褉胁芯胁,袙孝_孝懈锌褘袪械蟹械褉胁芯胁,1,袠袟
31,褍锌_袪械蟹械褉胁褘袨褋褌邪褌泻懈,袪械谐懈褋褌褉袧邪泻芯锌谢械薪懈褟.褍锌_袪械蟹械褉胁褘.袨褋褌邪褌泻懈,0,袠袟
31,褍锌_袪械蟹械褉胁褘袨斜芯褉芯褌褘,袪械谐懈褋褌褉袧邪泻芯锌谢械薪懈褟.褍锌_袪械蟹械褉胁褘.袨斜芯褉芯褌褘,0,袠袟
31,褍锌_袙芯蟹胁褉邪褌褘袩褉芯褔懈褏袧邪褔懈褋谢械薪懈泄袧袩袨袨褋褌邪褌泻懈,袪械谐懈褋褌褉袧邪泻芯锌谢械薪懈褟.褍锌_袙芯蟹胁褉邪褌褘袩褉芯褔懈褏袧邪褔懈褋谢械薪懈泄袧袩袨.袨褋褌邪褌泻懈,0,袠袟
31,褍锌_袙芯蟹胁褉邪褌褘袩褉芯褔懈褏袧邪褔懈褋谢械薪懈泄袧袩袨袨斜芯褉芯褌褘,袪械谐懈褋褌褉袧邪泻芯锌谢械薪懈褟.褍锌_袙芯蟹胁褉邪褌褘袩褉芯褔懈褏袧邪褔懈褋谢械薪懈泄袧袩袨.袨斜芯褉芯褌褘,0,袠袟
31,褍锌_袙芯蟹胁褉邪褌褘袩械薪褋懈泄袧袩袨袨褋褌邪褌泻懈,袪械谐懈褋褌褉袧邪泻芯锌谢械薪懈褟.褍锌_袙芯蟹胁褉邪褌褘袩械薪褋懈泄袧袩袨.袨褋褌邪褌泻懈,0,袠袟
31,褍锌_袙芯蟹胁褉邪褌褘袩械薪褋懈泄袧袩袨袨斜芯褉芯褌褘,袪械谐懈褋褌褉袧邪泻芯锌谢械薪懈褟.褍锌_袙芯蟹胁褉邪褌褘袩械薪褋懈泄袧袩袨.袨斜芯褉芯褌褘,0,袠袟
31,褍锌_袧邪褔懈褋谢械薪懈褟袩械薪褋懈泄袨斜芯褉芯褌褘,袪械谐懈褋褌褉袧邪泻芯锌谢械薪懈褟.褍锌_袧邪褔懈褋谢械薪懈褟袩械薪褋懈泄.袨斜芯褉芯褌褘,0,袠袟
31,褍锌_袩褉芯褔懈械袧邪褔懈褋谢械薪懈褟袨斜芯褉芯褌褘,袪械谐懈褋褌褉袧邪泻芯锌谢械薪懈褟.褍锌_袩褉芯褔懈械袧邪褔懈褋谢械薪懈褟.袨斜芯褉芯褌褘,0,袠袟
31,褍锌_小芯褋褌芯褟薪懈褟袛芯谐芯胁芯褉邪小褉械蟹袩芯褋谢械写薪懈褏,袪械谐懈褋褌褉小胁械写械薪懈泄.褍锌_小芯褋褌芯褟薪懈褟袛芯谐芯胁芯褉邪.小褉械蟹袩芯褋谢械写薪懈褏,0,袠袟
31,小芯褋褌芯褟薪懈褟袩小,袪械谐懈褋褌褉小胁械写械薪懈泄.褍锌_小芯褋褌芯褟薪懈褟袩小.小褉械蟹袩芯褋谢械写薪懈褏,0,袠袟
31,褍锌_小芯褋褌芯褟薪懈褟袩小,袪械谐懈褋褌褉小胁械写械薪懈泄.褍锌_小芯褋褌芯褟薪懈褟袩小,0,袠袟
32,褍锌_袪械蟹械褉胁褘袨褋褌邪褌泻懈,袪械谐懈褋褌褉袧邪泻芯锌谢械薪懈褟.褍锌_袪械蟹械褉胁褘.袨褋褌邪褌泻懈,0,袠袟
33,褍锌_袪械蟹械褉胁褘袨斜芯褉芯褌褘,袪械谐懈褋褌褉袧邪泻芯锌谢械薪懈褟.褍锌_袪械蟹械褉胁褘.袨斜芯褉芯褌褘,0,袠袟
34,褍锌_袙芯蟹胁褉邪褌褘袩褉芯褔懈褏袧邪褔懈褋谢械薪懈泄袧袩袨袨褋褌邪褌泻懈,袪械谐懈褋褌褉袧邪泻芯锌谢械薪懈褟.褍锌_袙芯蟹胁褉邪褌褘袩褉芯褔懈褏袧邪褔懈褋谢械薪懈泄袧袩袨.袨褋褌邪褌泻懈,0,袠袟
35,褍锌_袙芯蟹胁褉邪褌褘袩褉芯褔懈褏袧邪褔懈褋谢械薪懈泄袧袩袨袨斜芯褉芯褌褘,袪械谐懈褋褌褉袧邪泻芯锌谢械薪懈褟.褍锌_袙芯蟹胁褉邪褌褘袩褉芯褔懈褏袧邪褔懈褋谢械薪懈泄袧袩袨.袨斜芯褉芯褌褘,0,袠袟
36,褍锌_袙芯蟹胁褉邪褌褘袩械薪褋懈泄袧袩袨袨褋褌邪褌泻懈,袪械谐懈褋褌褉袧邪泻芯锌谢械薪懈褟.褍锌_袙芯蟹胁褉邪褌褘袩械薪褋懈泄袧袩袨.袨褋褌邪褌泻懈,0,袠袟
37,褍锌_袙芯蟹胁褉邪褌褘袩械薪褋懈泄袧袩袨袨斜芯褉芯褌褘,袪械谐懈褋褌褉袧邪泻芯锌谢械薪懈褟.褍锌_袙芯蟹胁褉邪褌褘袩械薪褋懈泄袧袩袨.袨斜芯褉芯褌褘,0,袠袟
38,褍锌_袧邪褔懈褋谢械薪懈褟袩械薪褋懈泄袨斜芯褉芯褌褘,袪械谐懈褋褌褉袧邪泻芯锌谢械薪懈褟.褍锌_袧邪褔懈褋谢械薪懈褟袩械薪褋懈泄.袨斜芯褉芯褌褘,0,袠袟
39,褍锌_袩褉芯褔懈械袧邪褔懈褋谢械薪懈褟袨斜芯褉芯褌褘,袪械谐懈褋褌褉袧邪泻芯锌谢械薪懈褟.褍锌_袩褉芯褔懈械袧邪褔懈褋谢械薪懈褟.袨斜芯褉芯褌褘,0,袠袟
40,褍锌_小芯褋褌芯褟薪懈褟袛芯谐芯胁芯褉邪小褉械蟹袩芯褋谢械写薪懈褏,袪械谐懈褋褌褉小胁械写械薪懈泄.褍锌_小芯褋褌芯褟薪懈褟袛芯谐芯胁芯褉邪.小褉械蟹袩芯褋谢械写薪懈褏,0,袠袟
41,小芯褋褌芯褟薪懈褟袩小,袪械谐懈褋褌褉小胁械写械薪懈泄.褍锌_小芯褋褌芯褟薪懈褟袩小.小褉械蟹袩芯褋谢械写薪懈褏,0,袠袟
42,褍锌_小芯褋褌芯褟薪懈褟袩小,袪械谐懈褋褌褉小胁械写械薪懈泄.褍锌_小芯褋褌芯褟薪懈褟袩小,0,袠袟
43,袙孝_袩械薪褋懈芯薪薪褘械小褔械褌邪_袩袪,袙孝_袩械薪褋懈芯薪薪褘械小褔械褌邪_袩袪,1,袠袟
44,袙孝_袩械薪褋懈芯薪薪褘械小褔械褌邪_袩袪,袙孝_袩械薪褋懈芯薪薪褘械小褔械褌邪_袩袪,1,袠袟
45,袙孝_袩械薪褋懈芯薪薪褘械小褔械褌邪_袩袪,袙孝_袩械薪褋懈芯薪薪褘械小褔械褌邪_袩袪,1,袠袟
46,褍锌_袩褉懈褔懈薪褘袟邪泻褉褘褌懈褟袩小小褉械蟹袩芯褋谢械写薪懈褏,袪械谐懈褋褌褉小胁械写械薪懈泄.褍锌_袩褉懈褔懈薪褘袟邪泻褉褘褌懈褟袩小.小褉械蟹袩芯褋谢械写薪懈褏,0,袠袟
47,袙孝_袩械薪褋懈芯薪薪褘械小褔械褌邪,袙孝_袩械薪褋懈芯薪薪褘械小褔械褌邪,1,袠袟
48,褍锌_袙懈写袩械薪褋懈芯薪薪芯谐芯小褔械褌邪小褉械蟹袩芯褋谢械写薪懈褏,袪械谐懈褋褌褉小胁械写械薪懈泄.褍锌_袙懈写袩械薪褋懈芯薪薪芯谐芯小褔械褌邪.小褉械蟹袩芯褋谢械写薪懈褏,0,袠袟
49,袙孝_袩械薪褋懈芯薪薪褘械小褔械褌邪,袙孝_袩械薪褋懈芯薪薪褘械小褔械褌邪,1,袠袟
50,袪械蟹械褉胁褘,袪械谐懈褋褌褉袧邪泻芯锌谢械薪懈褟.褍锌_袪械蟹械褉胁褘.袨斜芯褉芯褌褘,0,袠袟
51,袙孝_袩械薪褋懈芯薪薪褘械小褔械褌邪,袙孝_袩械薪褋懈芯薪薪褘械小褔械褌邪,1,袠袟
52,褍锌_小褏械屑邪小褔械褌邪袧邪袧邪褔邪谢芯,袪械谐懈褋褌褉小胁械写械薪懈泄.褍锌_小褏械屑邪小褔械褌邪.小褉械蟹袩芯褋谢械写薪懈褏,0,袠袟
53,袙孝_袩械薪褋懈芯薪薪褘械小褔械褌邪,袙孝_袩械薪褋懈芯薪薪褘械小褔械褌邪,1,袠袟
54,褍锌_小芯褋褌芯褟薪懈褟袩小小褉械蟹袩械褉胁褘褏,袪械谐懈褋褌褉小胁械写械薪懈泄.褍锌_小芯褋褌芯褟薪懈褟袩小.小褉械蟹袩械褉胁褘褏,0,袠袟
54,袙孝_孝懈锌褘袩械薪褋懈泄袧邪褔邪谢芯袩械褉懈芯写邪,袙孝_孝懈锌褘袩械薪褋懈泄袧邪褔邪谢芯袩械褉懈芯写邪,1,袥袝袙袨袝_小袨袝袛袠袧袝袧袠袝
55,袙孝_袩械薪褋懈芯薪薪褘械小褔械褌邪,袙孝_袩械薪褋懈芯薪薪褘械小褔械褌邪,1,袠袟
56,袙孝_袩械薪褋懈芯薪薪褘械小褔械褌邪,袙孝_袩械薪褋懈芯薪薪褘械小褔械褌邪,1,袠袟
56,褍锌_小芯褋褌芯褟薪懈褟袩小小褉械蟹袩芯褋谢械写薪懈褏,袪械谐懈褋褌褉小胁械写械薪懈泄.褍锌_小芯褋褌芯褟薪懈褟袩小.小褉械蟹袩芯褋谢械写薪懈褏,0,袥袝袙袨袝_小袨袝袛袠袧袝袧袠袝
56,袙孝_孝懈锌褘袩械薪褋懈泄袧邪褔邪谢芯袩械褉懈芯写邪,袙孝_孝懈锌褘袩械薪褋懈泄袧邪褔邪谢芯袩械褉懈芯写邪,1,袥袝袙袨袝_小袨袝袛袠袧袝袧袠袝
57,袙孝_袩械薪褋懈芯薪薪褘械小褔械褌邪,袙孝_袩械薪褋懈芯薪薪褘械小褔械褌邪,1,袠袟
58,袙孝_袩械薪褋懈芯薪薪褘械小褔械褌邪,袙孝_袩械薪褋懈芯薪薪褘械小褔械褌邪,1,袠袟
58,袙孝_袙褘锌谢邪褌薪褘械袧邪褔邪谢芯袩械褉懈芯写邪,袙孝_袙褘锌谢邪褌薪褘械袧邪褔邪谢芯袩械褉懈芯写邪,1,袥袝袙袨袝_小袨袝袛袠袧袝袧袠袝
58,袙孝_小芯褋褌芯褟薪懈械袧邪褔邪谢芯袩械褉懈芯写邪,袙孝_小芯褋褌芯褟薪懈械袧邪褔邪谢芯袩械褉懈芯写邪,1,袥袝袙袨袝_小袨袝袛袠袧袝袧袠袝
59,袙孝_袩械薪褋懈芯薪薪褘械小褔械褌邪,袙孝_袩械薪褋懈芯薪薪褘械小褔械褌邪,1,袠袟
59,袣袗袣,袣袗袣,0,袥袝袙袨袝_小袨袝袛袠袧袝袧袠袝
60,袪械谐懈褋褌褉小胁械写械薪懈泄.褍锌_小芯褋褌芯褟薪懈褟袩小,袪械谐懈褋褌褉小胁械写械薪懈泄.褍锌_小芯褋褌芯褟薪懈褟袩小,0,袠袟
60,袟袧袗效袝袧袠袝(袩械褉械褔懈褋谢械薪懈械.褍锌_小芯褋褌芯褟薪懈褟袩小.袩芯写谐芯褌芯胁泻邪袣袟邪泻褉褘褌懈褞),袟袧袗效袝袧袠袝(袩械褉械褔懈褋谢械薪懈械.褍锌_小芯褋褌芯褟薪懈褟袩小.袩芯写谐芯褌芯胁泻邪袣袟邪泻褉褘褌懈褞),0,FROM
60,袟袧袗效袝袧袠袝(袩械褉械褔懈褋谢械薪懈械.褍锌_小芯褋褌芯褟薪懈褟袩小.袙褘锌谢邪褌薪芯泄袩械褉懈芯写),袟袧袗效袝袧袠袝(袩械褉械褔懈褋谢械薪懈械.褍锌_小芯褋褌芯褟薪懈褟袩小.袙褘锌谢邪褌薪芯泄袩械褉懈芯写),0,FROM
60,袟袧袗效袝袧袠袝,袟袧袗效袝袧袠袝,0,FROM
61,袪械谐懈褋褌褉小胁械写械薪懈泄.褍锌_小褏械屑邪小褔械褌邪,袪械谐懈褋褌褉小胁械写械薪懈泄.褍锌_小褏械屑邪小褔械褌邪,0,袠袟
61,袟袧袗效袝袧袠袝(袩械褉械褔懈褋谢械薪懈械.褍锌_孝懈锌褘袩械薪褋懈芯薪薪褘褏小褏械屑.小褉芯褔薪褘褏袙褘锌谢邪褌),袟袧袗效袝袧袠袝(袩械褉械褔懈褋谢械薪懈械.褍锌_孝懈锌褘袩械薪褋懈芯薪薪褘褏小褏械屑.小褉芯褔薪褘褏袙褘锌谢邪褌),0,FROM
61,袟袧袗效袝袧袠袝,袟袧袗效袝袧袠袝,0,FROM
62,袙孝_袠蟹屑械薪械薪懈褟袙懈写邪袨斜褟蟹邪褌械谢褜褋褌胁_袩褉械写胁,袙孝_袠蟹屑械薪械薪懈褟袙懈写邪袨斜褟蟹邪褌械谢褜褋褌胁_袩褉械写胁,1,袠袟
62,袙孝_袠蟹屑械薪械薪懈褟袙懈写邪袨斜褟蟹邪褌械谢褜褋褌胁_袩褉械写胁.袙懈写袨斜褟蟹邪褌械谢褜褋褌胁,袙孝_袠蟹屑械薪械薪懈褟袙懈写邪袨斜褟蟹邪褌械谢褜褋褌胁_袩褉械写胁.袙懈写袨斜褟蟹邪褌械谢褜褋褌胁,0,FROM
63,袙孝_袙懈写袨斜褟蟹邪褌械谢褜褋褌胁袧邪褔邪谢芯,袙孝_袙懈写袨斜褟蟹邪褌械谢褜褋褌胁袧邪褔邪谢芯,1,袠袟
63,袙孝_袠蟹屑械薪械薪懈褟袙懈写邪袨斜褟蟹邪褌械谢褜褋褌胁.袙懈写袨斜褟蟹邪褌械谢褜褋褌胁,袙孝_袠蟹屑械薪械薪懈褟袙懈写邪袨斜褟蟹邪褌械谢褜褋褌胁.袙懈写袨斜褟蟹邪褌械谢褜褋褌胁,0,FROM
63,袙孝_袠蟹屑械薪械薪懈褟袙懈写邪袨斜褟蟹邪褌械谢褜褋褌胁.袩械褉懈芯写,袙孝_袠蟹屑械薪械薪懈褟袙懈写邪袨斜褟蟹邪褌械谢褜褋褌胁.袩械褉懈芯写,0,FROM
63,袙孝_袠蟹屑械薪械薪懈褟袙懈写邪袨斜褟蟹邪褌械谢褜褋褌胁,袙孝_袠蟹屑械薪械薪懈褟袙懈写邪袨斜褟蟹邪褌械谢褜褋褌胁,1,袠袟
64,袙孝_袙懈写袨斜褟蟹邪褌械谢褜褋褌胁袧邪褔邪谢芯,袙孝_袙懈写袨斜褟蟹邪褌械谢褜褋褌胁袧邪褔邪谢芯,1,袠袟
65,袙孝_袠蟹屑械薪械薪懈褟袙懈写邪袨斜褟蟹邪褌械谢褜褋褌胁,袙孝_袠蟹屑械薪械薪懈褟袙懈写邪袨斜褟蟹邪褌械谢褜褋褌胁,1,袠袟
66,袙孝_袙懈写褘袨斜褟蟹邪褌械谢褜褋褌胁,袙孝_袙懈写褘袨斜褟蟹邪褌械谢褜褋褌胁,1,袠袟
66,袙孝_袙懈写褘袨斜褟蟹邪褌械谢褜褋褌胁_1,袙孝_袙懈写褘袨斜褟蟹邪褌械谢褜褋褌胁,1,袥袝袙袨袝_小袨袝袛袠袧袝袧袠袝
66,袙孝_袙懈写褘袨斜褟蟹邪褌械谢褜褋褌胁.袙懈写袨斜褟蟹邪褌械谢褜褋褌胁,袙孝_袙懈写褘袨斜褟蟹邪褌械谢褜褋褌胁.袙懈写袨斜褟蟹邪褌械谢褜褋褌胁,0,FROM
67,袙孝_袙懈写褘袨斜褟蟹邪褌械谢褜褋褌胁袛胁懈卸械薪懈械,袙孝_袙懈写褘袨斜褟蟹邪褌械谢褜褋褌胁袛胁懈卸械薪懈械,1,袠袟
68,袙孝_袙懈写褘袨斜褟蟹邪褌械谢褜褋褌胁袛胁懈卸械薪懈械,袙孝_袙懈写褘袨斜褟蟹邪褌械谢褜褋褌胁袛胁懈卸械薪懈械,1,袠袟
68,袙孝_小褔械褌邪孝褉邪薪蟹懈褌薪褘械袙懈写褘袨斜褟蟹邪褌械谢褜褋褌胁,袙孝_小褔械褌邪孝褉邪薪蟹懈褌薪褘械袙懈写褘袨斜褟蟹邪褌械谢褜褋褌胁,1,袥袝袙袨袝_小袨袝袛袠袧袝袧袠袝
69,袙孝_袙懈写褘袨斜褟蟹邪褌械谢褜褋褌胁袛胁懈卸械薪懈械,袙孝_袙懈写褘袨斜褟蟹邪褌械谢褜褋褌胁袛胁懈卸械薪懈械,1,袠袟
69,袙孝_小褔械褌邪袧械孝褉邪薪蟹懈褌薪褘械袙懈写褘袨斜褟蟹邪褌械谢褜褋褌胁,袙孝_小褔械褌邪袧械孝褉邪薪蟹懈褌薪褘械袙懈写褘袨斜褟蟹邪褌械谢褜褋褌胁,1,袙袧校孝袪袝袧袧袝袝_小袨袝袛袠袧袝袧袠袝
70,袙孝_袙懈写褘袨斜褟蟹邪褌械谢褜褋褌胁袛胁懈卸械薪懈械,袙孝_袙懈写褘袨斜褟蟹邪褌械谢褜褋褌胁袛胁懈卸械薪懈械,1,袠袟
70,袙孝_小褔械褌邪孝褉邪薪蟹懈褌薪褘械袙懈写褘袨斜褟蟹邪褌械谢褜褋褌胁,袙孝_小褔械褌邪孝褉邪薪蟹懈褌薪褘械袙懈写褘袨斜褟蟹邪褌械谢褜褋褌胁,1,袙袧校孝袪袝袧袧袝袝_小袨袝袛袠袧袝袧袠袝
71,袙孝_孝褉邪薪蟹懈褌薪褘械袙懈写褘袧邪褔邪谢芯袣芯薪械褑,袙孝_孝褉邪薪蟹懈褌薪褘械袙懈写褘袧邪褔邪谢芯袣芯薪械褑,1,袠袟
71,褍锌_袧邪褔懈褋谢械薪懈褟袩械薪褋懈泄,袪械谐懈褋褌褉袧邪泻芯锌谢械薪懈褟.褍锌_袧邪褔懈褋谢械薪懈褟袩械薪褋懈泄,0,袥袝袙袨袝_小袨袝袛袠袧袝袧袠袝
71,袙孝_袛芯泻褍屑械薪褌褘小褌芯褉薪芯,袙孝_袛芯泻褍屑械薪褌褘小褌芯褉薪芯,1,袙袧校孝袪袝袧袧袝袝_小袨袝袛袠袧袝袧袠袝
71,袙孝_孝褉邪薪蟹懈褌薪褘械袙懈写褘袧邪褔邪谢芯袣芯薪械褑.袙懈写袨斜褟蟹邪褌械谢褜褋褌胁,袙孝_孝褉邪薪蟹懈褌薪褘械袙懈写褘袧邪褔邪谢芯袣芯薪械褑.袙懈写袨斜褟蟹邪褌械谢褜褋褌胁,0,FROM
71,袙孝_孝褉邪薪蟹懈褌薪褘械袙懈写褘袧邪褔邪谢芯袣芯薪械褑.袛邪褌邪袨锌褉械写械谢械薪懈褟袨斜褟蟹邪褌械谢褜褋褌胁,袙孝_孝褉邪薪蟹懈褌薪褘械袙懈写褘袧邪褔邪谢芯袣芯薪械褑.袛邪褌邪袨锌褉械写械谢械薪懈褟袨斜褟蟹邪褌械谢褜褋褌胁,0,FROM
71,袙孝_孝褉邪薪蟹懈褌薪褘械袙懈写褘袧邪褔邪谢芯袣芯薪械褑.袛邪褌邪袨泻芯薪褔邪薪懈褟袨斜褟蟹邪褌械谢褜褋褌胁,袙孝_孝褉邪薪蟹懈褌薪褘械袙懈写褘袧邪褔邪谢芯袣芯薪械褑.袛邪褌邪袨泻芯薪褔邪薪懈褟袨斜褟蟹邪褌械谢褜褋褌胁,0,FROM
71,袙懈写袨斜褟蟹邪褌械谢褜褋褌胁,袙孝_孝褉邪薪蟹懈褌薪褘械袙懈写褘袧邪褔邪谢芯袣芯薪械褑.袙懈写袨斜褟蟹邪褌械谢褜褋褌胁,0,FROM
71,袛邪褌邪袨锌褉械写械谢械薪懈褟袨斜褟蟹邪褌械谢褜褋褌胁,袙孝_孝褉邪薪蟹懈褌薪褘械袙懈写褘袧邪褔邪谢芯袣芯薪械褑.袛邪褌邪袨锌褉械写械谢械薪懈褟袨斜褟蟹邪褌械谢褜褋褌胁,0,FROM
71,袛邪褌邪袨泻芯薪褔邪薪懈褟袨斜褟蟹邪褌械谢褜褋褌胁,袙孝_孝褉邪薪蟹懈褌薪褘械袙懈写褘袧邪褔邪谢芯袣芯薪械褑.袛邪褌邪袨泻芯薪褔邪薪懈褟袨斜褟蟹邪褌械谢褜褋褌胁,0,FROM
71,0,0,0,FROM
71,小校袦袦袗,小校袦袦袗,0,FROM
71,褍锌_袩褉芯褔懈械袧邪褔懈褋谢械薪懈褟,袪械谐懈褋褌褉袧邪泻芯锌谢械薪懈褟.褍锌_袩褉芯褔懈械袧邪褔懈褋谢械薪懈褟,0,袥袝袙袨袝_小袨袝袛袠袧袝袧袠袝
72,袙孝_孝褉邪薪蟹懈褌薪褘械袙懈写褘袧邪褔邪谢芯袣芯薪械褑,袙孝_孝褉邪薪蟹懈褌薪褘械袙懈写褘袧邪褔邪谢芯袣芯薪械褑,1,袠袟
72,褍锌_袧邪褔懈褋谢械薪懈褟袩械薪褋懈泄,袪械谐懈褋褌褉袧邪泻芯锌谢械薪懈褟.褍锌_袧邪褔懈褋谢械薪懈褟袩械薪褋懈泄,0,袥袝袙袨袝_小袨袝袛袠袧袝袧袠袝
72,袙孝_袛芯泻褍屑械薪褌褘小褌芯褉薪芯,袙孝_袛芯泻褍屑械薪褌褘小褌芯褉薪芯,1,袙袧校孝袪袝袧袧袝袝_小袨袝袛袠袧袝袧袠袝
72,袙孝_孝褉邪薪蟹懈褌薪褘械袙懈写褘袧邪褔邪谢芯袣芯薪械褑.袙懈写袨斜褟蟹邪褌械谢褜褋褌胁,袙孝_孝褉邪薪蟹懈褌薪褘械袙懈写褘袧邪褔邪谢芯袣芯薪械褑.袙懈写袨斜褟蟹邪褌械谢褜褋褌胁,0,FROM
72,袙孝_孝褉邪薪蟹懈褌薪褘械袙懈写褘袧邪褔邪谢芯袣芯薪械褑.袛邪褌邪袨锌褉械写械谢械薪懈褟袨斜褟蟹邪褌械谢褜褋褌胁,袙孝_孝褉邪薪蟹懈褌薪褘械袙懈写褘袧邪褔邪谢芯袣芯薪械褑.袛邪褌邪袨锌褉械写械谢械薪懈褟袨斜褟蟹邪褌械谢褜褋褌胁,0,FROM
72,袙孝_孝褉邪薪蟹懈褌薪褘械袙懈写褘袧邪褔邪谢芯袣芯薪械褑.袛邪褌邪袨泻芯薪褔邪薪懈褟袨斜褟蟹邪褌械谢褜褋褌胁,袙孝_孝褉邪薪蟹懈褌薪褘械袙懈写褘袧邪褔邪谢芯袣芯薪械褑.袛邪褌邪袨泻芯薪褔邪薪懈褟袨斜褟蟹邪褌械谢褜褋褌胁,0,FROM
73,袙孝_孝褉邪薪蟹懈褌薪褘械袙懈写褘袧邪褔邪谢芯袣芯薪械褑,袙孝_孝褉邪薪蟹懈褌薪褘械袙懈写褘袧邪褔邪谢芯袣芯薪械褑,1,袠袟
73,褍锌_袩褉芯褔懈械袧邪褔懈褋谢械薪懈褟,袪械谐懈褋褌褉袧邪泻芯锌谢械薪懈褟.褍锌_袩褉芯褔懈械袧邪褔懈褋谢械薪懈褟,0,袥袝袙袨袝_小袨袝袛袠袧袝袧袠袝
73,袙孝_袛芯泻褍屑械薪褌褘小褌芯褉薪芯,袙孝_袛芯泻褍屑械薪褌褘小褌芯褉薪芯,1,袙袧校孝袪袝袧袧袝袝_小袨袝袛袠袧袝袧袠袝
73,袙孝_孝褉邪薪蟹懈褌薪褘械袙懈写褘袧邪褔邪谢芯袣芯薪械褑.袙懈写袨斜褟蟹邪褌械谢褜褋褌胁,袙孝_孝褉邪薪蟹懈褌薪褘械袙懈写褘袧邪褔邪谢芯袣芯薪械褑.袙懈写袨斜褟蟹邪褌械谢褜褋褌胁,0,FROM
73,袙孝_孝褉邪薪蟹懈褌薪褘械袙懈写褘袧邪褔邪谢芯袣芯薪械褑.袛邪褌邪袨锌褉械写械谢械薪懈褟袨斜褟蟹邪褌械谢褜褋褌胁,袙孝_孝褉邪薪蟹懈褌薪褘械袙懈写褘袧邪褔邪谢芯袣芯薪械褑.袛邪褌邪袨锌褉械写械谢械薪懈褟袨斜褟蟹邪褌械谢褜褋褌胁,0,FROM
73,袙孝_孝褉邪薪蟹懈褌薪褘械袙懈写褘袧邪褔邪谢芯袣芯薪械褑.袛邪褌邪袨泻芯薪褔邪薪懈褟袨斜褟蟹邪褌械谢褜褋褌胁,袙孝_孝褉邪薪蟹懈褌薪褘械袙懈写褘袧邪褔邪谢芯袣芯薪械褑.袛邪褌邪袨泻芯薪褔邪薪懈褟袨斜褟蟹邪褌械谢褜褋褌胁,0,FROM
74,袣袗袣,袣袗袣,0,袠袟
74,袩芯写袟邪锌褉芯褋.袙懈写袨斜褟蟹邪褌械谢褜褋褌胁,袩芯写袟邪锌褉芯褋.袙懈写袨斜褟蟹邪褌械谢褜褋褌胁,0,FROM
74,袩芯写袟邪锌褉芯褋.袛邪褌邪袨锌褉械写械谢械薪懈褟袨斜褟蟹邪褌械谢褜褋褌胁,袩芯写袟邪锌褉芯褋.袛邪褌邪袨锌褉械写械谢械薪懈褟袨斜褟蟹邪褌械谢褜褋褌胁,0,FROM
74,袩芯写袟邪锌褉芯褋.袛邪褌邪袨泻芯薪褔邪薪懈褟袨斜褟蟹邪褌械谢褜褋褌胁,袩芯写袟邪锌褉芯褋.袛邪褌邪袨泻芯薪褔邪薪懈褟袨斜褟蟹邪褌械谢褜褋褌胁,0,FROM
74,袙懈写袨斜褟蟹邪褌械谢褜褋褌胁,袙孝_孝褉邪薪蟹懈褌薪褘械袙懈写褘袧邪褔邪谢芯袣芯薪械褑.袙懈写袨斜褟蟹邪褌械谢褜褋褌胁,0,FROM
74,袛邪褌邪袨锌褉械写械谢械薪懈褟袨斜褟蟹邪褌械谢褜褋褌胁,袙孝_孝褉邪薪蟹懈褌薪褘械袙懈写褘袧邪褔邪谢芯袣芯薪械褑.袛邪褌邪袨锌褉械写械谢械薪懈褟袨斜褟蟹邪褌械谢褜褋褌胁,0,FROM
74,袛邪褌邪袨泻芯薪褔邪薪懈褟袨斜褟蟹邪褌械谢褜褋褌胁,袙孝_孝褉邪薪蟹懈褌薪褘械袙懈写褘袧邪褔邪谢芯袣芯薪械褑.袛邪褌邪袨泻芯薪褔邪薪懈褟袨斜褟蟹邪褌械谢褜褋褌胁,0,FROM
74,袙褏小褍屑屑邪,小校袦袦袗,0,FROM
74,袠褋褏小褍屑屑邪,0,0,FROM
74,袙孝_孝褉邪薪蟹懈褌薪褘械袙懈写褘袧邪褔邪谢芯袣芯薪械褑,袙孝_孝褉邪薪蟹懈褌薪褘械袙懈写褘袧邪褔邪谢芯袣芯薪械褑,1,袠袟
74,褍锌_袙芯蟹胁褉邪褌褘袩褉芯褔懈褏袧邪褔懈褋谢械薪懈泄袧袩袨,袪械谐懈褋褌褉袧邪泻芯锌谢械薪懈褟.褍锌_袙芯蟹胁褉邪褌褘袩褉芯褔懈褏袧邪褔懈褋谢械薪懈泄袧袩袨,0,袥袝袙袨袝_小袨袝袛袠袧袝袧袠袝
74,袙孝_孝褉邪薪蟹懈褌薪褘械袙懈写褘袧邪褔邪谢芯袣芯薪械褑.袙懈写袨斜褟蟹邪褌械谢褜褋褌胁,袙孝_孝褉邪薪蟹懈褌薪褘械袙懈写褘袧邪褔邪谢芯袣芯薪械褑.袙懈写袨斜褟蟹邪褌械谢褜褋褌胁,0,FROM
74,袙孝_孝褉邪薪蟹懈褌薪褘械袙懈写褘袧邪褔邪谢芯袣芯薪械褑.袛邪褌邪袨锌褉械写械谢械薪懈褟袨斜褟蟹邪褌械谢褜褋褌胁,袙孝_孝褉邪薪蟹懈褌薪褘械袙懈写褘袧邪褔邪谢芯袣芯薪械褑.袛邪褌邪袨锌褉械写械谢械薪懈褟袨斜褟蟹邪褌械谢褜褋褌胁,0,FROM
74,袙孝_孝褉邪薪蟹懈褌薪褘械袙懈写褘袧邪褔邪谢芯袣芯薪械褑.袛邪褌邪袨泻芯薪褔邪薪懈褟袨斜褟蟹邪褌械谢褜褋褌胁,袙孝_孝褉邪薪蟹懈褌薪褘械袙懈写褘袧邪褔邪谢芯袣芯薪械褑.袛邪褌邪袨泻芯薪褔邪薪懈褟袨斜褟蟹邪褌械谢褜褋褌胁,0,FROM
74,褍锌_袙芯蟹胁褉邪褌褘袩械薪褋懈泄袧袩袨,袪械谐懈褋褌褉袧邪泻芯锌谢械薪懈褟.褍锌_袙芯蟹胁褉邪褌褘袩械薪褋懈泄袧袩袨,0,袥袝袙袨袝_小袨袝袛袠袧袝袧袠袝
75,袙孝_孝褉邪薪蟹懈褌薪褘械袙懈写褘袧邪褔邪谢芯袣芯薪械褑,袙孝_孝褉邪薪蟹懈褌薪褘械袙懈写褘袧邪褔邪谢芯袣芯薪械褑,1,袠袟
75,褍锌_袪械蟹械褉胁褘,袪械谐懈褋褌褉袧邪泻芯锌谢械薪懈褟.褍锌_袪械蟹械褉胁褘,0,袥袝袙袨袝_小袨袝袛袠袧袝袧袠袝
75,袙孝_孝褉邪薪蟹懈褌薪褘械袙懈写褘袧邪褔邪谢芯袣芯薪械褑.袙懈写袨斜褟蟹邪褌械谢褜褋褌胁,袙孝_孝褉邪薪蟹懈褌薪褘械袙懈写褘袧邪褔邪谢芯袣芯薪械褑.袙懈写袨斜褟蟹邪褌械谢褜褋褌胁,0,FROM
75,袙孝_孝褉邪薪蟹懈褌薪褘械袙懈写褘袧邪褔邪谢芯袣芯薪械褑.袛邪褌邪袨锌褉械写械谢械薪懈褟袨斜褟蟹邪褌械谢褜褋褌胁,袙孝_孝褉邪薪蟹懈褌薪褘械袙懈写褘袧邪褔邪谢芯袣芯薪械褑.袛邪褌邪袨锌褉械写械谢械薪懈褟袨斜褟蟹邪褌械谢褜褋褌胁,0,FROM
75,袙孝_孝褉邪薪蟹懈褌薪褘械袙懈写褘袧邪褔邪谢芯袣芯薪械褑.袛邪褌邪袨泻芯薪褔邪薪懈褟袨斜褟蟹邪褌械谢褜褋褌胁,袙孝_孝褉邪薪蟹懈褌薪褘械袙懈写褘袧邪褔邪谢芯袣芯薪械褑.袛邪褌邪袨泻芯薪褔邪薪懈褟袨斜褟蟹邪褌械谢褜褋褌胁,0,FROM
75,袙懈写袨斜褟蟹邪褌械谢褜褋褌胁,袙孝_孝褉邪薪蟹懈褌薪褘械袙懈写褘袧邪褔邪谢芯袣芯薪械褑.袙懈写袨斜褟蟹邪褌械谢褜褋褌胁,0,FROM
75,袛邪褌邪袨锌褉械写械谢械薪懈褟袨斜褟蟹邪褌械谢褜褋褌胁,袙孝_孝褉邪薪蟹懈褌薪褘械袙懈写褘袧邪褔邪谢芯袣芯薪械褑.袛邪褌邪袨锌褉械写械谢械薪懈褟袨斜褟蟹邪褌械谢褜褋褌胁,0,FROM
75,袛邪褌邪袨泻芯薪褔邪薪懈褟袨斜褟蟹邪褌械谢褜褋褌胁,袙孝_孝褉邪薪蟹懈褌薪褘械袙懈写褘袧邪褔邪谢芯袣芯薪械褑.袛邪褌邪袨泻芯薪褔邪薪懈褟袨斜褟蟹邪褌械谢褜褋褌胁,0,FROM
75,袙褏小褍屑屑邪,0,0,FROM
75,小校袦袦袗,小校袦袦袗,0,FROM
76,袙孝_孝褉邪薪蟹懈褌薪褘械袙懈写褘袧邪褔邪谢芯袣芯薪械褑,袙孝_孝褉邪薪蟹懈褌薪褘械袙懈写褘袧邪褔邪谢芯袣芯薪械褑,1,袠袟
76,褍锌_袪械蟹械褉胁褘,袪械谐懈褋褌褉袧邪泻芯锌谢械薪懈褟.褍锌_袪械蟹械褉胁褘,0,袥袝袙袨袝_小袨袝袛袠袧袝袧袠袝
76,袙孝_孝褉邪薪蟹懈褌薪褘械袙懈写褘袧邪褔邪谢芯袣芯薪械褑.袙懈写袨斜褟蟹邪褌械谢褜褋褌胁,袙孝_孝褉邪薪蟹懈褌薪褘械袙懈写褘袧邪褔邪谢芯袣芯薪械褑.袙懈写袨斜褟蟹邪褌械谢褜褋褌胁,0,FROM
76,袙孝_孝褉邪薪蟹懈褌薪褘械袙懈写褘袧邪褔邪谢芯袣芯薪械褑.袛邪褌邪袨锌褉械写械谢械薪懈褟袨斜褟蟹邪褌械谢褜褋褌胁,袙孝_孝褉邪薪蟹懈褌薪褘械袙懈写褘袧邪褔邪谢芯袣芯薪械褑.袛邪褌邪袨锌褉械写械谢械薪懈褟袨斜褟蟹邪褌械谢褜褋褌胁,0,FROM
76,袙孝_孝褉邪薪蟹懈褌薪褘械袙懈写褘袧邪褔邪谢芯袣芯薪械褑.袛邪褌邪袨泻芯薪褔邪薪懈褟袨斜褟蟹邪褌械谢褜褋褌胁,袙孝_孝褉邪薪蟹懈褌薪褘械袙懈写褘袧邪褔邪谢芯袣芯薪械褑.袛邪褌邪袨泻芯薪褔邪薪懈褟袨斜褟蟹邪褌械谢褜褋褌胁,0,FROM
77,袙孝_孝褉邪薪蟹懈褌薪褘械袙懈写褘袧邪褔邪谢芯袣芯薪械褑,袙孝_孝褉邪薪蟹懈褌薪褘械袙懈写褘袧邪褔邪谢芯袣芯薪械褑,1,袠袟
77,褍锌_袪械蟹械褉胁褘,袪械谐懈褋褌褉袧邪泻芯锌谢械薪懈褟.褍锌_袪械蟹械褉胁褘,0,袥袝袙袨袝_小袨袝袛袠袧袝袧袠袝
77,袙孝_孝褉邪薪蟹懈褌薪褘械袙懈写褘袧邪褔邪谢芯袣芯薪械褑.袙懈写袨斜褟蟹邪褌械谢褜褋褌胁,袙孝_孝褉邪薪蟹懈褌薪褘械袙懈写褘袧邪褔邪谢芯袣芯薪械褑.袙懈写袨斜褟蟹邪褌械谢褜褋褌胁,0,FROM
77,袙孝_孝褉邪薪蟹懈褌薪褘械袙懈写褘袧邪褔邪谢芯袣芯薪械褑.袛邪褌邪袨锌褉械写械谢械薪懈褟袨斜褟蟹邪褌械谢褜褋褌胁,袙孝_孝褉邪薪蟹懈褌薪褘械袙懈写褘袧邪褔邪谢芯袣芯薪械褑.袛邪褌邪袨锌褉械写械谢械薪懈褟袨斜褟蟹邪褌械谢褜褋褌胁,0,FROM
77,袙孝_孝褉邪薪蟹懈褌薪褘械袙懈写褘袧邪褔邪谢芯袣芯薪械褑.袛邪褌邪袨泻芯薪褔邪薪懈褟袨斜褟蟹邪褌械谢褜褋褌胁,袙孝_孝褉邪薪蟹懈褌薪褘械袙懈写褘袧邪褔邪谢芯袣芯薪械褑.袛邪褌邪袨泻芯薪褔邪薪懈褟袨斜褟蟹邪褌械谢褜褋褌胁,0,FROM
78,袙蝎袘袪袗孝鞋,袙蝎袘袪袗孝鞋,0,袠袟
78,袙懈写袨斜褟蟹邪褌械谢褜褋褌胁,袙孝_孝褉邪薪蟹懈褌薪褘械袙懈写褘袧邪褔邪谢芯袣芯薪械褑.袙懈写袨斜褟蟹邪褌械谢褜褋褌胁,0,FROM
78,袛邪褌邪袨锌褉械写械谢械薪懈褟袨斜褟蟹邪褌械谢褜褋褌胁,袙孝_孝褉邪薪蟹懈褌薪褘械袙懈写褘袧邪褔邪谢芯袣芯薪械褑.袛邪褌邪袨锌褉械写械谢械薪懈褟袨斜褟蟹邪褌械谢褜褋褌胁,0,FROM
78,袛邪褌邪袨泻芯薪褔邪薪懈褟袨斜褟蟹邪褌械谢褜褋褌胁,袙孝_孝褉邪薪蟹懈褌薪褘械袙懈写褘袧邪褔邪谢芯袣芯薪械褑.袛邪褌邪袨泻芯薪褔邪薪懈褟袨斜褟蟹邪褌械谢褜褋褌胁,0,FROM
78,袙褏小褍屑屑邪,小校袦袦袗,0,FROM
78,袠褋褏小褍屑屑邪,0,0,FROM
78,袙孝_孝褉邪薪蟹懈褌薪褘械袙懈写褘袧邪褔邪谢芯袣芯薪械褑,袙孝_孝褉邪薪蟹懈褌薪褘械袙懈写褘袧邪褔邪谢芯袣芯薪械褑,1,袠袟
78,褍锌_袪械蟹械褉胁褘,袪械谐懈褋褌褉袧邪泻芯锌谢械薪懈褟.褍锌_袪械蟹械褉胁褘,0,袥袝袙袨袝_小袨袝袛袠袧袝袧袠袝
78,袙孝_孝褉邪薪蟹懈褌薪褘械袙懈写褘袧邪褔邪谢芯袣芯薪械褑.袙懈写袨斜褟蟹邪褌械谢褜褋褌胁,袙孝_孝褉邪薪蟹懈褌薪褘械袙懈写褘袧邪褔邪谢芯袣芯薪械褑.袙懈写袨斜褟蟹邪褌械谢褜褋褌胁,0,FROM
78,袙孝_孝褉邪薪蟹懈褌薪褘械袙懈写褘袧邪褔邪谢芯袣芯薪械褑.袛邪褌邪袨锌褉械写械谢械薪懈褟袨斜褟蟹邪褌械谢褜褋褌胁,袙孝_孝褉邪薪蟹懈褌薪褘械袙懈写褘袧邪褔邪谢芯袣芯薪械褑.袛邪褌邪袨锌褉械写械谢械薪懈褟袨斜褟蟹邪褌械谢褜褋褌胁,0,FROM
78,袙孝_孝褉邪薪蟹懈褌薪褘械袙懈写褘袧邪褔邪谢芯袣芯薪械褑.袛邪褌邪袨泻芯薪褔邪薪懈褟袨斜褟蟹邪褌械谢褜褋褌胁,袙孝_孝褉邪薪蟹懈褌薪褘械袙懈写褘袧邪褔邪谢芯袣芯薪械褑.袛邪褌邪袨泻芯薪褔邪薪懈褟袨斜褟蟹邪褌械谢褜褋褌胁,0,FROM
78,袩芯写袟邪锌褉芯褋.袙懈写袨斜褟蟹邪褌械谢褜褋褌胁,袩芯写袟邪锌褉芯褋.袙懈写袨斜褟蟹邪褌械谢褜褋褌胁,0,FROM
78,袩芯写袟邪锌褉芯褋.袛邪褌邪袨锌褉械写械谢械薪懈褟袨斜褟蟹邪褌械谢褜褋褌胁,袩芯写袟邪锌褉芯褋.袛邪褌邪袨锌褉械写械谢械薪懈褟袨斜褟蟹邪褌械谢褜褋褌胁,0,FROM
78,袩芯写袟邪锌褉芯褋.袛邪褌邪袨泻芯薪褔邪薪懈褟袨斜褟蟹邪褌械谢褜褋褌胁,袩芯写袟邪锌褉芯褋.袛邪褌邪袨泻芯薪褔邪薪懈褟袨斜褟蟹邪褌械谢褜褋褌胁,0,FROM
79,袙孝_孝褉邪薪蟹懈褌薪褘械袙懈写褘袧邪褔邪谢芯袣芯薪械褑,袙孝_孝褉邪薪蟹懈褌薪褘械袙懈写褘袧邪褔邪谢芯袣芯薪械褑,1,袠袟
79,褍锌_袙芯蟹胁褉邪褌褘袩褉芯褔懈褏袧邪褔懈褋谢械薪懈泄袧袩袨,袪械谐懈褋褌褉袧邪泻芯锌谢械薪懈褟.褍锌_袙芯蟹胁褉邪褌褘袩褉芯褔懈褏袧邪褔懈褋谢械薪懈泄袧袩袨,0,袥袝袙袨袝_小袨袝袛袠袧袝袧袠袝
79,袙孝_孝褉邪薪蟹懈褌薪褘械袙懈写褘袧邪褔邪谢芯袣芯薪械褑.袙懈写袨斜褟蟹邪褌械谢褜褋褌胁,袙孝_孝褉邪薪蟹懈褌薪褘械袙懈写褘袧邪褔邪谢芯袣芯薪械褑.袙懈写袨斜褟蟹邪褌械谢褜褋褌胁,0,FROM
79,袙孝_孝褉邪薪蟹懈褌薪褘械袙懈写褘袧邪褔邪谢芯袣芯薪械褑.袛邪褌邪袨锌褉械写械谢械薪懈褟袨斜褟蟹邪褌械谢褜褋褌胁,袙孝_孝褉邪薪蟹懈褌薪褘械袙懈写褘袧邪褔邪谢芯袣芯薪械褑.袛邪褌邪袨锌褉械写械谢械薪懈褟袨斜褟蟹邪褌械谢褜褋褌胁,0,FROM
79,袙孝_孝褉邪薪蟹懈褌薪褘械袙懈写褘袧邪褔邪谢芯袣芯薪械褑.袛邪褌邪袨泻芯薪褔邪薪懈褟袨斜褟蟹邪褌械谢褜褋褌胁,袙孝_孝褉邪薪蟹懈褌薪褘械袙懈写褘袧邪褔邪谢芯袣芯薪械褑.袛邪褌邪袨泻芯薪褔邪薪懈褟袨斜褟蟹邪褌械谢褜褋褌胁,0,FROM
80,袙孝_孝褉邪薪蟹懈褌薪褘械袙懈写褘袧邪褔邪谢芯袣芯薪械褑,袙孝_孝褉邪薪蟹懈褌薪褘械袙懈写褘袧邪褔邪谢芯袣芯薪械褑,1,袠袟
80,褍锌_袙芯蟹胁褉邪褌褘袩褉芯褔懈褏袧邪褔懈褋谢械薪懈泄袧袩袨,袪械谐懈褋褌褉袧邪泻芯锌谢械薪懈褟.褍锌_袙芯蟹胁褉邪褌褘袩褉芯褔懈褏袧邪褔懈褋谢械薪懈泄袧袩袨,0,袥袝袙袨袝_小袨袝袛袠袧袝袧袠袝
80,袙孝_孝褉邪薪蟹懈褌薪褘械袙懈写褘袧邪褔邪谢芯袣芯薪械褑.袙懈写袨斜褟蟹邪褌械谢褜褋褌胁,袙孝_孝褉邪薪蟹懈褌薪褘械袙懈写褘袧邪褔邪谢芯袣芯薪械褑.袙懈写袨斜褟蟹邪褌械谢褜褋褌胁,0,FROM
80,袙孝_孝褉邪薪蟹懈褌薪褘械袙懈写褘袧邪褔邪谢芯袣芯薪械褑.袛邪褌邪袨锌褉械写械谢械薪懈褟袨斜褟蟹邪褌械谢褜褋褌胁,袙孝_孝褉邪薪蟹懈褌薪褘械袙懈写褘袧邪褔邪谢芯袣芯薪械褑.袛邪褌邪袨锌褉械写械谢械薪懈褟袨斜褟蟹邪褌械谢褜褋褌胁,0,FROM
80,袙孝_孝褉邪薪蟹懈褌薪褘械袙懈写褘袧邪褔邪谢芯袣芯薪械褑.袛邪褌邪袨泻芯薪褔邪薪懈褟袨斜褟蟹邪褌械谢褜褋褌胁,袙孝_孝褉邪薪蟹懈褌薪褘械袙懈写褘袧邪褔邪谢芯袣芯薪械褑.袛邪褌邪袨泻芯薪褔邪薪懈褟袨斜褟蟹邪褌械谢褜褋褌胁,0,FROM
81,袙孝_孝褉邪薪蟹懈褌薪褘械袙懈写褘袧邪褔邪谢芯袣芯薪械褑,袙孝_孝褉邪薪蟹懈褌薪褘械袙懈写褘袧邪褔邪谢芯袣芯薪械褑,1,袠袟
81,褍锌_袙芯蟹胁褉邪褌褘袩械薪褋懈泄袧袩袨,袪械谐懈褋褌褉袧邪泻芯锌谢械薪懈褟.褍锌_袙芯蟹胁褉邪褌褘袩械薪褋懈泄袧袩袨,0,袥袝袙袨袝_小袨袝袛袠袧袝袧袠袝
81,袙孝_孝褉邪薪蟹懈褌薪褘械袙懈写褘袧邪褔邪谢芯袣芯薪械褑.袙懈写袨斜褟蟹邪褌械谢褜褋褌胁,袙孝_孝褉邪薪蟹懈褌薪褘械袙懈写褘袧邪褔邪谢芯袣芯薪械褑.袙懈写袨斜褟蟹邪褌械谢褜褋褌胁,0,FROM
81,袙孝_孝褉邪薪蟹懈褌薪褘械袙懈写褘袧邪褔邪谢芯袣芯薪械褑.袛邪褌邪袨锌褉械写械谢械薪懈褟袨斜褟蟹邪褌械谢褜褋褌胁,袙孝_孝褉邪薪蟹懈褌薪褘械袙懈写褘袧邪褔邪谢芯袣芯薪械褑.袛邪褌邪袨锌褉械写械谢械薪懈褟袨斜褟蟹邪褌械谢褜褋褌胁,0,FROM
81,袙孝_孝褉邪薪蟹懈褌薪褘械袙懈写褘袧邪褔邪谢芯袣芯薪械褑.袛邪褌邪袨泻芯薪褔邪薪懈褟袨斜褟蟹邪褌械谢褜褋褌胁,袙孝_孝褉邪薪蟹懈褌薪褘械袙懈写褘袧邪褔邪谢芯袣芯薪械褑.袛邪褌邪袨泻芯薪褔邪薪懈褟袨斜褟蟹邪褌械谢褜褋褌胁,0,FROM
82,袙孝_孝褉邪薪蟹懈褌薪褘械袙懈写褘袧邪褔邪谢芯袣芯薪械褑,袙孝_孝褉邪薪蟹懈褌薪褘械袙懈写褘袧邪褔邪谢芯袣芯薪械褑,1,袠袟
82,褍锌_袙芯蟹胁褉邪褌褘袩械薪褋懈泄袧袩袨,袪械谐懈褋褌褉袧邪泻芯锌谢械薪懈褟.褍锌_袙芯蟹胁褉邪褌褘袩械薪褋懈泄袧袩袨,0,袥袝袙袨袝_小袨袝袛袠袧袝袧袠袝
82,袙孝_孝褉邪薪蟹懈褌薪褘械袙懈写褘袧邪褔邪谢芯袣芯薪械褑.袙懈写袨斜褟蟹邪褌械谢褜褋褌胁,袙孝_孝褉邪薪蟹懈褌薪褘械袙懈写褘袧邪褔邪谢芯袣芯薪械褑.袙懈写袨斜褟蟹邪褌械谢褜褋褌胁,0,FROM
82,袙孝_孝褉邪薪蟹懈褌薪褘械袙懈写褘袧邪褔邪谢芯袣芯薪械褑.袛邪褌邪袨锌褉械写械谢械薪懈褟袨斜褟蟹邪褌械谢褜褋褌胁,袙孝_孝褉邪薪蟹懈褌薪褘械袙懈写褘袧邪褔邪谢芯袣芯薪械褑.袛邪褌邪袨锌褉械写械谢械薪懈褟袨斜褟蟹邪褌械谢褜褋褌胁,0,FROM
82,袙孝_孝褉邪薪蟹懈褌薪褘械袙懈写褘袧邪褔邪谢芯袣芯薪械褑.袛邪褌邪袨泻芯薪褔邪薪懈褟袨斜褟蟹邪褌械谢褜褋褌胁,袙孝_孝褉邪薪蟹懈褌薪褘械袙懈写褘袧邪褔邪谢芯袣芯薪械褑.袛邪褌邪袨泻芯薪褔邪薪懈褟袨斜褟蟹邪褌械谢褜褋褌胁,0,FROM
83,袣袗袣,袣袗袣,0,袠袟
83,袩芯写袟邪锌褉芯褋.袙懈写袨斜褟蟹邪褌械谢褜褋褌胁,袩芯写袟邪锌褉芯褋.袙懈写袨斜褟蟹邪褌械谢褜褋褌胁,0,FROM
83,袩芯写袟邪锌褉芯褋.袛邪褌邪袨锌褉械写械谢械薪懈褟袨斜褟蟹邪褌械谢褜褋褌胁,袩芯写袟邪锌褉芯褋.袛邪褌邪袨锌褉械写械谢械薪懈褟袨斜褟蟹邪褌械谢褜褋褌胁,0,FROM
83,袩芯写袟邪锌褉芯褋.袛邪褌邪袨泻芯薪褔邪薪懈褟袨斜褟蟹邪褌械谢褜褋褌胁,袩芯写袟邪锌褉芯褋.袛邪褌邪袨泻芯薪褔邪薪懈褟袨斜褟蟹邪褌械谢褜褋褌胁,0,FROM
83,袩芯写袟邪锌褉芯褋.袩褉懈蟹薪邪泻袠褋褏袨褋褌邪褌泻邪,袩芯写袟邪锌褉芯褋.袩褉懈蟹薪邪泻袠褋褏袨褋褌邪褌泻邪,0,FROM
84,袙孝_袨褋褌邪褌泻懈孝褉邪薪蟹懈褌薪褘械袙懈写褘,袙孝_袨褋褌邪褌泻懈孝褉邪薪蟹懈褌薪褘械袙懈写褘,1,袠袟
84,袙懈写袨斜褟蟹邪褌械谢褜褋褌胁,袙孝_孝褉邪薪蟹懈褌薪褘械袙懈写褘袧邪褔邪谢芯袣芯薪械褑.袙懈写袨斜褟蟹邪褌械谢褜褋褌胁,0,FROM
84,袛邪褌邪袨锌褉械写械谢械薪懈褟袨斜褟蟹邪褌械谢褜褋褌胁,袙孝_孝褉邪薪蟹懈褌薪褘械袙懈写褘袧邪褔邪谢芯袣芯薪械褑.袛邪褌邪袨锌褉械写械谢械薪懈褟袨斜褟蟹邪褌械谢褜褋褌胁,0,FROM
84,袛邪褌邪袨泻芯薪褔邪薪懈褟袨斜褟蟹邪褌械谢褜褋褌胁,袙孝_孝褉邪薪蟹懈褌薪褘械袙懈写褘袧邪褔邪谢芯袣芯薪械褑.袛邪褌邪袨泻芯薪褔邪薪懈褟袨斜褟蟹邪褌械谢褜褋褌胁,0,FROM
84,0,0,0,FROM
84,袙蟹薪芯褋褘,小校袦袦袗,0,FROM
84,袥袨袞鞋,袥袨袞鞋,0,FROM
84,袙孝_孝褉邪薪蟹懈褌薪褘械袙懈写褘袧邪褔邪谢芯袣芯薪械褑,袙孝_孝褉邪薪蟹懈褌薪褘械袙懈写褘袧邪褔邪谢芯袣芯薪械褑,1,袠袟
84,褍锌_袩芯褋褌褍锌谢械薪懈褟,袪械谐懈褋褌褉袧邪泻芯锌谢械薪懈褟.褍锌_袩芯褋褌褍锌谢械薪懈褟,0,袥袝袙袨袝_小袨袝袛袠袧袝袧袠袝
84,袙孝_孝褉邪薪蟹懈褌薪褘械袙懈写褘袧邪褔邪谢芯袣芯薪械褑.袙懈写袨斜褟蟹邪褌械谢褜褋褌胁,袙孝_孝褉邪薪蟹懈褌薪褘械袙懈写褘袧邪褔邪谢芯袣芯薪械褑.袙懈写袨斜褟蟹邪褌械谢褜褋褌胁,0,FROM
84,袙孝_孝褉邪薪蟹懈褌薪褘械袙懈写褘袧邪褔邪谢芯袣芯薪械褑.袛邪褌邪袨锌褉械写械谢械薪懈褟袨斜褟蟹邪褌械谢褜褋褌胁,袙孝_孝褉邪薪蟹懈褌薪褘械袙懈写褘袧邪褔邪谢芯袣芯薪械褑.袛邪褌邪袨锌褉械写械谢械薪懈褟袨斜褟蟹邪褌械谢褜褋褌胁,0,FROM
84,袙孝_孝褉邪薪蟹懈褌薪褘械袙懈写褘袧邪褔邪谢芯袣芯薪械褑.袛邪褌邪袨泻芯薪褔邪薪懈褟袨斜褟蟹邪褌械谢褜褋褌胁,袙孝_孝褉邪薪蟹懈褌薪褘械袙懈写褘袧邪褔邪谢芯袣芯薪械褑.袛邪褌邪袨泻芯薪褔邪薪懈褟袨斜褟蟹邪褌械谢褜褋褌胁,0,FROM
84,袠薪胁械褋褌懈褑懈芯薪薪褘泄袛芯褏芯写,小校袦袦袗,0,FROM
84,褍锌_袠薪胁械褋褌袛芯褏芯写,袪械谐懈褋褌褉袧邪泻芯锌谢械薪懈褟.褍锌_袠薪胁械褋褌袛芯褏芯写,0,袥袝袙袨袝_小袨袝袛袠袧袝袧袠袝
84,小校袦袦袗,小校袦袦袗,0,FROM
85,袙孝_袨褋褌邪褌泻懈孝褉邪薪蟹懈褌薪褘械袙懈写褘,袙孝_袨褋褌邪褌泻懈孝褉邪薪蟹懈褌薪褘械袙懈写褘,1,袠袟
86,袙孝_孝褉邪薪蟹懈褌薪褘械袙懈写褘袧邪褔邪谢芯袣芯薪械褑,袙孝_孝褉邪薪蟹懈褌薪褘械袙懈写褘袧邪褔邪谢芯袣芯薪械褑,1,袠袟
86,褍锌_袩芯褋褌褍锌谢械薪懈褟,袪械谐懈褋褌褉袧邪泻芯锌谢械薪懈褟.褍锌_袩芯褋褌褍锌谢械薪懈褟,0,袥袝袙袨袝_小袨袝袛袠袧袝袧袠袝
86,袙孝_孝褉邪薪蟹懈褌薪褘械袙懈写褘袧邪褔邪谢芯袣芯薪械褑.袙懈写袨斜褟蟹邪褌械谢褜褋褌胁,袙孝_孝褉邪薪蟹懈褌薪褘械袙懈写褘袧邪褔邪谢芯袣芯薪械褑.袙懈写袨斜褟蟹邪褌械谢褜褋褌胁,0,FROM
86,袙孝_孝褉邪薪蟹懈褌薪褘械袙懈写褘袧邪褔邪谢芯袣芯薪械褑.袛邪褌邪袨锌褉械写械谢械薪懈褟袨斜褟蟹邪褌械谢褜褋褌胁,袙孝_孝褉邪薪蟹懈褌薪褘械袙懈写褘袧邪褔邪谢芯袣芯薪械褑.袛邪褌邪袨锌褉械写械谢械薪懈褟袨斜褟蟹邪褌械谢褜褋褌胁,0,FROM
86,袙孝_孝褉邪薪蟹懈褌薪褘械袙懈写褘袧邪褔邪谢芯袣芯薪械褑.袛邪褌邪袨泻芯薪褔邪薪懈褟袨斜褟蟹邪褌械谢褜褋褌胁,袙孝_孝褉邪薪蟹懈褌薪褘械袙懈写褘袧邪褔邪谢芯袣芯薪械褑.袛邪褌邪袨泻芯薪褔邪薪懈褟袨斜褟蟹邪褌械谢褜褋褌胁,0,FROM
87,袙孝_孝褉邪薪蟹懈褌薪褘械袙懈写褘袧邪褔邪谢芯袣芯薪械褑,袙孝_孝褉邪薪蟹懈褌薪褘械袙懈写褘袧邪褔邪谢芯袣芯薪械褑,1,袠袟
87,褍锌_袠薪胁械褋褌袛芯褏芯写,袪械谐懈褋褌褉袧邪泻芯锌谢械薪懈褟.褍锌_袠薪胁械褋褌袛芯褏芯写,0,袥袝袙袨袝_小袨袝袛袠袧袝袧袠袝
87,袙孝_孝褉邪薪蟹懈褌薪褘械袙懈写褘袧邪褔邪谢芯袣芯薪械褑.袙懈写袨斜褟蟹邪褌械谢褜褋褌胁,袙孝_孝褉邪薪蟹懈褌薪褘械袙懈写褘袧邪褔邪谢芯袣芯薪械褑.袙懈写袨斜褟蟹邪褌械谢褜褋褌胁,0,FROM
87,袙孝_孝褉邪薪蟹懈褌薪褘械袙懈写褘袧邪褔邪谢芯袣芯薪械褑.袛邪褌邪袨锌褉械写械谢械薪懈褟袨斜褟蟹邪褌械谢褜褋褌胁,袙孝_孝褉邪薪蟹懈褌薪褘械袙懈写褘袧邪褔邪谢芯袣芯薪械褑.袛邪褌邪袨锌褉械写械谢械薪懈褟袨斜褟蟹邪褌械谢褜褋褌胁,0,FROM
87,袙孝_孝褉邪薪蟹懈褌薪褘械袙懈写褘袧邪褔邪谢芯袣芯薪械褑.袛邪褌邪袨泻芯薪褔邪薪懈褟袨斜褟蟹邪褌械谢褜褋褌胁,袙孝_孝褉邪薪蟹懈褌薪褘械袙懈写褘袧邪褔邪谢芯袣芯薪械褑.袛邪褌邪袨泻芯薪褔邪薪懈褟袨斜褟蟹邪褌械谢褜褋褌胁,0,FROM
88,袙孝_孝褉邪薪蟹懈褌薪褘械袙懈写褘袧邪褔邪谢芯袣芯薪械褑,袙孝_孝褉邪薪蟹懈褌薪褘械袙懈写褘袧邪褔邪谢芯袣芯薪械褑,1,袠袟
88,褍锌_袟邪写芯谢卸械薪薪芯褋褌褜袩芯袩械薪褋懈褟屑,袪械谐懈褋褌褉袧邪泻芯锌谢械薪懈褟.褍锌_袟邪写芯谢卸械薪薪芯褋褌褜袩芯袩械薪褋懈褟屑,0,袥袝袙袨袝_小袨袝袛袠袧袝袧袠袝
88,袙孝_孝褉邪薪蟹懈褌薪褘械袙懈写褘袧邪褔邪谢芯袣芯薪械褑.袙懈写袨斜褟蟹邪褌械谢褜褋褌胁,袙孝_孝褉邪薪蟹懈褌薪褘械袙懈写褘袧邪褔邪谢芯袣芯薪械褑.袙懈写袨斜褟蟹邪褌械谢褜褋褌胁,0,FROM
88,袙孝_孝褉邪薪蟹懈褌薪褘械袙懈写褘袧邪褔邪谢芯袣芯薪械褑.袛邪褌邪袨锌褉械写械谢械薪懈褟袨斜褟蟹邪褌械谢褜褋褌胁,袙孝_孝褉邪薪蟹懈褌薪褘械袙懈写褘袧邪褔邪谢芯袣芯薪械褑.袛邪褌邪袨锌褉械写械谢械薪懈褟袨斜褟蟹邪褌械谢褜褋褌胁,0,FROM
88,袙孝_孝褉邪薪蟹懈褌薪褘械袙懈写褘袧邪褔邪谢芯袣芯薪械褑.袛邪褌邪袨泻芯薪褔邪薪懈褟袨斜褟蟹邪褌械谢褜褋褌胁,袙孝_孝褉邪薪蟹懈褌薪褘械袙懈写褘袧邪褔邪谢芯袣芯薪械褑.袛邪褌邪袨泻芯薪褔邪薪懈褟袨斜褟蟹邪褌械谢褜褋褌胁,0,FROM
89,袙孝_孝褉邪薪蟹懈褌薪褘械袙懈写褘袧邪褔邪谢芯袣芯薪械褑,袙孝_孝褉邪薪蟹懈褌薪褘械袙懈写褘袧邪褔邪谢芯袣芯薪械褑,1,袠袟
89,褍锌_袧邪褔懈褋谢械薪懈褟袩械薪褋懈泄,袪械谐懈褋褌褉袧邪泻芯锌谢械薪懈褟.褍锌_袧邪褔懈褋谢械薪懈褟袩械薪褋懈泄,0,袥袝袙袨袝_小袨袝袛袠袧袝袧袠袝
89,袙孝_孝褉邪薪蟹懈褌薪褘械袙懈写褘袧邪褔邪谢芯袣芯薪械褑.袙懈写袨斜褟蟹邪褌械谢褜褋褌胁,袙孝_孝褉邪薪蟹懈褌薪褘械袙懈写褘袧邪褔邪谢芯袣芯薪械褑.袙懈写袨斜褟蟹邪褌械谢褜褋褌胁,0,FROM
89,袙孝_孝褉邪薪蟹懈褌薪褘械袙懈写褘袧邪褔邪谢芯袣芯薪械褑.袛邪褌邪袨锌褉械写械谢械薪懈褟袨斜褟蟹邪褌械谢褜褋褌胁,袙孝_孝褉邪薪蟹懈褌薪褘械袙懈写褘袧邪褔邪谢芯袣芯薪械褑.袛邪褌邪袨锌褉械写械谢械薪懈褟袨斜褟蟹邪褌械谢褜褋褌胁,0,FROM
89,袙孝_孝褉邪薪蟹懈褌薪褘械袙懈写褘袧邪褔邪谢芯袣芯薪械褑.袛邪褌邪袨泻芯薪褔邪薪懈褟袨斜褟蟹邪褌械谢褜褋褌胁,袙孝_孝褉邪薪蟹懈褌薪褘械袙懈写褘袧邪褔邪谢芯袣芯薪械褑.袛邪褌邪袨泻芯薪褔邪薪懈褟袨斜褟蟹邪褌械谢褜褋褌胁,0,FROM
89,袙懈写袨斜褟蟹邪褌械谢褜褋褌胁,袙孝_孝褉邪薪蟹懈褌薪褘械袙懈写褘袧邪褔邪谢芯袣芯薪械褑.袙懈写袨斜褟蟹邪褌械谢褜褋褌胁,0,FROM
89,袛邪褌邪袨锌褉械写械谢械薪懈褟袨斜褟蟹邪褌械谢褜褋褌胁,袙孝_孝褉邪薪蟹懈褌薪褘械袙懈写褘袧邪褔邪谢芯袣芯薪械褑.袛邪褌邪袨锌褉械写械谢械薪懈褟袨斜褟蟹邪褌械谢褜褋褌胁,0,FROM
89,袛邪褌邪袨泻芯薪褔邪薪懈褟袨斜褟蟹邪褌械谢褜褋褌胁,袙孝_孝褉邪薪蟹懈褌薪褘械袙懈写褘袧邪褔邪谢芯袣芯薪械褑.袛邪褌邪袨泻芯薪褔邪薪懈褟袨斜褟蟹邪褌械谢褜褋褌胁,0,FROM
89,0,0,0,FROM
89,小校袦袦袗,小校袦袦袗,0,FROM
89,褍锌_袩褉芯褔懈械袧邪褔懈褋谢械薪懈褟,袪械谐懈褋褌褉袧邪泻芯锌谢械薪懈褟.褍锌_袩褉芯褔懈械袧邪褔懈褋谢械薪懈褟,0,袥袝袙袨袝_小袨袝袛袠袧袝袧袠袝
89,褍锌_袨褌胁械褉谐薪褍褌褘械袩谢邪褌械卸懈袩械薪褋懈泄袧袩袨,袪械谐懈褋褌褉袧邪泻芯锌谢械薪懈褟.褍锌_袨褌胁械褉谐薪褍褌褘械袩谢邪褌械卸懈袩械薪褋懈泄袧袩袨,0,袥袝袙袨袝_小袨袝袛袠袧袝袧袠袝
89,褍锌_袨褌胁械褉谐薪褍褌褘械袩谢邪褌械卸懈袩褉芯褔懈械袧邪褔懈褋谢械薪懈褟袧袩袨,袪械谐懈褋褌褉袧邪泻芯锌谢械薪懈褟.褍锌_袨褌胁械褉谐薪褍褌褘械袩谢邪褌械卸懈袩褉芯褔懈械袧邪褔懈褋谢械薪懈褟袧袩袨,0,袥袝袙袨袝_小袨袝袛袠袧袝袧袠袝
90,袙孝_孝褉邪薪蟹懈褌薪褘械袙懈写褘袧邪褔邪谢芯袣芯薪械褑,袙孝_孝褉邪薪蟹懈褌薪褘械袙懈写褘袧邪褔邪谢芯袣芯薪械褑,1,袠袟
90,褍锌_袧邪褔懈褋谢械薪懈褟袩械薪褋懈泄,袪械谐懈褋褌褉袧邪泻芯锌谢械薪懈褟.褍锌_袧邪褔懈褋谢械薪懈褟袩械薪褋懈泄,0,袥袝袙袨袝_小袨袝袛袠袧袝袧袠袝
90,袙孝_孝褉邪薪蟹懈褌薪褘械袙懈写褘袧邪褔邪谢芯袣芯薪械褑.袙懈写袨斜褟蟹邪褌械谢褜褋褌胁,袙孝_孝褉邪薪蟹懈褌薪褘械袙懈写褘袧邪褔邪谢芯袣芯薪械褑.袙懈写袨斜褟蟹邪褌械谢褜褋褌胁,0,FROM
90,袙孝_孝褉邪薪蟹懈褌薪褘械袙懈写褘袧邪褔邪谢芯袣芯薪械褑.袛邪褌邪袨锌褉械写械谢械薪懈褟袨斜褟蟹邪褌械谢褜褋褌胁,袙孝_孝褉邪薪蟹懈褌薪褘械袙懈写褘袧邪褔邪谢芯袣芯薪械褑.袛邪褌邪袨锌褉械写械谢械薪懈褟袨斜褟蟹邪褌械谢褜褋褌胁,0,FROM
90,袙孝_孝褉邪薪蟹懈褌薪褘械袙懈写褘袧邪褔邪谢芯袣芯薪械褑.袛邪褌邪袨泻芯薪褔邪薪懈褟袨斜褟蟹邪褌械谢褜褋褌胁,袙孝_孝褉邪薪蟹懈褌薪褘械袙懈写褘袧邪褔邪谢芯袣芯薪械褑.袛邪褌邪袨泻芯薪褔邪薪懈褟袨斜褟蟹邪褌械谢褜褋褌胁,0,FROM
91,袙孝_孝褉邪薪蟹懈褌薪褘械袙懈写褘袧邪褔邪谢芯袣芯薪械褑,袙孝_孝褉邪薪蟹懈褌薪褘械袙懈写褘袧邪褔邪谢芯袣芯薪械褑,1,袠袟
91,褍锌_袩褉芯褔懈械袧邪褔懈褋谢械薪懈褟,袪械谐懈褋褌褉袧邪泻芯锌谢械薪懈褟.褍锌_袩褉芯褔懈械袧邪褔懈褋谢械薪懈褟,0,袥袝袙袨袝_小袨袝袛袠袧袝袧袠袝
91,袙孝_孝褉邪薪蟹懈褌薪褘械袙懈写褘袧邪褔邪谢芯袣芯薪械褑.袙懈写袨斜褟蟹邪褌械谢褜褋褌胁,袙孝_孝褉邪薪蟹懈褌薪褘械袙懈写褘袧邪褔邪谢芯袣芯薪械褑.袙懈写袨斜褟蟹邪褌械谢褜褋褌胁,0,FROM
91,袙孝_孝褉邪薪蟹懈褌薪褘械袙懈写褘袧邪褔邪谢芯袣芯薪械褑.袛邪褌邪袨锌褉械写械谢械薪懈褟袨斜褟蟹邪褌械谢褜褋褌胁,袙孝_孝褉邪薪蟹懈褌薪褘械袙懈写褘袧邪褔邪谢芯袣芯薪械褑.袛邪褌邪袨锌褉械写械谢械薪懈褟袨斜褟蟹邪褌械谢褜褋褌胁,0,FROM
91,袙孝_孝褉邪薪蟹懈褌薪褘械袙懈写褘袧邪褔邪谢芯袣芯薪械褑.袛邪褌邪袨泻芯薪褔邪薪懈褟袨斜褟蟹邪褌械谢褜褋褌胁,袙孝_孝褉邪薪蟹懈褌薪褘械袙懈写褘袧邪褔邪谢芯袣芯薪械褑.袛邪褌邪袨泻芯薪褔邪薪懈褟袨斜褟蟹邪褌械谢褜褋褌胁,0,FROM
92,袙孝_孝褉邪薪蟹懈褌薪褘械袙懈写褘袧邪褔邪谢芯袣芯薪械褑,袙孝_孝褉邪薪蟹懈褌薪褘械袙懈写褘袧邪褔邪谢芯袣芯薪械褑,1,袠袟
92,褍锌_袩褉芯褔懈械袧邪褔懈褋谢械薪懈褟,袪械谐懈褋褌褉袧邪泻芯锌谢械薪懈褟.褍锌_袩褉芯褔懈械袧邪褔懈褋谢械薪懈褟,0,袥袝袙袨袝_小袨袝袛袠袧袝袧袠袝
92,袙孝_孝褉邪薪蟹懈褌薪褘械袙懈写褘袧邪褔邪谢芯袣芯薪械褑.袙懈写袨斜褟蟹邪褌械谢褜褋褌胁,袙孝_孝褉邪薪蟹懈褌薪褘械袙懈写褘袧邪褔邪谢芯袣芯薪械褑.袙懈写袨斜褟蟹邪褌械谢褜褋褌胁,0,FROM
92,袙孝_孝褉邪薪蟹懈褌薪褘械袙懈写褘袧邪褔邪谢芯袣芯薪械褑.袛邪褌邪袨锌褉械写械谢械薪懈褟袨斜褟蟹邪褌械谢褜褋褌胁,袙孝_孝褉邪薪蟹懈褌薪褘械袙懈写褘袧邪褔邪谢芯袣芯薪械褑.袛邪褌邪袨锌褉械写械谢械薪懈褟袨斜褟蟹邪褌械谢褜褋褌胁,0,FROM
92,袙孝_孝褉邪薪蟹懈褌薪褘械袙懈写褘袧邪褔邪谢芯袣芯薪械褑.袛邪褌邪袨泻芯薪褔邪薪懈褟袨斜褟蟹邪褌械谢褜褋褌胁,袙孝_孝褉邪薪蟹懈褌薪褘械袙懈写褘袧邪褔邪谢芯袣芯薪械褑.袛邪褌邪袨泻芯薪褔邪薪懈褟袨斜褟蟹邪褌械谢褜褋褌胁,0,FROM
93,袙孝_孝褉邪薪蟹懈褌薪褘械袙懈写褘袧邪褔邪谢芯袣芯薪械褑,袙孝_孝褉邪薪蟹懈褌薪褘械袙懈写褘袧邪褔邪谢芯袣芯薪械褑,1,袠袟
93,褍锌_袨褌胁械褉谐薪褍褌褘械袩谢邪褌械卸懈袩械薪褋懈泄袧袩袨,袪械谐懈褋褌褉袧邪泻芯锌谢械薪懈褟.褍锌_袨褌胁械褉谐薪褍褌褘械袩谢邪褌械卸懈袩械薪褋懈泄袧袩袨,0,袥袝袙袨袝_小袨袝袛袠袧袝袧袠袝
93,袙孝_孝褉邪薪蟹懈褌薪褘械袙懈写褘袧邪褔邪谢芯袣芯薪械褑.袙懈写袨斜褟蟹邪褌械谢褜褋褌胁,袙孝_孝褉邪薪蟹懈褌薪褘械袙懈写褘袧邪褔邪谢芯袣芯薪械褑.袙懈写袨斜褟蟹邪褌械谢褜褋褌胁,0,FROM
93,袙孝_孝褉邪薪蟹懈褌薪褘械袙懈写褘袧邪褔邪谢芯袣芯薪械褑.袛邪褌邪袨锌褉械写械谢械薪懈褟袨斜褟蟹邪褌械谢褜褋褌胁,袙孝_孝褉邪薪蟹懈褌薪褘械袙懈写褘袧邪褔邪谢芯袣芯薪械褑.袛邪褌邪袨锌褉械写械谢械薪懈褟袨斜褟蟹邪褌械谢褜褋褌胁,0,FROM
93,袙孝_孝褉邪薪蟹懈褌薪褘械袙懈写褘袧邪褔邪谢芯袣芯薪械褑.袛邪褌邪袨泻芯薪褔邪薪懈褟袨斜褟蟹邪褌械谢褜褋褌胁,袙孝_孝褉邪薪蟹懈褌薪褘械袙懈写褘袧邪褔邪谢芯袣芯薪械褑.袛邪褌邪袨泻芯薪褔邪薪懈褟袨斜褟蟹邪褌械谢褜褋褌胁,0,FROM
94,袙孝_孝褉邪薪蟹懈褌薪褘械袙懈写褘袧邪褔邪谢芯袣芯薪械褑,袙孝_孝褉邪薪蟹懈褌薪褘械袙懈写褘袧邪褔邪谢芯袣芯薪械褑,1,袠袟
94,褍锌_袨褌胁械褉谐薪褍褌褘械袩谢邪褌械卸懈袩褉芯褔懈械袧邪褔懈褋谢械薪懈褟袧袩袨,袪械谐懈褋褌褉袧邪泻芯锌谢械薪懈褟.褍锌_袨褌胁械褉谐薪褍褌褘械袩谢邪褌械卸懈袩褉芯褔懈械袧邪褔懈褋谢械薪懈褟袧袩袨,0,袥袝袙袨袝_小袨袝袛袠袧袝袧袠袝
94,袙孝_孝褉邪薪蟹懈褌薪褘械袙懈写褘袧邪褔邪谢芯袣芯薪械褑.袙懈写袨斜褟蟹邪褌械谢褜褋褌胁,袙孝_孝褉邪薪蟹懈褌薪褘械袙懈写褘袧邪褔邪谢芯袣芯薪械褑.袙懈写袨斜褟蟹邪褌械谢褜褋褌胁,0,FROM
94,袙孝_孝褉邪薪蟹懈褌薪褘械袙懈写褘袧邪褔邪谢芯袣芯薪械褑.袛邪褌邪袨锌褉械写械谢械薪懈褟袨斜褟蟹邪褌械谢褜褋褌胁,袙孝_孝褉邪薪蟹懈褌薪褘械袙懈写褘袧邪褔邪谢芯袣芯薪械褑.袛邪褌邪袨锌褉械写械谢械薪懈褟袨斜褟蟹邪褌械谢褜褋褌胁,0,FROM
94,袙孝_孝褉邪薪蟹懈褌薪褘械袙懈写褘袧邪褔邪谢芯袣芯薪械褑.袛邪褌邪袨泻芯薪褔邪薪懈褟袨斜褟蟹邪褌械谢褜褋褌胁,袙孝_孝褉邪薪蟹懈褌薪褘械袙懈写褘袧邪褔邪谢芯袣芯薪械褑.袛邪褌邪袨泻芯薪褔邪薪懈褟袨斜褟蟹邪褌械谢褜褋褌胁,0,FROM
95,袙孝_袙褘锌谢邪褌褘袩袪孝褉邪薪蟹懈褌薪褘械袙懈写褘,袙孝_袙褘锌谢邪褌褘袩袪孝褉邪薪蟹懈褌薪褘械袙懈写褘,1,袠袟
95,袙孝_袙褘锌谢邪褌褘袩袪孝褉邪薪蟹懈褌薪褘械袙懈写褘.袙懈写袨斜褟蟹邪褌械谢褜褋褌胁,袙孝_袙褘锌谢邪褌褘袩袪孝褉邪薪蟹懈褌薪褘械袙懈写褘.袙懈写袨斜褟蟹邪褌械谢褜褋褌胁,0,FROM
95,袙孝_袙褘锌谢邪褌褘袩袪孝褉邪薪蟹懈褌薪褘械袙懈写褘.袛邪褌邪袨锌褉械写械谢械薪懈褟袨斜褟蟹邪褌械谢褜褋褌胁,袙孝_袙褘锌谢邪褌褘袩袪孝褉邪薪蟹懈褌薪褘械袙懈写褘.袛邪褌邪袨锌褉械写械谢械薪懈褟袨斜褟蟹邪褌械谢褜褋褌胁,0,FROM
95,袙孝_袙褘锌谢邪褌褘袩袪孝褉邪薪蟹懈褌薪褘械袙懈写褘.袛邪褌邪袨泻芯薪褔邪薪懈褟袨斜褟蟹邪褌械谢褜褋褌胁,袙孝_袙褘锌谢邪褌褘袩袪孝褉邪薪蟹懈褌薪褘械袙懈写褘.袛邪褌邪袨泻芯薪褔邪薪懈褟袨斜褟蟹邪褌械谢褜褋褌胁,0,FROM
96,袙孝_孝褉邪薪蟹懈褌薪褘械袙懈写褘袧邪褔邪谢芯袣芯薪械褑,袙孝_孝褉邪薪蟹懈褌薪褘械袙懈写褘袧邪褔邪谢芯袣芯薪械褑,1,袠袟
96,褍锌_袪械蟹械褉胁褘,袪械谐懈褋褌褉袧邪泻芯锌谢械薪懈褟.褍锌_袪械蟹械褉胁褘,0,袥袝袙袨袝_小袨袝袛袠袧袝袧袠袝
97,袙孝_孝懈锌褘袪械蟹械褉胁芯胁,袙孝_孝懈锌褘袪械蟹械褉胁芯胁,1,袠袟
98,袙孝_孝褉邪薪蟹懈褌薪褘械袙懈写褘袧邪褔邪谢芯袣芯薪械褑,袙孝_孝褉邪薪蟹懈褌薪褘械袙懈写褘袧邪褔邪谢芯袣芯薪械褑,1,袠袟
98,袪械蟹械褉胁褘,袪械谐懈褋褌褉袧邪泻芯锌谢械薪懈褟.褍锌_袪械蟹械褉胁褘,0,袥袝袙袨袝_小袨袝袛袠袧袝袧袠袝
98,袙孝_袩械褉械胁芯写褘袠蟹袪械谐懈褋褌褉芯胁_袙懈写褘袛胁懈卸械薪懈泄,袙孝_袩械褉械胁芯写褘袠蟹袪械谐懈褋褌褉芯胁_袙懈写褘袛胁懈卸械薪懈泄,1,袙袧校孝袪袝袧袧袝袝_小袨袝袛袠袧袝袧袠袝
98,袙孝_孝褉邪薪蟹懈褌薪褘械袙懈写褘袧邪褔邪谢芯袣芯薪械褑.袩械薪褋懈芯薪薪褘泄小褔械褌,袙孝_孝褉邪薪蟹懈褌薪褘械袙懈写褘袧邪褔邪谢芯袣芯薪械褑.袩械薪褋懈芯薪薪褘泄小褔械褌,0,FROM
98,袙孝_孝褉邪薪蟹懈褌薪褘械袙懈写褘袧邪褔邪谢芯袣芯薪械褑.袙懈写袨斜褟蟹邪褌械谢褜褋褌胁,袙孝_孝褉邪薪蟹懈褌薪褘械袙懈写褘袧邪褔邪谢芯袣芯薪械褑.袙懈写袨斜褟蟹邪褌械谢褜褋褌胁,0,FROM
98,袙孝_孝褉邪薪蟹懈褌薪褘械袙懈写褘袧邪褔邪谢芯袣芯薪械褑.袛邪褌邪袨锌褉械写械谢械薪懈褟袨斜褟蟹邪褌械谢褜褋褌胁,袙孝_孝褉邪薪蟹懈褌薪褘械袙懈写褘袧邪褔邪谢芯袣芯薪械褑.袛邪褌邪袨锌褉械写械谢械薪懈褟袨斜褟蟹邪褌械谢褜褋褌胁,0,FROM
98,袙孝_孝褉邪薪蟹懈褌薪褘械袙懈写褘袧邪褔邪谢芯袣芯薪械褑.袛邪褌邪袨泻芯薪褔邪薪懈褟袨斜褟蟹邪褌械谢褜褋褌胁,袙孝_孝褉邪薪蟹懈褌薪褘械袙懈写褘袧邪褔邪谢芯袣芯薪械褑.袛邪褌邪袨泻芯薪褔邪薪懈褟袨斜褟蟹邪褌械谢褜褋褌胁,0,FROM
98,袪械蟹械褉胁褘.袙懈写袛胁懈卸械薪懈褟袝袩小,袪械蟹械褉胁褘.袙懈写袛胁懈卸械薪懈褟袝袩小,0,FROM
98,袩械薪褋懈芯薪薪褘泄小褔械褌,袙孝_孝褉邪薪蟹懈褌薪褘械袙懈写褘袧邪褔邪谢芯袣芯薪械褑.袩械薪褋懈芯薪薪褘泄小褔械褌,0,FROM
98,袙懈写袨斜褟蟹邪褌械谢褜褋褌胁,袙孝_孝褉邪薪蟹懈褌薪褘械袙懈写褘袧邪褔邪谢芯袣芯薪械褑.袙懈写袨斜褟蟹邪褌械谢褜褋褌胁,0,FROM
98,袛邪褌邪袨锌褉械写械谢械薪懈褟袨斜褟蟹邪褌械谢褜褋褌胁,袙孝_孝褉邪薪蟹懈褌薪褘械袙懈写褘袧邪褔邪谢芯袣芯薪械褑.袛邪褌邪袨锌褉械写械谢械薪懈褟袨斜褟蟹邪褌械谢褜褋褌胁,0,FROM
98,袛邪褌邪袨泻芯薪褔邪薪懈褟袨斜褟蟹邪褌械谢褜褋褌胁,袙孝_孝褉邪薪蟹懈褌薪褘械袙懈写褘袧邪褔邪谢芯袣芯薪械褑.袛邪褌邪袨泻芯薪褔邪薪懈褟袨斜褟蟹邪褌械谢褜褋褌胁,0,FROM
98,袙懈写袛胁懈卸械薪懈褟袝袩小,袪械蟹械褉胁褘.袙懈写袛胁懈卸械薪懈褟袝袩小,0,FROM
98,小褍屑屑邪,0,0,FROM
98,小褍屑屑邪袙袪械蟹械褉胁褘,袝小孝鞋NULL,0,FROM
98,袙孝_袩械褉械胁芯写褘袠蟹袪械谐懈褋褌褉芯胁_袙懈写褘袛胁懈卸械薪懈泄_袙袪械蟹械褉胁褘,袙孝_袩械褉械胁芯写褘袠蟹袪械谐懈褋褌褉芯胁_袙懈写褘袛胁懈卸械薪懈泄_袙袪械蟹械褉胁褘,1,袙袧校孝袪袝袧袧袝袝_小袨袝袛袠袧袝袧袠袝
98,袪械蟹械褉胁褘.袙懈写袛胁懈卸械薪懈褟袩芯孝懈锌邪屑袝袩小,袪械蟹械褉胁褘.袙懈写袛胁懈卸械薪懈褟袩芯孝懈锌邪屑袝袩小,0,FROM
99,袙孝_孝褉邪薪蟹懈褌薪褘械袙懈写褘袧邪褔邪谢芯袣芯薪械褑,袙孝_孝褉邪薪蟹懈褌薪褘械袙懈写褘袧邪褔邪谢芯袣芯薪械褑,1,袠袟
99,袪械蟹械褉胁褘,袪械谐懈褋褌褉袧邪泻芯锌谢械薪懈褟.褍锌_袪械蟹械褉胁褘,0,袥袝袙袨袝_小袨袝袛袠袧袝袧袠袝
99,袙孝_袩械褉械胁芯写褘袠蟹袪械谐懈褋褌褉芯胁_袙懈写褘袛胁懈卸械薪懈泄,袙孝_袩械褉械胁芯写褘袠蟹袪械谐懈褋褌褉芯胁_袙懈写褘袛胁懈卸械薪懈泄,1,袙袧校孝袪袝袧袧袝袝_小袨袝袛袠袧袝袧袠袝
99,袙孝_孝褉邪薪蟹懈褌薪褘械袙懈写褘袧邪褔邪谢芯袣芯薪械褑.袩械薪褋懈芯薪薪褘泄小褔械褌,袙孝_孝褉邪薪蟹懈褌薪褘械袙懈写褘袧邪褔邪谢芯袣芯薪械褑.袩械薪褋懈芯薪薪褘泄小褔械褌,0,FROM
99,袙孝_孝褉邪薪蟹懈褌薪褘械袙懈写褘袧邪褔邪谢芯袣芯薪械褑.袙懈写袨斜褟蟹邪褌械谢褜褋褌胁,袙孝_孝褉邪薪蟹懈褌薪褘械袙懈写褘袧邪褔邪谢芯袣芯薪械褑.袙懈写袨斜褟蟹邪褌械谢褜褋褌胁,0,FROM
99,袙孝_孝褉邪薪蟹懈褌薪褘械袙懈写褘袧邪褔邪谢芯袣芯薪械褑.袛邪褌邪袨锌褉械写械谢械薪懈褟袨斜褟蟹邪褌械谢褜褋褌胁,袙孝_孝褉邪薪蟹懈褌薪褘械袙懈写褘袧邪褔邪谢芯袣芯薪械褑.袛邪褌邪袨锌褉械写械谢械薪懈褟袨斜褟蟹邪褌械谢褜褋褌胁,0,FROM
99,袙孝_孝褉邪薪蟹懈褌薪褘械袙懈写褘袧邪褔邪谢芯袣芯薪械褑.袛邪褌邪袨泻芯薪褔邪薪懈褟袨斜褟蟹邪褌械谢褜褋褌胁,袙孝_孝褉邪薪蟹懈褌薪褘械袙懈写褘袧邪褔邪谢芯袣芯薪械褑.袛邪褌邪袨泻芯薪褔邪薪懈褟袨斜褟蟹邪褌械谢褜褋褌胁,0,FROM
99,袪械蟹械褉胁褘.袙懈写袛胁懈卸械薪懈褟袝袩小,袪械蟹械褉胁褘.袙懈写袛胁懈卸械薪懈褟袝袩小,0,FROM
100,袙孝_孝褉邪薪蟹懈褌薪褘械袙懈写褘袧邪褔邪谢芯袣芯薪械褑,袙孝_孝褉邪薪蟹懈褌薪褘械袙懈写褘袧邪褔邪谢芯袣芯薪械褑,1,袠袟
100,袪械蟹械褉胁褘,袪械谐懈褋褌褉袧邪泻芯锌谢械薪懈褟.褍锌_袪械蟹械褉胁褘,0,袥袝袙袨袝_小袨袝袛袠袧袝袧袠袝
100,袙孝_袩械褉械胁芯写褘袠蟹袪械谐懈褋褌褉芯胁_袙懈写褘袛胁懈卸械薪懈泄_袙袪械蟹械褉胁褘,袙孝_袩械褉械胁芯写褘袠蟹袪械谐懈褋褌褉芯胁_袙懈写褘袛胁懈卸械薪懈泄_袙袪械蟹械褉胁褘,1,袙袧校孝袪袝袧袧袝袝_小袨袝袛袠袧袝袧袠袝
100,袙孝_孝褉邪薪蟹懈褌薪褘械袙懈写褘袧邪褔邪谢芯袣芯薪械褑.袩械薪褋懈芯薪薪褘泄小褔械褌,袙孝_孝褉邪薪蟹懈褌薪褘械袙懈写褘袧邪褔邪谢芯袣芯薪械褑.袩械薪褋懈芯薪薪褘泄小褔械褌,0,FROM
100,袙孝_孝褉邪薪蟹懈褌薪褘械袙懈写褘袧邪褔邪谢芯袣芯薪械褑.袙懈写袨斜褟蟹邪褌械谢褜褋褌胁,袙孝_孝褉邪薪蟹懈褌薪褘械袙懈写褘袧邪褔邪谢芯袣芯薪械褑.袙懈写袨斜褟蟹邪褌械谢褜褋褌胁,0,FROM
100,袙孝_孝褉邪薪蟹懈褌薪褘械袙懈写褘袧邪褔邪谢芯袣芯薪械褑.袛邪褌邪袨锌褉械写械谢械薪懈褟袨斜褟蟹邪褌械谢褜褋褌胁,袙孝_孝褉邪薪蟹懈褌薪褘械袙懈写褘袧邪褔邪谢芯袣芯薪械褑.袛邪褌邪袨锌褉械写械谢械薪懈褟袨斜褟蟹邪褌械谢褜褋褌胁,0,FROM
100,袙孝_孝褉邪薪蟹懈褌薪褘械袙懈写褘袧邪褔邪谢芯袣芯薪械褑.袛邪褌邪袨泻芯薪褔邪薪懈褟袨斜褟蟹邪褌械谢褜褋褌胁,袙孝_孝褉邪薪蟹懈褌薪褘械袙懈写褘袧邪褔邪谢芯袣芯薪械褑.袛邪褌邪袨泻芯薪褔邪薪懈褟袨斜褟蟹邪褌械谢褜褋褌胁,0,FROM
100,袪械蟹械褉胁褘.袙懈写袛胁懈卸械薪懈褟袝袩小,袪械蟹械褉胁褘.袙懈写袛胁懈卸械薪懈褟袝袩小,0,FROM
100,袪械蟹械褉胁褘.袙懈写袛胁懈卸械薪懈褟袩芯孝懈锌邪屑袝袩小,袪械蟹械褉胁褘.袙懈写袛胁懈卸械薪懈褟袩芯孝懈锌邪屑袝袩小,0,FROM
101,袙孝_袩械褉械胁芯写褘袠蟹袪械谐懈褋褌褉芯胁,袙孝_袩械褉械胁芯写褘袠蟹袪械谐懈褋褌褉芯胁_袪械蟹械褉胁褘孝褉邪薪蟹懈褌薪褘械袙懈写褘,1,袠袟
101,袩械薪褋懈芯薪薪褘泄小褔械褌,袙孝_袩械褉械屑械褖械薪懈褟袙小褌褉邪褏芯胁芯泄袪械蟹械褉胁孝褉邪薪蟹懈褌薪褘械袙懈写褘.袩械薪褋懈芯薪薪褘泄小褔械褌,0,FROM
101,袙懈写袨斜褟蟹邪褌械谢褜褋褌胁,袙孝_袩械褉械屑械褖械薪懈褟袙小褌褉邪褏芯胁芯泄袪械蟹械褉胁孝褉邪薪蟹懈褌薪褘械袙懈写褘.袙懈写袨斜褟蟹邪褌械谢褜褋褌胁,0,FROM
101,袛邪褌邪袨锌褉械写械谢械薪懈褟袨斜褟蟹邪褌械谢褜褋褌胁,袙孝_袩械褉械屑械褖械薪懈褟袙小褌褉邪褏芯胁芯泄袪械蟹械褉胁孝褉邪薪蟹懈褌薪褘械袙懈写褘.袛邪褌邪袨锌褉械写械谢械薪懈褟袨斜褟蟹邪褌械谢褜褋褌胁,0,FROM
101,袛邪褌邪袨泻芯薪褔邪薪懈褟袨斜褟蟹邪褌械谢褜褋褌胁,袙孝_袩械褉械屑械褖械薪懈褟袙小褌褉邪褏芯胁芯泄袪械蟹械褉胁孝褉邪薪蟹懈褌薪褘械袙懈写褘.袛邪褌邪袨泻芯薪褔邪薪懈褟袨斜褟蟹邪褌械谢褜褋褌胁,0,FROM
101,袙孝_袩械褉械屑械褖械薪懈褟袙小褌褉邪褏芯胁芯泄袪械蟹械褉胁孝褉邪薪蟹懈褌薪褘械袙懈写褘.袪械谐懈褋褌褉邪褌芯褉,袙孝_袩械褉械屑械褖械薪懈褟袙小褌褉邪褏芯胁芯泄袪械蟹械褉胁孝褉邪薪蟹懈褌薪褘械袙懈写褘.袪械谐懈褋褌褉邪褌芯褉,0,FROM
101,0,0,0,FROM
101,袙孝_袩械褉械屑械褖械薪懈褟袙小褌褉邪褏芯胁芯泄袪械蟹械褉胁孝褉邪薪蟹懈褌薪褘械袙懈写褘.小褍屑屑邪,袙孝_袩械褉械屑械褖械薪懈褟袙小褌褉邪褏芯胁芯泄袪械蟹械褉胁孝褉邪薪蟹懈褌薪褘械袙懈写褘.小褍屑屑邪,0,FROM
101,袙孝_袩械褉械屑械褖械薪懈褟袙小褌褉邪褏芯胁芯泄袪械蟹械褉胁孝褉邪薪蟹懈褌薪褘械袙懈写褘,袙孝_袩械褉械屑械褖械薪懈褟袙小褌褉邪褏芯胁芯泄袪械蟹械褉胁孝褉邪薪蟹懈褌薪褘械袙懈写褘,1,袠袟
102,袙孝_袩械褉械胁芯写褘袠蟹袪械谐懈褋褌褉芯胁,袙孝_袩械褉械胁芯写褘袠蟹袪械谐懈褋褌褉芯胁_袪械蟹械褉胁褘孝褉邪薪蟹懈褌薪褘械袙懈写褘,1,袠袟
103,袙孝_袩械褉械屑械褖械薪懈褟袙小褌褉邪褏芯胁芯泄袪械蟹械褉胁孝褉邪薪蟹懈褌薪褘械袙懈写褘,袙孝_袩械褉械屑械褖械薪懈褟袙小褌褉邪褏芯胁芯泄袪械蟹械褉胁孝褉邪薪蟹懈褌薪褘械袙懈写褘,1,袠袟
104,袙孝_袩械褉械胁芯写褘袠蟹袪械谐懈褋褌褉芯胁_袪械谐懈褋褌褉褘孝褉邪薪蟹懈褌薪褘械袙懈写褘,袙孝_袩械褉械胁芯写褘袠蟹袪械谐懈褋褌褉芯胁_袪械谐懈褋褌褉褘孝褉邪薪蟹懈褌薪褘械袙懈写褘,1,袠袟
104,袙孝_袩械褉械胁芯写褘袠蟹袪械谐懈褋褌褉芯胁_袪械谐懈褋褌褉褘孝褉邪薪蟹懈褌薪褘械袙懈写褘.袙懈写袨斜褟蟹邪褌械谢褜褋褌胁,袙孝_袩械褉械胁芯写褘袠蟹袪械谐懈褋褌褉芯胁_袪械谐懈褋褌褉褘孝褉邪薪蟹懈褌薪褘械袙懈写褘.袙懈写袨斜褟蟹邪褌械谢褜褋褌胁,0,FROM
104,袙孝_袩械褉械胁芯写褘袠蟹袪械谐懈褋褌褉芯胁_袪械谐懈褋褌褉褘孝褉邪薪蟹懈褌薪褘械袙懈写褘.袛邪褌邪袨锌褉械写械谢械薪懈褟袨斜褟蟹邪褌械谢褜褋褌胁,袙孝_袩械褉械胁芯写褘袠蟹袪械谐懈褋褌褉芯胁_袪械谐懈褋褌褉褘孝褉邪薪蟹懈褌薪褘械袙懈写褘.袛邪褌邪袨锌褉械写械谢械薪懈褟袨斜褟蟹邪褌械谢褜褋褌胁,0,FROM
104,袙孝_袩械褉械胁芯写褘袠蟹袪械谐懈褋褌褉芯胁_袪械谐懈褋褌褉褘孝褉邪薪蟹懈褌薪褘械袙懈写褘.袛邪褌邪袨泻芯薪褔邪薪懈褟袨斜褟蟹邪褌械谢褜褋褌胁,袙孝_袩械褉械胁芯写褘袠蟹袪械谐懈褋褌褉芯胁_袪械谐懈褋褌褉褘孝褉邪薪蟹懈褌薪褘械袙懈写褘.袛邪褌邪袨泻芯薪褔邪薪懈褟袨斜褟蟹邪褌械谢褜褋褌胁,0,FROM
105,袙孝_孝褉邪薪蟹懈褌薪褘械袙懈写褘袧邪褔邪谢芯袣芯薪械褑,袙孝_孝褉邪薪蟹懈褌薪褘械袙懈写褘袧邪褔邪谢芯袣芯薪械褑,1,袠袟
105,袙孝_小褍屑屑褘_袩袪_孝褉邪薪蟹懈褌薪褘械袙懈写褘,袙孝_小褍屑屑褘_袩袪_孝褉邪薪蟹懈褌薪褘械袙懈写褘,1,袥袝袙袨袝_小袨袝袛袠袧袝袧袠袝
105,袙孝_袙褘锌谢邪褌褘孝褉邪薪蟹懈褌薪褘械袙懈写褘,袙孝_袙褘锌谢邪褌褘孝褉邪薪蟹懈褌薪褘械袙懈写褘,1,袥袝袙袨袝_小袨袝袛袠袧袝袧袠袝
105,袙孝_袩械褉械胁芯写褘孝褉邪薪蟹懈褌薪褘械袙懈写褘,袙孝_袩械褉械胁芯写褘孝褉邪薪蟹懈褌薪褘械袙懈写褘,1,袥袝袙袨袝_小袨袝袛袠袧袝袧袠袝
106,袙孝_袨褋褌邪褌泻懈孝褉邪薪蟹懈褌薪褘械袙懈写褘_袩褉械写胁,袙孝_袨褋褌邪褌泻懈孝褉邪薪蟹懈褌薪褘械袙懈写褘_袩褉械写胁,1,袠袟
107,袠肖袪小17_袚褉褍锌锌褘小褔械褌芯胁袧袩袨,袪械谐懈褋褌褉小胁械写械薪懈泄.袠肖袪小17_袚褉褍锌锌褘小褔械褌芯胁袧袩袨,0,袠袟
107,袣袗袣,袣袗袣,0,袙袧校孝袪袝袧袧袝袝_小袨袝袛袠袧袝袧袠袝
107,袠肖袪小17_袚褉褍锌锌褘袛芯谐芯胁芯褉芯胁袧袩袨,小锌褉邪胁芯褔薪懈泻.袠肖袪小17_袚褉褍锌锌褘袛芯谐芯胁芯褉芯胁袧袩袨,0,袥袝袙袨袝_小袨袝袛袠袧袝袧袠袝
107,袠肖袪小17_袩邪褉邪屑械褌褉褘袚褉褍锌锌褘袛芯谐芯胁芯褉芯胁袧袩袨,小锌褉邪胁芯褔薪懈泻.袠肖袪小17_袩邪褉邪屑械褌褉褘袚褉褍锌锌褘袛芯谐芯胁芯褉芯胁袧袩袨,0,袥袝袙袨袝_小袨袝袛袠袧袝袧袠袝
107,袠肖袪小17_袩芯褉褌褎械谢褜袛芯谐芯胁芯褉芯胁袧袩袨,小锌褉邪胁芯褔薪懈泻.袠肖袪小17_袩芯褉褌褎械谢褜袛芯谐芯胁芯褉芯胁袧袩袨,0,袥袝袙袨袝_小袨袝袛袠袧袝袧袠袝
109,褍锌_孝懈锌褘袩械薪褋懈芯薪薪褘褏小褔械褌芯胁袛谢褟袝袩小,袪械谐懈褋褌褉小胁械写械薪懈泄.褍锌_孝懈锌褘袩械薪褋懈芯薪薪褘褏小褔械褌芯胁袛谢褟袝袩小,0,袠袟
109,袣袗袣,袣袗袣,0,袙袧校孝袪袝袧袧袝袝_小袨袝袛袠袧袝袧袠袝
111,褍锌_袛邪褌邪肖懈泻褋邪褑懈懈袨斜褟蟹邪褌械谢褜褋褌胁袧袩袨,袪械谐懈褋褌褉小胁械写械薪懈泄.褍锌_袛邪褌邪肖懈泻褋邪褑懈懈袨斜褟蟹邪褌械谢褜褋褌胁袧袩袨,0,袠袟
111,袣袗袣,袣袗袣,0,袙袧校孝袪袝袧袧袝袝_小袨袝袛袠袧袝袧袠袝
111,袩芯写蟹邪锌褉芯褋.袛邪褌邪袨锌褉械写械谢械薪懈褟袨斜褟蟹邪褌械谢褜褋褌胁,袩芯写蟹邪锌褉芯褋.袛邪褌邪袨锌褉械写械谢械薪懈褟袨斜褟蟹邪褌械谢褜褋褌胁,0,FROM
111,袩芯写蟹邪锌褉芯褋.袛邪褌邪袨泻芯薪褔邪薪懈褟袨斜褟蟹邪褌械谢褜褋褌胁,袩芯写蟹邪锌褉芯褋.袛邪褌邪袨泻芯薪褔邪薪懈褟袨斜褟蟹邪褌械谢褜褋褌胁,0,FROM
111,褍锌_袛邪褌邪肖懈泻褋邪褑懈懈袨斜褟蟹邪褌械谢褜褋褌胁袧袩袨.袛邪褌邪袧邪褔邪谢邪袩械褉懈芯写邪肖懈泻褋邪褑懈懈,褍锌_袛邪褌邪肖懈泻褋邪褑懈懈袨斜褟蟹邪褌械谢褜褋褌胁袧袩袨.袛邪褌邪袧邪褔邪谢邪袩械褉懈芯写邪肖懈泻褋邪褑懈懈,0,FROM
111,褍锌_袛邪褌邪肖懈泻褋邪褑懈懈袨斜褟蟹邪褌械谢褜褋褌胁袧袩袨.袛邪褌邪小谢械写褍褞褖械泄肖懈泻褋邪褑懈懈,褍锌_袛邪褌邪肖懈泻褋邪褑懈懈袨斜褟蟹邪褌械谢褜褋褌胁袧袩袨.袛邪褌邪小谢械写褍褞褖械泄肖懈泻褋邪褑懈懈,0,FROM
113,褍锌_袩械褉懈芯写褘袚邪褉邪薪褌懈泄薪芯谐芯袙芯褋锌芯谢薪械薪懈褟袧袩袨,袪械谐懈褋褌褉小胁械写械薪懈泄.褍锌_袩械褉懈芯写褘袚邪褉邪薪褌懈泄薪芯谐芯袙芯褋锌芯谢薪械薪懈褟袧袩袨,0,袠袟
113,袣袗袣,袣袗袣,0,袙袧校孝袪袝袧袧袝袝_小袨袝袛袠袧袝袧袠袝
115,袙孝_孝褉邪薪蟹懈褌薪褘械袙懈写褘袧邪褔邪谢芯袣芯薪械褑,袙孝_孝褉邪薪蟹懈褌薪褘械袙懈写褘袧邪褔邪谢芯袣芯薪械褑,1,袠袟
115,袙孝_孝褉邪薪蟹懈褌薪褘械袙懈写褘_袩械褉懈芯写褘袚邪褉邪薪褌袙芯褋锌芯谢薪械薪懈褟,袙孝_孝褉邪薪蟹懈褌薪褘械袙懈写褘_袩械褉懈芯写褘袚邪褉邪薪褌袙芯褋锌芯谢薪械薪懈褟,1,袥袝袙袨袝_小袨袝袛袠袧袝袧袠袝
115,袙孝_孝褉邪薪蟹懈褌薪褘械袙懈写褘_袛邪褌褘肖懈泻褋邪褑懈懈,袙孝_孝褉邪薪蟹懈褌薪褘械袙懈写褘_袛邪褌褘肖懈泻褋邪褑懈懈,1,袥袝袙袨袝_小袨袝袛袠袧袝袧袠袝
115,袙孝_孝褉邪薪蟹懈褌薪褘械袙懈写褘_孝懈锌褘袛芯谐芯胁芯褉芯胁袝袩小,袙孝_孝褉邪薪蟹懈褌薪褘械袙懈写褘_孝懈锌褘袛芯谐芯胁芯褉芯胁袝袩小,1,袥袝袙袨袝_小袨袝袛袠袧袝袧袠袝
115,袙孝_孝褉邪薪蟹懈褌薪褘械袙懈写褘_袚褉褍锌锌褘小褔械褌芯胁,袙孝_孝褉邪薪蟹懈褌薪褘械袙懈写褘_袚褉褍锌锌褘小褔械褌芯胁,1,袥袝袙袨袝_小袨袝袛袠袧袝袧袠袝
115,袙孝_袩械薪褋懈芯薪薪褘械小褔械褌邪,袙孝_袩械薪褋懈芯薪薪褘械小褔械褌邪,1,袙袧校孝袪袝袧袧袝袝_小袨袝袛袠袧袝袧袠袝
115,褍锌_袩械薪褋懈芯薪薪褘械小褔械褌邪,小锌褉邪胁芯褔薪懈泻.褍锌_袩械薪褋懈芯薪薪褘械小褔械褌邪,0,袙袧校孝袪袝袧袧袝袝_小袨袝袛袠袧袝袧袠袝
115,袙孝_袩褉懈褔懈薪褘袟邪泻褉褘褌懈褟,袙孝_袩褉懈褔懈薪褘袟邪泻褉褘褌懈褟,1,袥袝袙袨袝_小袨袝袛袠袧袝袧袠袝
115,袙孝_袙懈写褘袩械薪褋懈芯薪薪褘褏小褔械褌芯胁,袙孝_袙懈写褘袩械薪褋懈芯薪薪褘褏小褔械褌芯胁,1,袥袝袙袨袝_小袨袝袛袠袧袝袧袠袝
115,袙孝_袩械薪褋懈芯薪薪褘械小褔械褌邪袪袩袙,袙孝_袩械薪褋懈芯薪薪褘械小褔械褌邪袪袩袙,1,袥袝袙袨袝_小袨袝袛袠袧袝袧袠袝
116,袙孝_袩械薪褋懈芯薪薪褘械小褔械褌邪,袙孝_袩械薪褋懈芯薪薪褘械小褔械褌邪,1,袠袟
116,褍锌_袩械薪褋懈芯薪薪褘械小褔械褌邪,小锌褉邪胁芯褔薪懈泻.褍锌_袩械薪褋懈芯薪薪褘械小褔械褌邪,0,袙袧校孝袪袝袧袧袝袝_小袨袝袛袠袧袝袧袠袝
116,褍锌_袩邪褉邪屑械褌褉褘袩械薪褋懈芯薪薪芯谐芯袛芯谐芯胁芯褉邪小褉械蟹袩芯褋谢械写薪懈褏,袪械谐懈褋褌褉小胁械写械薪懈泄.褍锌_袩邪褉邪屑械褌褉褘袩械薪褋懈芯薪薪芯谐芯袛芯谐芯胁芯褉邪.小褉械蟹袩芯褋谢械写薪懈褏,0,袥袝袙袨袝_小袨袝袛袠袧袝袧袠袝
116,褍锌_楔邪斜谢芯薪褘袛芯谐芯胁芯褉芯胁,小锌褉邪胁芯褔薪懈泻.褍锌_楔邪斜谢芯薪褘袛芯谐芯胁芯褉芯胁,0,袥袝袙袨袝_小袨袝袛袠袧袝袧袠袝
116,褍锌_袩械薪褋懈芯薪薪褘械C褔械褌邪C小袩孝小褉械蟹袩芯褋谢械写薪懈褏,袪械谐懈褋褌褉小胁械写械薪懈泄.褍锌_袩械薪褋懈芯薪薪褘械C褔械褌邪C小袩孝.小褉械蟹袩芯褋谢械写薪懈褏,0,袥袝袙袨袝_小袨袝袛袠袧袝袧袠袝
117,袙孝_袩械薪褋懈芯薪薪褘械小褔械褌邪,袙孝_袩械薪褋懈芯薪薪褘械小褔械褌邪,1,袠袟
117,褍锌_袩械薪褋懈芯薪薪褘械小褔械褌邪,小锌褉邪胁芯褔薪懈泻.褍锌_袩械薪褋懈芯薪薪褘械小褔械褌邪,0,袙袧校孝袪袝袧袧袝袝_小袨袝袛袠袧袝袧袠袝
117,袙孝_袩褉懈褔懈薪褘袟邪泻褉褘褌懈褟,袙孝_袩褉懈褔懈薪褘袟邪泻褉褘褌懈褟,1,袥袝袙袨袝_小袨袝袛袠袧袝袧袠袝
117,袙孝_袙懈写褘袩械薪褋懈芯薪薪褘褏小褔械褌芯胁,袙孝_袙懈写褘袩械薪褋懈芯薪薪褘褏小褔械褌芯胁,1,袥袝袙袨袝_小袨袝袛袠袧袝袧袠袝
117,袙孝_袩械薪褋懈芯薪薪褘械小褔械褌邪袪袩袙,袙孝_袩械薪褋懈芯薪薪褘械小褔械褌邪袪袩袙,1,袥袝袙袨袝_小袨袝袛袠袧袝袧袠袝
117,袙孝_袩械薪褋懈芯薪薪褘械小褔械褌邪小袩孝,袙孝_袩械薪褋懈芯薪薪褘械小褔械褌邪小袩孝,1,袥袝袙袨袝_小袨袝袛袠袧袝袧袠袝
117,褍锌_袩械褉懈芯写褘袚邪褉邪薪褌懈泄薪芯谐芯袙芯褋锌芯谢薪械薪懈褟袧袩袨小褉械蟹袩芯褋谢械写薪懈褏,袪械谐懈褋褌褉小胁械写械薪懈泄.褍锌_袩械褉懈芯写褘袚邪褉邪薪褌懈泄薪芯谐芯袙芯褋锌芯谢薪械薪懈褟袧袩袨.小褉械蟹袩芯褋谢械写薪懈褏,0,袥袝袙袨袝_小袨袝袛袠袧袝袧袠袝
117,褍锌_袛邪褌邪肖懈泻褋邪褑懈懈袨斜褟蟹邪褌械谢褜褋褌胁袧袩袨小褉械蟹袩芯褋谢械写薪懈褏,袪械谐懈褋褌褉小胁械写械薪懈泄.褍锌_袛邪褌邪肖懈泻褋邪褑懈懈袨斜褟蟹邪褌械谢褜褋褌胁袧袩袨.小褉械蟹袩芯褋谢械写薪懈褏,0,袥袝袙袨袝_小袨袝袛袠袧袝袧袠袝
117,褍锌_孝懈锌褘袩械薪褋懈芯薪薪褘褏小褔械褌芯胁袛谢褟袝袩小小褉械蟹袩芯褋谢械写薪懈褏,袪械谐懈褋褌褉小胁械写械薪懈泄.褍锌_孝懈锌褘袩械薪褋懈芯薪薪褘褏小褔械褌芯胁袛谢褟袝袩小.小褉械蟹袩芯褋谢械写薪懈褏,0,袥袝袙袨袝_小袨袝袛袠袧袝袧袠袝
117,袠肖袪小17_袚褉褍锌锌褘小褔械褌芯胁袧袩袨小褉械蟹袩芯褋谢械写薪懈褏,袪械谐懈褋褌褉小胁械写械薪懈泄.袠肖袪小17_袚褉褍锌锌褘小褔械褌芯胁袧袩袨.小褉械蟹袩芯褋谢械写薪懈褏,0,袥袝袙袨袝_小袨袝袛袠袧袝袧袠袝
117,袠肖袪小17_袚褉褍锌锌褘袛芯谐芯胁芯褉芯胁袧袩袨,小锌褉邪胁芯褔薪懈泻.袠肖袪小17_袚褉褍锌锌褘袛芯谐芯胁芯褉芯胁袧袩袨,0,袥袝袙袨袝_小袨袝袛袠袧袝袧袠袝
117,袠肖袪小17_袩邪褉邪屑械褌褉褘袚褉褍锌锌褘袛芯谐芯胁芯褉芯胁袧袩袨,小锌褉邪胁芯褔薪懈泻.袠肖袪小17_袩邪褉邪屑械褌褉褘袚褉褍锌锌褘袛芯谐芯胁芯褉芯胁袧袩袨,0,袥袝袙袨袝_小袨袝袛袠袧袝袧袠袝
117,袠肖袪小17_袩芯褉褌褎械谢褜袛芯谐芯胁芯褉芯胁袧袩袨,小锌褉邪胁芯褔薪懈泻.袠肖袪小17_袩芯褉褌褎械谢褜袛芯谐芯胁芯褉芯胁袧袩袨,0,袥袝袙袨袝_小袨袝袛袠袧袝袧袠袝
117,褍锌_袩械薪褋懈芯薪薪褘械C褔械褌邪C小袩孝小褉械蟹袩芯褋谢械写薪懈褏,袪械谐懈褋褌褉小胁械写械薪懈泄.褍锌_袩械薪褋懈芯薪薪褘械C褔械褌邪C小袩孝.小褉械蟹袩芯褋谢械写薪懈褏,0,袥袝袙袨袝_小袨袝袛袠袧袝袧袠袝
118,袙孝_袩械薪褋懈芯薪薪褘械小褔械褌邪,袙孝_袩械薪褋懈芯薪薪褘械小褔械褌邪,1,袠袟
119,袙孝_袩械薪褋懈芯薪薪褘械小褔械褌邪,袙孝_袩械薪褋懈芯薪薪褘械小褔械褌邪,1,袠袟
120,袙孝_袩械薪褋懈芯薪薪褘械小褔械褌邪,袙孝_袩械薪褋懈芯薪薪褘械小褔械褌邪,1,袠袟
121,袙孝_袩械薪褋懈芯薪薪褘械小褔械褌邪,袙孝_袩械薪褋懈芯薪薪褘械小褔械褌邪,1,袠袟
122,袙孝_袩械薪褋懈芯薪薪褘械小褔械褌邪,袙孝_袩械薪褋懈芯薪薪褘械小褔械褌邪,1,袠袟
123,褍锌_小芯褋褌芯褟薪懈褟袩小小褉械蟹袩芯褋谢械写薪懈褏,袪械谐懈褋褌褉小胁械写械薪懈泄.褍锌_小芯褋褌芯褟薪懈褟袩小.小褉械蟹袩芯褋谢械写薪懈褏,0,袠袟
123,褍锌_小芯褋褌芯褟薪懈褟袩小小褉械蟹袩械褉胁褘褏袧邪泻芯锌懈褌械谢褜薪褘泄,袪械谐懈褋褌褉小胁械写械薪懈泄.褍锌_小芯褋褌芯褟薪懈褟袩小.小褉械蟹袩械褉胁褘褏,0,袥袝袙袨袝_小袨袝袛袠袧袝袧袠袝
123,褍锌_小芯褋褌芯褟薪懈褟袩小小褉械蟹袩械褉胁褘褏袙褘锌谢邪褌薪芯泄,袪械谐懈褋褌褉小胁械写械薪懈泄.褍锌_小芯褋褌芯褟薪懈褟袩小.小褉械蟹袩械褉胁褘褏,0,袥袝袙袨袝_小袨袝袛袠袧袝袧袠袝
124,袙孝_袩械薪褋懈芯薪薪褘械小褔械褌邪,袙孝_袩械薪褋懈芯薪薪褘械小褔械褌邪,1,袠袟
125,袙孝_袩械薪褋懈芯薪薪褘械小褔械褌邪_小胁芯泄褋褌胁邪,袙孝_袩械薪褋懈芯薪薪褘械小褔械褌邪_小胁芯泄褋褌胁邪,1,袠袟
125,袩械薪褋懈芯薪薪褘泄小褔械褌,袩械薪褋懈芯薪薪褘泄小褔械褌,0,FROM
126,袙孝_袩械薪褋懈芯薪薪褘械小褔械褌邪_小胁芯泄褋褌胁邪,袙孝_袩械薪褋懈芯薪薪褘械小褔械褌邪_小胁芯泄褋褌胁邪,1,袠袟
126,袩械薪褋懈芯薪薪褘泄小褔械褌,袩械薪褋懈芯薪薪褘泄小褔械褌,0,FROM
127,袙孝_袩械薪褋懈芯薪薪褘械小褔械褌邪_小胁芯泄褋褌胁邪,袙孝_袩械薪褋懈芯薪薪褘械小褔械褌邪_小胁芯泄褋褌胁邪,1,袠袟
127,袙孝_孝懈锌褘袪械蟹械褉胁芯胁,袙孝_孝懈锌褘袪械蟹械褉胁芯胁,1,FROM
127,袩械薪褋懈芯薪薪褘泄小褔械褌,袩械薪褋懈芯薪薪褘泄小褔械褌,0,FROM
127,孝懈锌袪械蟹械褉胁邪,孝懈锌袪械蟹械褉胁邪,0,FROM
128,袙孝_袩械薪褋懈芯薪薪褘械小褔械褌邪_小胁芯泄褋褌胁邪,袙孝_袩械薪褋懈芯薪薪褘械小褔械褌邪_小胁芯泄褋褌胁邪,1,袠袟
128,校褔邪褋褌薪懈泻,校褔邪褋褌薪懈泻,0,FROM
128,袩械薪褋懈芯薪薪褘泄小褔械褌,袩械薪褋懈芯薪薪褘泄小褔械褌,0,FROM
129,袙孝_袩械薪褋懈芯薪薪褘械小褔械褌邪_小胁芯泄褋褌胁邪,袙孝_袩械薪褋懈芯薪薪褘械小褔械褌邪_小胁芯泄褋褌胁邪,1,袠袟
130,褍锌_袩邪褉邪屑械褌褉褘袩械薪褋懈芯薪薪芯谐芯袛芯谐芯胁芯褉邪小褉械蟹袩芯褋谢械写薪懈褏,袪械谐懈褋褌褉小胁械写械薪懈泄.褍锌_袩邪褉邪屑械褌褉褘袩械薪褋懈芯薪薪芯谐芯袛芯谐芯胁芯褉邪.小褉械蟹袩芯褋谢械写薪懈褏,0,袠袟
131,袙孝_袩械薪褋懈芯薪薪褘械袛芯谐芯胁芯褉褘,袙孝_袩械薪褋懈芯薪薪褘械袛芯谐芯胁芯褉褘,1,袠袟
132,袙孝_袩械薪褋懈芯薪薪褘械袛芯谐芯胁芯褉褘,袙孝_袩械薪褋懈芯薪薪褘械袛芯谐芯胁芯褉褘,1,袠袟
132,褍锌_袩械薪褋懈芯薪薪褘械袛芯谐芯胁芯褉褘,小锌褉邪胁芯褔薪懈泻.褍锌_袩械薪褋懈芯薪薪褘械袛芯谐芯胁芯褉褘,0,袥袝袙袨袝_小袨袝袛袠袧袝袧袠袝
132,袙孝_袩邪褉邪屑械褌褉褘袩械薪褋懈芯薪薪褘褏袛芯谐芯胁芯褉芯胁,袙孝_袩邪褉邪屑械褌褉褘袩械薪褋懈芯薪薪褘褏袛芯谐芯胁芯褉芯胁,1,袥袝袙袨袝_小袨袝袛袠袧袝袧袠袝
132,袠肖袪小17_袚褉褍锌锌褘袛芯谐芯胁芯褉芯胁袧袩袨小褉械蟹袩芯褋谢械写薪懈褏,袪械谐懈褋褌褉小胁械写械薪懈泄.袠肖袪小17_袚褉褍锌锌褘袛芯谐芯胁芯褉芯胁袧袩袨.小褉械蟹袩芯褋谢械写薪懈褏,0,袥袝袙袨袝_小袨袝袛袠袧袝袧袠袝
132,袠肖袪小17_袚褉褍锌锌褘袛芯谐芯胁芯褉芯胁袧袩袨,小锌褉邪胁芯褔薪懈泻.袠肖袪小17_袚褉褍锌锌褘袛芯谐芯胁芯褉芯胁袧袩袨,0,袥袝袙袨袝_小袨袝袛袠袧袝袧袠袝
132,袠肖袪小17_袩邪褉邪屑械褌褉褘袚褉褍锌锌褘袛芯谐芯胁芯褉芯胁袧袩袨,小锌褉邪胁芯褔薪懈泻.袠肖袪小17_袩邪褉邪屑械褌褉褘袚褉褍锌锌褘袛芯谐芯胁芯褉芯胁袧袩袨,0,袥袝袙袨袝_小袨袝袛袠袧袝袧袠袝
132,袠肖袪小17_袩芯褉褌褎械谢褜袛芯谐芯胁芯褉芯胁袧袩袨,小锌褉邪胁芯褔薪懈泻.袠肖袪小17_袩芯褉褌褎械谢褜袛芯谐芯胁芯褉芯胁袧袩袨,0,袥袝袙袨袝_小袨袝袛袠袧袝袧袠袝
133,袙孝_袩械薪褋懈芯薪薪褘械袛芯谐芯胁芯褉褘,袙孝_袩械薪褋懈芯薪薪褘械袛芯谐芯胁芯褉褘,1,袠袟
134,褍锌_小褏械屑邪小褔械褌邪,袪械谐懈褋褌褉小胁械写械薪懈泄.褍锌_小褏械屑邪小褔械褌邪.小褉械蟹袩芯褋谢械写薪懈褏,0,袠袟
134,袙孝_袩械薪褋懈芯薪薪褘械袛芯谐芯胁芯褉褘_小胁芯泄褋褌胁邪,袙孝_袩械薪褋懈芯薪薪褘械袛芯谐芯胁芯褉褘_小胁芯泄褋褌胁邪,1,袥袝袙袨袝_小袨袝袛袠袧袝袧袠袝
134,袙孝_小芯褋褌芯褟薪懈褟袩械薪褋懈芯薪薪褘褏小褔械褌芯胁,袙孝_小芯褋褌芯褟薪懈褟袩械薪褋懈芯薪薪褘褏小褔械褌芯胁,1,袥袝袙袨袝_小袨袝袛袠袧袝袧袠袝
134,袙孝_袩褉懈褔懈薪褘袟邪泻褉褘褌懈褟,袙孝_袩褉懈褔懈薪褘袟邪泻褉褘褌懈褟,1,袥袝袙袨袝_小袨袝袛袠袧袝袧袠袝
135,袙孝_袩械薪褋懈芯薪薪褘械小褔械褌邪,袙孝_袩械薪褋懈芯薪薪褘械小褔械褌邪,1,袠袟
136,袙孝_小褏械屑褘袩械薪褋懈芯薪薪褘褏小褔械褌芯胁,袙孝_小褏械屑褘袩械薪褋懈芯薪薪褘褏小褔械褌芯胁,1,袠袟
137,袙孝_袩械薪褋懈芯薪薪褘械小褏械屑褘,袙孝_袩械薪褋懈芯薪薪褘械小褏械屑褘,1,袠袟
137,褍锌_袩械薪褋懈芯薪薪褘械小褏械屑褘,小锌褉邪胁芯褔薪懈泻.褍锌_袩械薪褋懈芯薪薪褘械小褏械屑褘,0,袥袝袙袨袝_小袨袝袛袠袧袝袧袠袝
138,褍锌_小褏械屑邪小褔械褌邪,袪械谐懈褋褌褉小胁械写械薪懈泄.褍锌_小褏械屑邪小褔械褌邪,0,袠袟
138,袣袗袣,袣袗袣,0,袙袧校孝袪袝袧袧袝袝_小袨袝袛袠袧袝袧袠袝
138,袙孝_袩械薪褋懈芯薪薪褘械袛芯谐芯胁芯褉褘_小胁芯泄褋褌胁邪,袙孝_袩械薪褋懈芯薪薪褘械袛芯谐芯胁芯褉褘_小胁芯泄褋褌胁邪,1,袥袝袙袨袝_小袨袝袛袠袧袝袧袠袝
138,袙孝_小芯褋褌芯褟薪懈褟袩械薪褋懈芯薪薪褘褏小褔械褌芯胁,袙孝_小芯褋褌芯褟薪懈褟袩械薪褋懈芯薪薪褘褏小褔械褌芯胁,1,袥袝袙袨袝_小袨袝袛袠袧袝袧袠袝
138,袙孝_袩褉懈褔懈薪褘袟邪泻褉褘褌懈褟,袙孝_袩褉懈褔懈薪褘袟邪泻褉褘褌懈褟,1,袥袝袙袨袝_小袨袝袛袠袧袝袧袠袝
138,袩芯写蟹邪锌褉芯褋.袛邪褌邪袨锌褉械写械谢械薪懈褟袨斜褟蟹邪褌械谢褜褋褌胁,袩芯写蟹邪锌褉芯褋.袛邪褌邪袨锌褉械写械谢械薪懈褟袨斜褟蟹邪褌械谢褜褋褌胁,0,FROM
138,袩芯写蟹邪锌褉芯褋.袛邪褌邪袨泻芯薪褔邪薪懈褟袨斜褟蟹邪褌械谢褜褋褌胁,袩芯写蟹邪锌褉芯褋.袛邪褌邪袨泻芯薪褔邪薪懈褟袨斜褟蟹邪褌械谢褜褋褌胁,0,FROM
138,褍锌_小褏械屑邪小褔械褌邪.小褏械屑邪,褍锌_小褏械屑邪小褔械褌邪.小褏械屑邪,0,FROM
138,褍锌_小褏械屑邪小褔械褌邪.袙械褉褋懈褟袩械薪褋懈芯薪薪褘褏袩褉邪胁懈谢,褍锌_小褏械屑邪小褔械褌邪.袙械褉褋懈褟袩械薪褋懈芯薪薪褘褏袩褉邪胁懈谢,0,FROM
138,袙蝎袘袨袪,袙蝎袘袨袪,0,FROM
138,袙孝_袩械薪褋懈芯薪薪褘械袛芯谐芯胁芯褉褘_小胁芯泄褋褌胁邪.楔邪斜谢芯薪袛芯谐芯胁芯褉邪,袙孝_袩械薪褋懈芯薪薪褘械袛芯谐芯胁芯褉褘_小胁芯泄褋褌胁邪.楔邪斜谢芯薪袛芯谐芯胁芯褉邪,0,FROM
138,袙孝_袩械薪褋懈芯薪薪褘械袛芯谐芯胁芯褉褘_小胁芯泄褋褌胁邪.袩褉懈芯褉懈褌械褌袪邪褋褔械褌邪袙小,袙孝_袩械薪褋懈芯薪薪褘械袛芯谐芯胁芯褉褘_小胁芯泄褋褌胁邪.袩褉懈芯褉懈褌械褌袪邪褋褔械褌邪袙小,0,FROM
138,袙孝_小芯褋褌芯褟薪懈褟袩械薪褋懈芯薪薪褘褏小褔械褌芯胁.袛邪褌邪袧邪泻芯锌懈褌械谢褜薪芯谐芯袩械褉懈芯写邪,袙孝_小芯褋褌芯褟薪懈褟袩械薪褋懈芯薪薪褘褏小褔械褌芯胁.袛邪褌邪袧邪泻芯锌懈褌械谢褜薪芯谐芯袩械褉懈芯写邪,0,FROM
138,袙孝_小芯褋褌芯褟薪懈褟袩械薪褋懈芯薪薪褘褏小褔械褌芯胁.袛邪褌邪袙褘锌谢邪褌薪芯谐芯袩械褉懈芯写邪,袙孝_小芯褋褌芯褟薪懈褟袩械薪褋懈芯薪薪褘褏小褔械褌芯胁.袛邪褌邪袙褘锌谢邪褌薪芯谐芯袩械褉懈芯写邪,0,FROM
138,袙孝_小芯褋褌芯褟薪懈褟袩械薪褋懈芯薪薪褘褏小褔械褌芯胁.小芯褋褌芯褟薪懈械,袙孝_小芯褋褌芯褟薪懈褟袩械薪褋懈芯薪薪褘褏小褔械褌芯胁.小芯褋褌芯褟薪懈械,0,FROM
138,袙孝_小芯褋褌芯褟薪懈褟袩械薪褋懈芯薪薪褘褏小褔械褌芯胁.袩械褉懈芯写,袙孝_小芯褋褌芯褟薪懈褟袩械薪褋懈芯薪薪褘褏小褔械褌芯胁.袩械褉懈芯写,0,FROM
138,袙孝_袩褉懈褔懈薪褘袟邪泻褉褘褌懈褟.袩褉懈褔懈薪邪袟邪泻褉褘褌懈褟,袙孝_袩褉懈褔懈薪褘袟邪泻褉褘褌懈褟.袩褉懈褔懈薪邪袟邪泻褉褘褌懈褟,0,FROM
140,袙孝_袩械薪褋懈芯薪薪褘械袛芯谐芯胁芯褉褘_小胁芯泄褋褌胁邪,袙孝_袩械薪褋懈芯薪薪褘械袛芯谐芯胁芯褉褘_小胁芯泄褋褌胁邪,1,袠袟
140,袙泻谢邪写褔懈泻,袙泻谢邪写褔懈泻,0,FROM
141,袙孝_袩械薪褋懈芯薪薪褘械小褔械褌邪_小胁芯泄褋褌胁邪,袙孝_袩械薪褋懈芯薪薪褘械小褔械褌邪_小胁芯泄褋褌胁邪,1,袠袟
141,袙孝_袩械薪褋懈芯薪薪褘械小褔械褌邪_小胁芯泄褋褌胁邪.袙泻谢邪写褔懈泻.褍锌_肖懈蟹袥懈褑芯,袙孝_袩械薪褋懈芯薪薪褘械小褔械褌邪_小胁芯泄褋褌胁邪.袙泻谢邪写褔懈泻.褍锌_肖懈蟹袥懈褑芯,0,FROM
142,袙孝_袩械薪褋懈芯薪薪褘械小褔械褌邪_小胁芯泄褋褌胁邪,袙孝_袩械薪褋懈芯薪薪褘械小褔械褌邪_小胁芯泄褋褌胁邪,1,袠袟
143,袙孝_袩械薪褋懈芯薪薪褘械小褔械褌邪_小胁芯泄褋褌胁邪,袙孝_袩械薪褋懈芯薪薪褘械小褔械褌邪_小胁芯泄褋褌胁邪,1,袠袟
144,袙孝_袙泻谢邪写褔懈泻懈,袙孝_袙泻谢邪写褔懈泻懈,1,袠袟
144,袙孝_袩械薪褋懈芯薪薪褘械小褔械褌邪_小胁芯泄褋褌胁邪,袙孝_袩械薪褋懈芯薪薪褘械小褔械褌邪_小胁芯泄褋褌胁邪,1,袠袟
145,袙孝_袙泻谢邪写褔懈泻懈,袙孝_袙泻谢邪写褔懈泻懈,1,袠袟
146,袙孝_袩械薪褋懈芯薪薪褘械小褔械褌邪_小胁芯泄褋褌胁邪,袙孝_袩械薪褋懈芯薪薪褘械小褔械褌邪_小胁芯泄褋褌胁邪,1,袠袟
147,袙孝_袣芯薪褌褉邪谐械薪褌褘264,袙孝_袙泻谢邪写褔懈泻懈校褔邪褋褌薪懈泻懈,1,袠袟
147,袣芯薪褌褉邪谐械薪褌褘,小锌褉邪胁芯褔薪懈泻.袣芯薪褌褉邪谐械薪褌褘,0,袙袧校孝袪袝袧袧袝袝_小袨袝袛袠袧袝袧袠袝
147,肖懈蟹懈褔械褋泻懈械袥懈褑邪,小锌褉邪胁芯褔薪懈泻.肖懈蟹懈褔械褋泻懈械袥懈褑邪,0,袥袝袙袨袝_小袨袝袛袠袧袝袧袠袝
147,袚褉邪卸写邪薪褋褌胁芯肖懈蟹懈褔械褋泻懈褏袥懈褑,袪械谐懈褋褌褉小胁械写械薪懈泄.袚褉邪卸写邪薪褋褌胁芯肖懈蟹懈褔械褋泻懈褏袥懈褑.小褉械蟹袩芯褋谢械写薪懈褏,0,袥袝袙袨袝_小袨袝袛袠袧袝袧袠袝
147,"""袗袦0""","""袗袦0""",0,FROM
147,"""00000""","""00000""",0,FROM
147,"""袣袧0000""","""袣袧0000""",0,FROM
147,NULL,NULL,0,FROM
147,"""000-000-00000""","""000-000-00000""",0,FROM
147,"""袗泻褑懈芯薪械褉褘 屑懈薪芯褉懈褌邪褉懈懈""","""袗泻褑懈芯薪械褉褘 屑懈薪芯褉懈褌邪褉懈懈""",0,FROM
147,"""??????""","""??????""",0,FROM
147,袟袧袗效袝袧袠袝(袩械褉械褔懈褋谢械薪懈械.械锌褋_袧械锌械褉褋芯薪懈褎懈褑懈褉褍械屑褘械袗泻褑懈芯薪械褉褘.袗泻褑懈芯薪械褉褘袦懈薪芯褉懈褌邪褉懈懈),袟袧袗效袝袧袠袝(袩械褉械褔懈褋谢械薪懈械.械锌褋_袧械锌械褉褋芯薪懈褎懈褑懈褉褍械屑褘械袗泻褑懈芯薪械褉褘.袗泻褑懈芯薪械褉褘袦懈薪芯褉懈褌邪褉懈懈),0,FROM
148,袙孝_袣芯薪褌褉邪谐械薪褌褘264,袙孝_袙泻谢邪写褔懈泻懈校褔邪褋褌薪懈泻懈,1,袠袟
148,袣芯薪褌褉邪谐械薪褌褘,小锌褉邪胁芯褔薪懈泻.袣芯薪褌褉邪谐械薪褌褘,0,袙袧校孝袪袝袧袧袝袝_小袨袝袛袠袧袝袧袠袝
148,肖懈蟹懈褔械褋泻懈械袥懈褑邪,小锌褉邪胁芯褔薪懈泻.肖懈蟹懈褔械褋泻懈械袥懈褑邪,0,袥袝袙袨袝_小袨袝袛袠袧袝袧袠袝
148,袚褉邪卸写邪薪褋褌胁芯肖懈蟹懈褔械褋泻懈褏袥懈褑,袪械谐懈褋褌褉小胁械写械薪懈泄.袚褉邪卸写邪薪褋褌胁芯肖懈蟹懈褔械褋泻懈褏袥懈褑.小褉械蟹袩芯褋谢械写薪懈褏,0,袥袝袙袨袝_小袨袝袛袠袧袝袧袠袝
150,袛邪薪薪褘械肖袠袨,袪械谐懈褋褌褉小胁械写械薪懈泄.肖袠袨肖懈蟹懈褔械褋泻懈褏袥懈褑.小褉械蟹袩芯褋谢械写薪懈褏,0,袠袟
151,袙孝_袛邪薪薪褘械袣芯薪褌褉邪谐械薪褌芯胁,袙孝_袛邪薪薪褘械袣芯薪褌褉邪谐械薪褌芯胁,1,袠袟
152,小胁械写械薪懈褟袠袩,袪械谐懈褋褌褉小胁械写械薪懈泄.械锌褋_袛芯锌芯谢薪懈褌械谢褜薪褘械小胁械写械薪懈褟.小褉械蟹袩芯褋谢械写薪懈褏,0,袠袟
152,袛邪薪薪褘械袣芯薪褌褉邪谐械薪褌芯胁,袙孝_袛邪薪薪褘械袣芯薪褌褉邪谐械薪褌芯胁,1,袙袧校孝袪袝袧袧袝袝_小袨袝袛袠袧袝袧袠袝
153,袛芯泻褍屑械薪褌褘肖懈蟹懈褔械褋泻懈褏袥懈褑,袪械谐懈褋褌褉小胁械写械薪懈泄.袛芯泻褍屑械薪褌褘肖懈蟹懈褔械褋泻懈褏袥懈褑,0,袠袟
153,袙孝_肖懈蟹懈褔械褋泻懈械袥懈褑邪_袛谢褟袩邪褋锌芯褉褌芯胁,袙孝_袛邪薪薪褘械袣芯薪褌褉邪谐械薪褌芯胁,1,袙袧校孝袪袝袧袧袝袝_小袨袝袛袠袧袝袧袠袝
154,袙孝_袙懈写褘袩邪褋锌芯褉褌芯胁,袙孝_袙懈写褘袩邪褋锌芯褉褌芯胁,1,袠袟
155,袛芯泻褍屑械薪褌褘肖懈蟹懈褔械褋泻懈褏袥懈褑,袪械谐懈褋褌褉小胁械写械薪懈泄.袛芯泻褍屑械薪褌褘肖懈蟹懈褔械褋泻懈褏袥懈褑,0,袠袟
155,袙孝_袩邪褋锌芯褉褌薪褘械袛邪薪薪褘械_袩芯褋谢械写薪褟褟袟邪锌懈褋褜,袙孝_袩邪褋锌芯褉褌薪褘械袛邪薪薪褘械_袩芯褋谢械写薪褟褟袟邪锌懈褋褜,1,袙袧校孝袪袝袧袧袝袝_小袨袝袛袠袧袝袧袠袝
156,袙孝_袙懈写褘袩邪褋锌芯褉褌芯胁,袙孝_袙懈写褘袩邪褋锌芯褉褌芯胁,1,袠袟
157,袛芯泻褍屑械薪褌褘肖懈蟹懈褔械褋泻懈褏袥懈褑,袙孝_袩邪褋锌芯褉褌薪褘械袛邪薪薪褘械_1,1,袠袟
158,袙孝_袩邪褋锌芯褉褌薪褘械袛邪薪薪褘械_Cleared,袙孝_袩邪褋锌芯褉褌薪褘械袛邪薪薪褘械_Cleared,1,袠袟
159,袙孝_写邪薪薪褘械,袙孝_袛邪薪薪褘械袣芯薪褌褉邪谐械薪褌芯胁,1,袠袟
159,袙孝_袩邪褋锌芯褉褌薪褘械袛邪薪薪褘械,袙孝_袩邪褋锌芯褉褌薪褘械袛邪薪薪褘械,1,袥袝袙袨袝_小袨袝袛袠袧袝袧袠袝
159,肖袠袨_肖袥,袙孝_肖袠袨_肖袥,1,袥袝袙袨袝_小袨袝袛袠袧袝袧袠袝
159,肖袠袨_袠袩,袙孝_肖袠袨_袠袩,1,袥袝袙袨袝_小袨袝袛袠袧袝袧袠袝
160,袙孝_袛邪薪薪褘械,袙孝_袛邪薪薪褘械_泻,1,袠袟
160,袥袨袞鞋,袥袨袞鞋,0,FROM
160,袠小孝袠袧袗,袠小孝袠袧袗,0,FROM
160,袨褉谐邪薪懈蟹邪褑懈懈.袧邪懈屑械薪芯胁邪薪懈械袩芯谢薪芯械,袨褉谐邪薪懈蟹邪褑懈懈.袧邪懈屑械薪芯胁邪薪懈械袩芯谢薪芯械,0,FROM
160,袨褉谐邪薪懈蟹邪褑懈懈.袠袧袧,袨褉谐邪薪懈蟹邪褑懈懈.袠袧袧,0,FROM
160,袨褉谐邪薪懈蟹邪褑懈懈.袨袚袪袧,袨褉谐邪薪懈蟹邪褑懈懈.袨袚袪袧,0,FROM
160,"""643""","""643""",0,FROM
160,"""""","""""",0,FROM
160,袨褉谐邪薪懈蟹邪褑懈懈,小锌褉邪胁芯褔薪懈泻.袨褉谐邪薪懈蟹邪褑懈懈,0,袠袟
161,袙孝_袛邪薪薪褘械,袙孝_袛邪薪薪褘械_泻,1,袠袟
162,袨褉谐邪薪懈蟹邪褑懈懈,小锌褉邪胁芯褔薪懈泻.袨褉谐邪薪懈蟹邪褑懈懈,0,袠袟
163,袛邪薪薪褘械袣芯薪褌褉邪谐械薪褌芯胁,袙孝_袠写械薪褌懈褎懈泻邪褌芯褉褘264,1,袠袟
164,袙孝_肖懈蟹懈褔械褋泻懈械袥懈褑邪,袙孝_肖懈蟹懈褔械褋泻懈械袥懈褑邪,1,袠袟
164,肖懈蟹懈褔械褋泻懈械袥懈褑邪,小锌褉邪胁芯褔薪懈泻.肖懈蟹懈褔械褋泻懈械袥懈褑邪,0,袥袝袙袨袝_小袨袝袛袠袧袝袧袠袝
165,袙孝_肖懈蟹懈褔械褋泻懈械袥懈褑邪_小胁芯泄褋褌胁邪,袙孝_肖懈蟹懈褔械褋泻懈械袥懈褑邪_小胁芯泄褋褌胁邪,1,袠袟
166,袚褉邪卸写邪薪褋褌胁芯肖懈蟹懈褔械褋泻懈褏袥懈褑,袪械谐懈褋褌褉小胁械写械薪懈泄.袚褉邪卸写邪薪褋褌胁芯肖懈蟹懈褔械褋泻懈褏袥懈褑.小褉械蟹袩芯褋谢械写薪懈褏,0,袠袟
167,袙孝_肖懈蟹懈褔械褋泻懈械袥懈褑邪_袛谢褟袩邪褋锌芯褉褌芯胁,袙孝_肖懈蟹懈褔械褋泻懈械袥懈褑邪_袛谢褟袩邪褋锌芯褉褌芯胁,1,袠袟
168,袙孝_袙泻谢邪写褔懈泻懈,袙孝_袙泻谢邪写褔懈泻懈,1,袠袟
168,袙蝎袘袨袪,袙蝎袘袨袪,0,FROM
168,"""褎谢""","""褎谢""",0,FROM
168,袙孝_肖懈蟹懈褔械褋泻懈械袥懈褑邪.袣芯薪褌褉邪谐械薪褌.袣芯写,袙孝_肖懈蟹懈褔械褋泻懈械袥懈褑邪.袣芯薪褌褉邪谐械薪褌.袣芯写,0,FROM
168,袙孝_肖懈蟹懈褔械褋泻懈械袥懈褑邪,袙孝_肖懈蟹懈褔械褋泻懈械袥懈褑邪,1,袠袟
168,袙孝_袩邪褋锌芯褉褌薪褘械袛邪薪薪褘械,袙孝_袩邪褋锌芯褉褌薪褘械袛邪薪薪褘械,1,袥袝袙袨袝_小袨袝袛袠袧袝袧袠袝
168,袙孝_肖懈蟹懈褔械褋泻懈械袥懈褑邪_小胁芯泄褋褌胁邪,袙孝_肖懈蟹懈褔械褋泻懈械袥懈褑邪_小胁芯泄褋褌胁邪,1,袙袧校孝袪袝袧袧袝袝_小袨袝袛袠袧袝袧袠袝
168,袙孝_袚褉邪卸写邪薪褋褌胁芯肖懈蟹懈褔械褋泻懈褏袥懈褑,袙孝_袚褉邪卸写邪薪褋褌胁芯肖懈蟹懈褔械褋泻懈褏袥懈褑,1,袥袝袙袨袝_小袨袝袛袠袧袝袧袠袝
169,袙孝_袙泻谢邪写褔懈泻懈,袙孝_袙泻谢邪写褔懈泻懈,1,袠袟
170,袙孝_肖懈蟹懈褔械褋泻懈械袥懈褑邪,袙孝_肖懈蟹懈褔械褋泻懈械袥懈褑邪,1,袠袟
170,袙孝_袩邪褋锌芯褉褌薪褘械袛邪薪薪褘械,袙孝_袩邪褋锌芯褉褌薪褘械袛邪薪薪褘械,1,袥袝袙袨袝_小袨袝袛袠袧袝袧袠袝
170,袙孝_肖懈蟹懈褔械褋泻懈械袥懈褑邪_小胁芯泄褋褌胁邪,袙孝_肖懈蟹懈褔械褋泻懈械袥懈褑邪_小胁芯泄褋褌胁邪,1,袙袧校孝袪袝袧袧袝袝_小袨袝袛袠袧袝袧袠袝
170,袙孝_袚褉邪卸写邪薪褋褌胁芯肖懈蟹懈褔械褋泻懈褏袥懈褑,袙孝_袚褉邪卸写邪薪褋褌胁芯肖懈蟹懈褔械褋泻懈褏袥懈褑,1,袥袝袙袨袝_小袨袝袛袠袧袝袧袠袝
171,袠褋褌芯褔薪懈泻袛邪薪薪褘褏,袪械谐懈褋褌褉袧邪泻芯锌谢械薪懈褟.褍锌_袪械蟹械褉胁褘袧袩袨袧械褉邪褋锌褉械写械谢械薪薪褘械袩谢邪褌械卸懈,0,袠袟
171,袙孝_袩械薪褋懈芯薪薪褘械小褔械褌邪,袙孝_袩械薪褋懈芯薪薪褘械小褔械褌邪,1,袙袧校孝袪袝袧袧袝袝_小袨袝袛袠袧袝袧袠袝
171,袠褋褌芯褔薪懈泻袛邪薪薪褘褏.袧芯屑械褉小褔械褌邪,袠褋褌芯褔薪懈泻袛邪薪薪褘褏.袧芯屑械褉小褔械褌邪,0,FROM
171,袠褋褌芯褔薪懈泻袛邪薪薪褘褏.孝懈锌小褍屑屑褘,袠褋褌芯褔薪懈泻袛邪薪薪褘褏.孝懈锌小褍屑屑褘,0,FROM
172,袙孝_孝懈锌褘袪械蟹械褉胁芯胁,袙孝_孝懈锌褘袪械蟹械褉胁芯胁,1,袠袟
173,褍锌_袪械蟹械褉胁褘袨褋褌邪褌泻懈,袪械谐懈褋褌褉袧邪泻芯锌谢械薪懈褟.褍锌_袪械蟹械褉胁褘.袨褋褌邪褌泻懈,0,袠袟
173,褍锌_袪械蟹械褉胁褘袨褋褌邪褌泻懈.孝懈锌小褍屑屑褘,褍锌_袪械蟹械褉胁褘袨褋褌邪褌泻懈.孝懈锌小褍屑屑褘,0,FROM
173,褍锌_袪械蟹械褉胁褘袨褋褌邪褌泻懈.袧芯屑械褉小褔械褌邪,褍锌_袪械蟹械褉胁褘袨褋褌邪褌泻懈.袧芯屑械褉小褔械褌邪,0,FROM
173,0,0,0,FROM
173,褍锌_袪械蟹械褉胁褘袨褋褌邪褌泻懈.小褍屑屑邪袨褋褌邪褌芯泻,褍锌_袪械蟹械褉胁褘袨褋褌邪褌泻懈.小褍屑屑邪袨褋褌邪褌芯泻,0,FROM
173,袠小孝袠袧袗,袠小孝袠袧袗,0,FROM
173,褍锌_袩芯褋褌褍锌谢械薪懈褟袨斜芯褉芯褌褘.孝懈锌小褍屑屑褘,褍锌_袩芯褋褌褍锌谢械薪懈褟袨斜芯褉芯褌褘.孝懈锌小褍屑屑褘,0,FROM
173,褍锌_袩芯褋褌褍锌谢械薪懈褟袨斜芯褉芯褌褘.袧芯屑械褉小褔械褌邪,褍锌_袩芯褋褌褍锌谢械薪懈褟袨斜芯褉芯褌褘.袧芯屑械褉小褔械褌邪,0,FROM
173,褍锌_袩芯褋褌褍锌谢械薪懈褟袨斜芯褉芯褌褘.小褍屑屑邪袨斜芯褉芯褌,褍锌_袩芯褋褌褍锌谢械薪懈褟袨斜芯褉芯褌褘.小褍屑屑邪袨斜芯褉芯褌,0,FROM
173,袥袨袞鞋,袥袨袞鞋,0,FROM
173,褍锌_袩芯褋褌褍锌谢械薪懈褟袨斜芯褉芯褌褘,袪械谐懈褋褌褉袧邪泻芯锌谢械薪懈褟.褍锌_袩芯褋褌褍锌谢械薪懈褟.袨斜芯褉芯褌褘,0,袠袟
173,褍锌_袠薪胁械褋褌袛芯褏芯写袨斜芯褉芯褌褘.孝懈锌小褍屑屑褘,褍锌_袠薪胁械褋褌袛芯褏芯写袨斜芯褉芯褌褘.孝懈锌小褍屑屑褘,0,FROM
173,褍锌_袠薪胁械褋褌袛芯褏芯写袨斜芯褉芯褌褘.袧芯屑械褉小褔械褌邪,褍锌_袠薪胁械褋褌袛芯褏芯写袨斜芯褉芯褌褘.袧芯屑械褉小褔械褌邪,0,FROM
173,褍锌_袠薪胁械褋褌袛芯褏芯写袨斜芯褉芯褌褘.小褍屑屑邪袨斜芯褉芯褌,褍锌_袠薪胁械褋褌袛芯褏芯写袨斜芯褉芯褌褘.小褍屑屑邪袨斜芯褉芯褌,0,FROM
173,褍锌_袠薪胁械褋褌袛芯褏芯写袨斜芯褉芯褌褘,袪械谐懈褋褌褉袧邪泻芯锌谢械薪懈褟.褍锌_袠薪胁械褋褌袛芯褏芯写.袨斜芯褉芯褌褘,0,袠袟
173,袙孝_袣芯褉褉械泻褌懈褉芯胁泻懈.孝懈锌小褍屑屑褘,袙孝_袣芯褉褉械泻褌懈褉芯胁泻懈.孝懈锌小褍屑屑褘,0,FROM
173,袙孝_袣芯褉褉械泻褌懈褉芯胁泻懈.袩械薪褋懈芯薪薪褘泄小褔械褌,袙孝_袣芯褉褉械泻褌懈褉芯胁泻懈.袩械薪褋懈芯薪薪褘泄小褔械褌,0,FROM
173,袙孝_袣芯褉褉械泻褌懈褉芯胁泻懈.小褍屑屑邪袙褏,袙孝_袣芯褉褉械泻褌懈褉芯胁泻懈.小褍屑屑邪袙褏,0,FROM
173,袙孝_袣芯褉褉械泻褌懈褉芯胁泻懈.小褍屑屑邪,袙孝_袣芯褉褉械泻褌懈褉芯胁泻懈.小褍屑屑邪,0,FROM
173,袙孝_袣芯褉褉械泻褌懈褉芯胁泻懈.袩芯褋褌褍锌谢械薪懈褟,袙孝_袣芯褉褉械泻褌懈褉芯胁泻懈.袩芯褋褌褍锌谢械薪懈褟,0,FROM
173,袙孝_袣芯褉褉械泻褌懈褉芯胁泻懈.袠薪胁械褋褌懈褑懈芯薪薪褘泄袛芯褏芯写,袙孝_袣芯褉褉械泻褌懈褉芯胁泻懈.袠薪胁械褋褌懈褑懈芯薪薪褘泄袛芯褏芯写,0,FROM
173,袙孝_袣芯褉褉械泻褌懈褉芯胁泻懈,袙孝_袣芯褉褉械泻褌懈褉芯胁泻懈,1,袠袟
173,NULL,NULL,0,FROM
173,褍锌_袟邪写芯谢卸械薪薪芯褋褌褜袩芯袩械薪褋懈褟屑袨褋褌邪褌泻懈.袧芯屑械褉小褔械褌邪,褍锌_袟邪写芯谢卸械薪薪芯褋褌褜袩芯袩械薪褋懈褟屑袨褋褌邪褌泻懈.袧芯屑械褉小褔械褌邪,0,FROM
173,褍锌_袟邪写芯谢卸械薪薪芯褋褌褜袩芯袩械薪褋懈褟屑袨褋褌邪褌泻懈.小褍屑屑邪袩械薪褋懈懈袨褋褌邪褌芯泻,褍锌_袟邪写芯谢卸械薪薪芯褋褌褜袩芯袩械薪褋懈褟屑袨褋褌邪褌泻懈.小褍屑屑邪袩械薪褋懈懈袨褋褌邪褌芯泻,0,FROM
173,褍锌_袟邪写芯谢卸械薪薪芯褋褌褜袩芯袩械薪褋懈褟屑袨褋褌邪褌泻懈,袪械谐懈褋褌褉袧邪泻芯锌谢械薪懈褟.褍锌_袟邪写芯谢卸械薪薪芯褋褌褜袩芯袩械薪褋懈褟屑.袨褋褌邪褌泻懈,0,袠袟
173,褍锌_袠薪胁械褋褌袛芯褏芯写袧袩袨袣肖懈泻褋邪褑懈懈袨褋褌邪褌泻懈.孝懈锌小褍屑屑褘,褍锌_袠薪胁械褋褌袛芯褏芯写袧袩袨袣肖懈泻褋邪褑懈懈袨褋褌邪褌泻懈.孝懈锌小褍屑屑褘,0,FROM
173,褍锌_袠薪胁械褋褌袛芯褏芯写袧袩袨袣肖懈泻褋邪褑懈懈袨褋褌邪褌泻懈.袧芯屑械褉小褔械褌邪,褍锌_袠薪胁械褋褌袛芯褏芯写袧袩袨袣肖懈泻褋邪褑懈懈袨褋褌邪褌泻懈.袧芯屑械褉小褔械褌邪,0,FROM
173,袠薪胁械褋褌袛芯褏芯写袣肖懈泻褋邪褑懈懈,褍锌_袠薪胁械褋褌袛芯褏芯写袧袩袨袣肖懈泻褋邪褑懈懈袨褋褌邪褌泻懈.小褍屑屑邪袨褋褌邪褌芯泻,0,FROM
173,褍锌_袠薪胁械褋褌袛芯褏芯写袧袩袨袣肖懈泻褋邪褑懈懈袨褋褌邪褌泻懈,袪械谐懈褋褌褉袧邪泻芯锌谢械薪懈褟.褍锌_袠薪胁械褋褌袛芯褏芯写袧袩袨袣肖懈泻褋邪褑懈懈.袨褋褌邪褌泻懈,0,袠袟
173,孝懈锌小褍屑屑褘,褍锌_袪械蟹械褉胁褘袨褋褌邪褌泻懈.孝懈锌小褍屑屑褘,0,FROM
173,袩械薪褋懈芯薪薪褘泄小褔械褌,褍锌_袪械蟹械褉胁褘袨褋褌邪褌泻懈.袧芯屑械褉小褔械褌邪,0,FROM
173,袨褋褌邪褌芯泻袙褏,褍锌_袪械蟹械褉胁褘袨褋褌邪褌泻懈.小褍屑屑邪袨褋褌邪褌芯泻,0,FROM
173,袨褋褌邪褌芯泻袠褋褏,0,0,FROM
173,袙蟹薪芯褋褘,0,0,FROM
173,袠薪胁械褋褌懈褑懈芯薪薪褘泄袛芯褏芯写,0,0,FROM
173,袩褉懈蟹薪邪泻袠褋褏袨褋褌邪褌泻邪,袥袨袞鞋,0,FROM
173,袟邪写芯谢卸械薪薪芯褋褌褜袩械薪褋懈懈,0,0,FROM
174,袙孝_袩械薪褋懈芯薪薪褘械小褔械褌邪_袨褉谐_袩小_孝袪,袙孝_袩械薪褋懈芯薪薪褘械小褔械褌邪_袨褉谐_袩小_孝袪,1,袠袟
175,袙孝_袩械薪褋懈芯薪薪褘械小褔械褌邪_袨褉谐_袩小_孝袪,袙孝_袩械薪褋懈芯薪薪褘械小褔械褌邪_袨褉谐_袩小_孝袪,1,袠袟
176,袙孝_袩械薪褋懈芯薪薪褘械小褔械褌邪_袨褉谐_袩小_孝袪,袙孝_袩械薪褋懈芯薪薪褘械小褔械褌邪_袨褉谐_袩小_孝袪,1,袠袟
177,袙孝_袩械薪褋懈芯薪薪褘械小褔械褌邪_袨褉谐_袩小_孝袪,袙孝_袩械薪褋懈芯薪薪褘械小褔械褌邪_袨褉谐_袩小_孝袪,1,袠袟
178,袙孝_袩械薪褋懈芯薪薪褘械小褔械褌邪_袨褉谐_袩小_孝袪,袙孝_袩械薪褋懈芯薪薪褘械小褔械褌邪_袨褉谐_袩小_孝袪,1,袠袟
179,袙孝_袩械薪褋懈芯薪薪褘械小褔械褌邪_袨褉谐_袩小_孝袪,袙孝_袩械薪褋懈芯薪薪褘械小褔械褌邪_袨褉谐_袩小_孝袪,1,袠袟
180,袙孝_袩械薪褋懈芯薪薪褘械小褔械褌邪_袨褉谐_袩小_孝袪,袙孝_袩械薪褋懈芯薪薪褘械小褔械褌邪_袨褉谐_袩小_孝袪,1,袠袟
181,袙孝_袩械薪褋懈芯薪薪褘械小褔械褌邪_袨褉谐_袩小_孝袪,袙孝_袩械薪褋懈芯薪薪褘械小褔械褌邪_袨褉谐_袩小_孝袪,1,袠袟
182,袙孝_袩械薪褋懈芯薪薪褘械小褔械褌邪_袨褉谐_袩小_孝袪,袙孝_袩械薪褋懈芯薪薪褘械小褔械褌邪_袨褉谐_袩小_孝袪,1,袠袟
183,袙孝_袩械薪褋懈芯薪薪褘械小褔械褌邪_袨褉谐_袩小_孝袪,袙孝_袩械薪褋懈芯薪薪褘械小褔械褌邪_袨褉谐_袩小_孝袪,1,袠袟
184,褍锌_袪械蟹械褉胁褘袨褋褌邪褌泻懈,袪械谐懈褋褌褉袧邪泻芯锌谢械薪懈褟.褍锌_袪械蟹械褉胁褘.袨褋褌邪褌泻懈,0,袠袟
185,褍锌_袪械蟹械褉胁褘袨褋褌邪褌泻懈,袪械谐懈褋褌褉袧邪泻芯锌谢械薪懈褟.褍锌_袪械蟹械褉胁褘.袨褋褌邪褌泻懈,0,袠袟
186,褍锌_袩芯褋褌褍锌谢械薪懈褟袨斜芯褉芯褌褘,袪械谐懈褋褌褉袧邪泻芯锌谢械薪懈褟.褍锌_袩芯褋褌褍锌谢械薪懈褟.袨斜芯褉芯褌褘,0,袠袟
187,褍锌_袠薪胁械褋褌袛芯褏芯写袨斜芯褉芯褌褘,袪械谐懈褋褌褉袧邪泻芯锌谢械薪懈褟.褍锌_袠薪胁械褋褌袛芯褏芯写.袨斜芯褉芯褌褘,0,袠袟
188,袙孝_袣芯褉褉械泻褌懈褉芯胁泻懈,袙孝_袣芯褉褉械泻褌懈褉芯胁泻懈,1,袠袟
189,褍锌_袟邪写芯谢卸械薪薪芯褋褌褜袩芯袩械薪褋懈褟屑袨褋褌邪褌泻懈,袪械谐懈褋褌褉袧邪泻芯锌谢械薪懈褟.褍锌_袟邪写芯谢卸械薪薪芯褋褌褜袩芯袩械薪褋懈褟屑.袨褋褌邪褌泻懈,0,袠袟
190,褍锌_袠薪胁械褋褌袛芯褏芯写袧袩袨袣肖懈泻褋邪褑懈懈袨褋褌邪褌泻懈,袪械谐懈褋褌褉袧邪泻芯锌谢械薪懈褟.褍锌_袠薪胁械褋褌袛芯褏芯写袧袩袨袣肖懈泻褋邪褑懈懈.袨褋褌邪褌泻懈,0,袠袟
191,褍锌_袪械蟹械褉胁褘袨褋褌邪褌泻懈,袪械谐懈褋褌褉袧邪泻芯锌谢械薪懈褟.褍锌_袙芯蟹胁褉邪褌褘袩褉芯褔懈褏袧邪褔懈褋谢械薪懈泄袧袩袨.袨褋褌邪褌泻懈,0,袠袟
192,褍锌_袪械蟹械褉胁褘袨褋褌邪褌泻懈,袪械谐懈褋褌褉袧邪泻芯锌谢械薪懈褟.褍锌_袙芯蟹胁褉邪褌褘袩褉芯褔懈褏袧邪褔懈褋谢械薪懈泄袧袩袨.袨褋褌邪褌泻懈,0,袠袟
193,褍锌_袪械蟹械褉胁褘袨褋褌邪褌泻懈,袪械谐懈褋褌褉袧邪泻芯锌谢械薪懈褟.褍锌_袙芯蟹胁褉邪褌褘袩械薪褋懈泄袧袩袨.袨褋褌邪褌泻懈,0,袠袟
194,褍锌_袪械蟹械褉胁褘袨褋褌邪褌泻懈,袪械谐懈褋褌褉袧邪泻芯锌谢械薪懈褟.褍锌_袙芯蟹胁褉邪褌褘袩械薪褋懈泄袧袩袨.袨褋褌邪褌泻懈,0,袠袟
195,袙孝_小褍屑屑褘_袩袪,袙孝_小褍屑屑褘_袩袪,1,袠袟
195,袙孝_小褏械屑褘袩械薪褋懈芯薪薪褘褏小褔械褌芯胁,袙孝_小褏械屑褘袩械薪褋懈芯薪薪褘褏小褔械褌芯胁,1,袥袝袙袨袝_小袨袝袛袠袧袝袧袠袝
195,袙孝_小褏械屑褘_小胁芯泄褋褌胁邪,袙孝_小褏械屑褘_小胁芯泄褋褌胁邪,1,袥袝袙袨袝_小袨袝袛袠袧袝袧袠袝
196,袙孝_小褍屑屑褘_袩袪_写谢褟袙小,袙孝_小褍屑屑褘_袩袪_写谢褟袙小,1,袠袟
196,袙孝_袩械薪褋懈芯薪薪褘械袛芯谐芯胁芯褉褘_小胁芯泄褋褌胁邪,袙孝_袩械薪褋懈芯薪薪褘械袛芯谐芯胁芯褉褘_小胁芯泄褋褌胁邪,1,袥袝袙袨袝_小袨袝袛袠袧袝袧袠袝
196,褍锌_袣芯褝褎褎懈褑懈械薪褌袙褘泻褍锌薪芯泄小褌芯懈屑芯褋褌懈小褉械蟹袩芯褋谢械写薪懈褏,袪械谐懈褋褌褉小胁械写械薪懈泄.褍锌_袣芯褝褎褎懈褑懈械薪褌袙褘泻褍锌薪芯泄小褌芯懈屑芯褋褌懈.小褉械蟹袩芯褋谢械写薪懈褏,0,袥袝袙袨袝_小袨袝袛袠袧袝袧袠袝
196,袣袗袣,袣袗袣,0,袥袝袙袨袝_小袨袝袛袠袧袝袧袠袝
197,褍锌_袣芯褝褎褎懈褑懈械薪褌褘袛谢褟袪邪褋褔械褌邪袙褘泻褍锌薪褘褏小褍屑屑,袪械谐懈褋褌褉小胁械写械薪懈泄.褍锌_袣芯褝褎褎懈褑懈械薪褌褘袛谢褟袪邪褋褔械褌邪袙褘泻褍锌薪褘褏小褍屑屑,0,袠袟
198,褍锌_袣芯褝褎褎懈褑懈械薪褌褘袛谢褟袪邪褋褔械褌邪袙褘泻褍锌薪褘褏小褍屑屑,袪械谐懈褋褌褉小胁械写械薪懈泄.褍锌_袣芯褝褎褎懈褑懈械薪褌褘袛谢褟袪邪褋褔械褌邪袙褘泻褍锌薪褘褏小褍屑屑,0,袠袟
199,褍锌_袣芯褝褎褎懈褑懈械薪褌褘袛谢褟袪邪褋褔械褌邪袙褘泻褍锌薪褘褏小褍屑屑,袪械谐懈褋褌褉小胁械写械薪懈泄.褍锌_袣芯褝褎褎懈褑懈械薪褌褘袛谢褟袪邪褋褔械褌邪袙褘泻褍锌薪褘褏小褍屑屑,0,袠袟
200,褍锌_袣芯褝褎褎懈褑懈械薪褌褘袛谢褟袪邪褋褔械褌邪袙褘泻褍锌薪褘褏小褍屑屑,袪械谐懈褋褌褉小胁械写械薪懈泄.褍锌_袣芯褝褎褎懈褑懈械薪褌褘袛谢褟袪邪褋褔械褌邪袙褘泻褍锌薪褘褏小褍屑屑,0,袠袟
201,褍锌_袣芯褝褎褎懈褑懈械薪褌褘袛谢褟袪邪褋褔械褌邪袙褘泻褍锌薪褘褏小褍屑屑,袪械谐懈褋褌褉小胁械写械薪懈泄.褍锌_袣芯褝褎褎懈褑懈械薪褌褘袛谢褟袪邪褋褔械褌邪袙褘泻褍锌薪褘褏小褍屑屑,0,袠袟
202,褍锌_袣芯褝褎褎懈褑懈械薪褌褘袛谢褟袪邪褋褔械褌邪袙褘泻褍锌薪褘褏小褍屑屑,袪械谐懈褋褌褉小胁械写械薪懈泄.褍锌_袣芯褝褎褎懈褑懈械薪褌褘袛谢褟袪邪褋褔械褌邪袙褘泻褍锌薪褘褏小褍屑屑,0,袠袟
203,袙孝_小褍屑屑褘袣芯褝褎褎懈褑懈械薪褌褘袙小_锌褉械写胁,袙孝_小褍屑屑褘袣芯褝褎褎懈褑懈械薪褌褘袙小_锌褉械写胁,1,袠袟
203,袙孝_小褍屑屑褘袣芯褝褎褎懈褑懈械薪褌褘袙小_锌褉械写胁.楔邪斜谢芯薪袛芯谐芯胁芯褉邪,袙孝_小褍屑屑褘袣芯褝褎褎懈褑懈械薪褌褘袙小_锌褉械写胁.楔邪斜谢芯薪袛芯谐芯胁芯褉邪,0,FROM
203,袙孝_小褍屑屑褘袣芯褝褎褎懈褑懈械薪褌褘袙小_锌褉械写胁.小褏械屑邪,袙孝_小褍屑屑褘袣芯褝褎褎懈褑懈械薪褌褘袙小_锌褉械写胁.小褏械屑邪,0,FROM
203,袙孝_小褍屑屑褘袣芯褝褎褎懈褑懈械薪褌褘袙小_锌褉械写胁.孝懈锌袪械蟹械褉胁邪,袙孝_小褍屑屑褘袣芯褝褎褎懈褑懈械薪褌褘袙小_锌褉械写胁.孝懈锌袪械蟹械褉胁邪,0,FROM
203,袙孝_小褍屑屑褘袣芯褝褎褎懈褑懈械薪褌褘袙小_锌褉械写胁.孝懈锌小褍屑屑褘,袙孝_小褍屑屑褘袣芯褝褎褎懈褑懈械薪褌褘袙小_锌褉械写胁.孝懈锌小褍屑屑褘,0,FROM
203,袙孝_小褍屑屑褘袣芯褝褎褎懈褑懈械薪褌褘袙小_锌褉械写胁.袨褋褌邪褌芯泻袠褋褏,袙孝_小褍屑屑褘袣芯褝褎褎懈褑懈械薪褌褘袙小_锌褉械写胁.袨褋褌邪褌芯泻袠褋褏,0,FROM
203,袙孝_小褍屑屑褘袣芯褝褎褎懈褑懈械薪褌褘袙小_锌褉械写胁.袩褉懈芯褉懈褌械褌袪邪褋褔械褌邪袙小,袙孝_小褍屑屑褘袣芯褝褎褎懈褑懈械薪褌褘袙小_锌褉械写胁.袩褉懈芯褉懈褌械褌袪邪褋褔械褌邪袙小,0,FROM
203,袙孝_小褍屑屑褘袣芯褝褎褎懈褑懈械薪褌褘袙小_锌褉械写胁.袣芯褝褎褎懈褑懈械薪褌袙小,袙孝_小褍屑屑褘袣芯褝褎褎懈褑懈械薪褌褘袙小_锌褉械写胁.袣芯褝褎褎懈褑懈械薪褌袙小,0,FROM
203,袙孝_小褍屑屑褘袣芯褝褎褎懈褑懈械薪褌褘袙小_锌褉械写胁.小芯褋褌芯褟薪懈械,袙孝_小褍屑屑褘袣芯褝褎褎懈褑懈械薪褌褘袙小_锌褉械写胁.小芯褋褌芯褟薪懈械,0,FROM
203,袙孝_小褍屑屑褘袣芯褝褎褎懈褑懈械薪褌褘袙小_锌褉械写胁.小芯褋褌芯褟薪懈械袛谢褟袪邪褋褔械褌邪,袙孝_小褍屑屑褘袣芯褝褎褎懈褑懈械薪褌褘袙小_锌褉械写胁.小芯褋褌芯褟薪懈械袛谢褟袪邪褋褔械褌邪,0,FROM
203,袙孝_小褍屑屑褘袣芯褝褎褎懈褑懈械薪褌褘袙小_锌褉械写胁.袣芯谢懈褔械褋褌胁芯袥械褌,袙孝_小褍屑屑褘袣芯褝褎褎懈褑懈械薪褌褘袙小_锌褉械写胁.袣芯谢懈褔械褋褌胁芯袥械褌,0,FROM
203,袙孝_小褍屑屑褘袣芯褝褎褎懈褑懈械薪褌褘袙小_锌褉械写胁.袩械褉懈芯写袪邪褋褔械褌邪袙小,袙孝_小褍屑屑褘袣芯褝褎褎懈褑懈械薪褌褘袙小_锌褉械写胁.袩械褉懈芯写袪邪褋褔械褌邪袙小,0,FROM
204,袙孝_小褍屑屑褘袣芯褝褎褎懈褑懈械薪褌褘袙小,袙孝_小褍屑屑褘袣芯褝褎褎懈褑懈械薪褌褘袙小,1,袠袟
204,袙孝_小褍屑屑褘袣芯褝褎褎懈褑懈械薪褌褘袙小.楔邪斜谢芯薪袛芯谐芯胁芯褉邪,袙孝_小褍屑屑褘袣芯褝褎褎懈褑懈械薪褌褘袙小.楔邪斜谢芯薪袛芯谐芯胁芯褉邪,0,FROM
204,袙孝_小褍屑屑褘袣芯褝褎褎懈褑懈械薪褌褘袙小.小褏械屑邪,袙孝_小褍屑屑褘袣芯褝褎褎懈褑懈械薪褌褘袙小.小褏械屑邪,0,FROM
204,袙孝_小褍屑屑褘袣芯褝褎褎懈褑懈械薪褌褘袙小.袩褉懈芯褉懈褌械褌袪邪褋褔械褌邪袙小,袙孝_小褍屑屑褘袣芯褝褎褎懈褑懈械薪褌褘袙小.袩褉懈芯褉懈褌械褌袪邪褋褔械褌邪袙小,0,FROM
204,袙孝_小褍屑屑褘袣芯褝褎褎懈褑懈械薪褌褘袙小.袣芯谢懈褔械褋褌胁芯袥械褌,袙孝_小褍屑屑褘袣芯褝褎褎懈褑懈械薪褌褘袙小.袣芯谢懈褔械褋褌胁芯袥械褌,0,FROM
204,袙孝_小褍屑屑褘袣芯褝褎褎懈褑懈械薪褌褘袙小.袩械褉懈芯写袪邪褋褔械褌邪袙小,袙孝_小褍屑屑褘袣芯褝褎褎懈褑懈械薪褌褘袙小.袩械褉懈芯写袪邪褋褔械褌邪袙小,0,FROM
205,袙孝_小褍屑屑褘_袩袪_写谢褟袙小,袙孝_小褍屑屑褘_袩袪_写谢褟袙小,1,袠袟
205,褍锌_袣芯褝褎褎懈褑懈械薪褌袙褘泻褍锌薪芯泄小褌芯懈屑芯褋褌懈小褉械蟹袩芯褋谢械写薪懈褏,袪械谐懈褋褌褉小胁械写械薪懈泄.褍锌_袣芯褝褎褎懈褑懈械薪褌袙褘泻褍锌薪芯泄小褌芯懈屑芯褋褌懈.小褉械蟹袩芯褋谢械写薪懈褏,0,袥袝袙袨袝_小袨袝袛袠袧袝袧袠袝
205,袣袗袣,袣袗袣,0,袥袝袙袨袝_小袨袝袛袠袧袝袧袠袝
206,褍锌_袣芯褝褎褎懈褑懈械薪褌褘袛谢褟袪邪褋褔械褌邪袙褘泻褍锌薪褘褏小褍屑屑,袪械谐懈褋褌褉小胁械写械薪懈泄.褍锌_袣芯褝褎褎懈褑懈械薪褌褘袛谢褟袪邪褋褔械褌邪袙褘泻褍锌薪褘褏小褍屑屑,0,袠袟
207,褍锌_袣芯褝褎褎懈褑懈械薪褌褘袛谢褟袪邪褋褔械褌邪袙褘泻褍锌薪褘褏小褍屑屑,袪械谐懈褋褌褉小胁械写械薪懈泄.褍锌_袣芯褝褎褎懈褑懈械薪褌褘袛谢褟袪邪褋褔械褌邪袙褘泻褍锌薪褘褏小褍屑屑,0,袠袟
208,褍锌_袣芯褝褎褎懈褑懈械薪褌褘袛谢褟袪邪褋褔械褌邪袙褘泻褍锌薪褘褏小褍屑屑,袪械谐懈褋褌褉小胁械写械薪懈泄.褍锌_袣芯褝褎褎懈褑懈械薪褌褘袛谢褟袪邪褋褔械褌邪袙褘泻褍锌薪褘褏小褍屑屑,0,袠袟
209,袙孝_小褍屑屑邪_袩袪_写谢褟袩袩,袙孝_小褍屑屑邪_袩袪_写谢褟袩袩,1,袠袟
210,袨褋褌邪褌泻懈袪械蟹械褉胁袧邪褋谢械写薪懈泻芯胁,袪械谐懈褋褌褉袧邪泻芯锌谢械薪懈褟.褍锌_袪械蟹械褉胁褘.袨褋褌邪褌泻懈,0,袠袟
211,袙孝_袪邪褋褔械褌薪褘械小褍屑屑褘袩袩_锌褉械写,袙孝_袪邪褋褔械褌薪褘械小褍屑屑褘袩袩_锌褉械写,1,袠袟
211,袙孝_袨褋褌邪褌泻懈袧邪褋谢械写薪懈泻芯胁,袙孝_袨褋褌邪褌泻懈袧邪褋谢械写薪懈泻芯胁,1,袥袝袙袨袝_小袨袝袛袠袧袝袧袠袝
212,袙孝_小褍屑屑褘_袩袪,袙孝_小褍屑屑褘_袩袪,1,袠袟
212,0,0,0,FROM
212,袙蝎袘袨袪,袙蝎袘袨袪,0,FROM
212,袙孝_小芯褋褌芯褟薪懈褟袩械薪褋懈芯薪薪褘褏小褔械褌芯胁,袙孝_小芯褋褌芯褟薪懈褟袩械薪褋懈芯薪薪褘褏小褔械褌芯胁,1,袥袝袙袨袝_小袨袝袛袠袧袝袧袠袝
212,袙孝_袩械薪褋懈芯薪薪褘械小褔械褌邪,袙孝_袩械薪褋懈芯薪薪褘械小褔械褌邪_小胁芯泄褋褌胁邪,1,袙袧校孝袪袝袧袧袝袝_小袨袝袛袠袧袝袧袠袝
212,袙孝_小褏械屑褘袩械薪褋懈芯薪薪褘褏小褔械褌芯胁,袙孝_小褏械屑褘袩械薪褋懈芯薪薪褘褏小褔械褌芯胁,1,袥袝袙袨袝_小袨袝袛袠袧袝袧袠袝
212,袙孝_小褏械屑褘_小胁芯泄褋褌胁邪,袙孝_小褏械屑褘_小胁芯泄褋褌胁邪,1,袥袝袙袨袝_小袨袝袛袠袧袝袧袠袝
212,袙孝_小褍屑屑褘_袩袪.袨褋褌邪褌芯泻袠褋褏,袙孝_小褍屑屑褘_袩袪.袨褋褌邪褌芯泻袠褋褏,0,FROM
213,袙孝_小褍屑屑褘_袩袪,袙孝_小褍屑屑褘_袩袪,1,袠袟
214,袙孝_小褍屑屑褘_袩袪,袙孝_小褍屑屑褘_袩袪,1,袠袟
214,袙孝_小芯褋褌芯褟薪懈褟袩械薪褋懈芯薪薪褘褏小褔械褌芯胁,袙孝_小芯褋褌芯褟薪懈褟袩械薪褋懈芯薪薪褘褏小褔械褌芯胁,1,袥袝袙袨袝_小袨袝袛袠袧袝袧袠袝
214,袙孝_袩械薪褋懈芯薪薪褘械小褔械褌邪,袙孝_袩械薪褋懈芯薪薪褘械小褔械褌邪_小胁芯泄褋褌胁邪,1,袙袧校孝袪袝袧袧袝袝_小袨袝袛袠袧袝袧袠袝
214,袙孝_小褏械屑褘袩械薪褋懈芯薪薪褘褏小褔械褌芯胁,袙孝_小褏械屑褘袩械薪褋懈芯薪薪褘褏小褔械褌芯胁,1,袥袝袙袨袝_小袨袝袛袠袧袝袧袠袝
214,袙孝_小褏械屑褘_小胁芯泄褋褌胁邪,袙孝_小褏械屑褘_小胁芯泄褋褌胁邪,1,袥袝袙袨袝_小袨袝袛袠袧袝袧袠袝
215,袙孝_小褍屑屑褘_袩袪,袙孝_小褍屑屑褘_袩袪,1,袠袟
216,袙孝_小褍屑屑褘_袩袪,袙孝_小褍屑屑褘_袩袪_小_袨斜褟蟹邪褌械谢褜褋褌胁邪屑懈,1,袠袟
217,袣袗袣,袣袗袣,0,袠袟
217,袪械谐懈褋褌褉褘.袪械谐懈褋褌褉邪褌芯褉,袪械谐懈褋褌褉褘.袪械谐懈褋褌褉邪褌芯褉,0,FROM
217,袪械谐懈褋褌褉褘.袩械褉懈芯写,袪械谐懈褋褌褉褘.袩械褉懈芯写,0,FROM
218,袙孝_孝懈锌褘袪械蟹械褉胁芯胁,袙孝_孝懈锌褘袪械蟹械褉胁芯胁,1,袠袟
219,褍锌_袧邪褔懈褋谢械薪懈褟袩械薪褋懈泄,袪械谐懈褋褌褉袧邪泻芯锌谢械薪懈褟.褍锌_袧邪褔懈褋谢械薪懈褟袩械薪褋懈泄,0,袠袟
219,袙孝_袩械薪褋懈芯薪薪褘械小褔械褌邪_小胁芯泄褋褌胁邪,袙孝_袩械薪褋懈芯薪薪褘械小褔械褌邪_小胁芯泄褋褌胁邪,1,袙袧校孝袪袝袧袧袝袝_小袨袝袛袠袧袝袧袠袝
219,褍锌_袪械蟹械褉胁褘.袪械谐懈褋褌褉邪褌芯褉,褍锌_袪械蟹械褉胁褘.袪械谐懈褋褌褉邪褌芯褉,0,FROM
219,褍锌_袪械蟹械褉胁褘.袧芯屑械褉小褔械褌邪,褍锌_袪械蟹械褉胁褘.袧芯屑械褉小褔械褌邪,0,FROM
219,褍锌_袪械蟹械褉胁褘,袪械谐懈褋褌褉袧邪泻芯锌谢械薪懈褟.褍锌_袪械蟹械褉胁褘,0,袠袟
220,褍锌_袧邪褔懈褋谢械薪懈褟袩械薪褋懈泄,袪械谐懈褋褌褉袧邪泻芯锌谢械薪懈褟.褍锌_袧邪褔懈褋谢械薪懈褟袩械薪褋懈泄,0,袠袟
220,袙孝_袩械薪褋懈芯薪薪褘械小褔械褌邪_小胁芯泄褋褌胁邪,袙孝_袩械薪褋懈芯薪薪褘械小褔械褌邪_小胁芯泄褋褌胁邪,1,袙袧校孝袪袝袧袧袝袝_小袨袝袛袠袧袝袧袠袝
221,褍锌_袪械蟹械褉胁褘,袪械谐懈褋褌褉袧邪泻芯锌谢械薪懈褟.褍锌_袪械蟹械褉胁褘,0,袠袟
221,袙孝_袩械薪褋懈芯薪薪褘械小褔械褌邪_小胁芯泄褋褌胁邪,袙孝_袩械薪褋懈芯薪薪褘械小褔械褌邪_小胁芯泄褋褌胁邪,1,袙袧校孝袪袝袧袧袝袝_小袨袝袛袠袧袝袧袠袝
221,袙孝_孝懈锌褘袪械蟹械褉胁芯胁,袙孝_孝懈锌褘袪械蟹械褉胁芯胁,1,袠袟
222,袙孝_袧邪褔懈褋谢械薪懈褟袩械薪褋懈泄袩芯小褔械褌邪屑,袙孝_袧邪褔懈褋谢械薪懈褟袩械薪褋懈泄袩芯小褔械褌邪屑,1,袠袟
222,袙孝_袩械薪褋懈芯薪薪褘械小褔械褌邪_小胁芯泄褋褌胁邪,袙孝_袩械薪褋懈芯薪薪褘械小褔械褌邪_小胁芯泄褋褌胁邪,1,袙袧校孝袪袝袧袧袝袝_小袨袝袛袠袧袝袧袠袝
222,袪械谐懈褋褌褉邪褌芯褉,袪械谐懈褋褌褉邪褌芯褉,0,FROM
222,袩械薪褋懈芯薪薪褘泄小褔械褌袛芯谐芯胁芯褉邪,袩械薪褋懈芯薪薪褘泄小褔械褌袛芯谐芯胁芯褉邪,0,FROM
223,褍锌_袪械蟹械褉胁褘,袪械谐懈褋褌褉袧邪泻芯锌谢械薪懈褟.褍锌_袪械蟹械褉胁褘,0,袠袟
223,褍锌_袪械蟹械褉胁褘.袧芯屑械褉小褔械褌邪,褍锌_袪械蟹械褉胁褘.袧芯屑械褉小褔械褌邪,0,FROM
224,袙孝_孝懈锌褘袪械蟹械褉胁芯胁,袙孝_孝懈锌褘袪械蟹械褉胁芯胁,1,袠袟
225,袙孝_袪械谐懈褋褌褉邪褌芯褉褘袧邪褔懈褋谢械薪懈泄小芯谢懈写邪褉薪褘褏小褔械褌芯胁,袙孝_袪械谐懈褋褌褉邪褌芯褉褘袧邪褔懈褋谢械薪懈泄小芯谢懈写邪褉薪褘褏小褔械褌芯胁,1,袠袟
226,褍锌_袪械蟹械褉胁褘,袪械谐懈褋褌褉袧邪泻芯锌谢械薪懈褟.褍锌_袪械蟹械褉胁褘,0,袠袟
227,袙孝_袩械薪褋懈芯薪薪褘械小褔械褌邪_袨褉谐_袩小_孝袪,袙孝_袩械薪褋懈芯薪薪褘械小褔械褌邪_袨褉谐_袩小_孝袪,1,袠袟
228,袙孝_袛胁懈卸械薪懈褟袩芯袪械谐懈褋褌褉邪褌芯褉邪屑,袙孝_袛胁懈卸械薪懈褟袩芯袪械谐懈褋褌褉邪褌芯褉邪屑,1,袠袟
228,袙孝_袛胁懈卸械薪懈褟袩芯袪械谐懈褋褌褉邪褌芯褉邪屑.孝懈锌袛芯泻褍屑械薪褌邪,袙孝_袛胁懈卸械薪懈褟袩芯袪械谐懈褋褌褉邪褌芯褉邪屑.孝懈锌袛芯泻褍屑械薪褌邪,0,FROM
228,袙孝_袛胁懈卸械薪懈褟袩芯袪械谐懈褋褌褉邪褌芯褉邪屑.袧芯屑械褉小褔械褌邪,袙孝_袛胁懈卸械薪懈褟袩芯袪械谐懈褋褌褉邪褌芯褉邪屑.袧芯屑械褉小褔械褌邪,0,FROM
228,袙孝_袛胁懈卸械薪懈褟袩芯袪械谐懈褋褌褉邪褌芯褉邪屑.袛胁懈卸械薪懈械,袙孝_袛胁懈卸械薪懈褟袩芯袪械谐懈褋褌褉邪褌芯褉邪屑.袛胁懈卸械薪懈械,0,FROM
229,袙孝_袩械薪褋懈芯薪薪褘械小褔械褌邪,袙孝_袩械薪褋懈芯薪薪褘械小褔械褌邪,1,袠袟
229,褍锌_袪械蟹械褉胁褘,袪械谐懈褋褌褉袧邪泻芯锌谢械薪懈褟.褍锌_袪械蟹械褉胁褘,0,袙袧校孝袪袝袧袧袝袝_小袨袝袛袠袧袝袧袠袝
230,袙孝_孝懈锌褘袪械蟹械褉胁芯胁,袙孝_孝懈锌褘袪械蟹械褉胁芯胁,1,袠袟
231,袙孝_袩械薪褋懈芯薪薪褘械小褔械褌邪,袙孝_袩械薪褋懈芯薪薪褘械小褔械褌邪,1,袠袟
231,褍锌_袪械蟹械褉胁褘,袪械谐懈褋褌褉袧邪泻芯锌谢械薪懈褟.褍锌_袪械蟹械褉胁褘,0,袙袧校孝袪袝袧袧袝袝_小袨袝袛袠袧袝袧袠袝
232,袙孝_孝懈锌褘袪械蟹械褉胁芯胁,袙孝_孝懈锌褘袪械蟹械褉胁芯胁,1,袠袟
233,袪械蟹械褉胁褘,袪械谐懈褋褌褉袧邪泻芯锌谢械薪懈褟.褍锌_袪械蟹械褉胁褘,0,袠袟
233,袙孝_袩械薪褋懈芯薪薪褘械小褔械褌邪,袙孝_袩械薪褋懈芯薪薪褘械小褔械褌邪,1,袙袧校孝袪袝袧袧袝袝_小袨袝袛袠袧袝袧袠袝
233,袙孝_袩械褉械胁芯写褘袠蟹袪械谐懈褋褌褉芯胁_袙懈写褘袛胁懈卸械薪懈泄,袙孝_袩械褉械胁芯写褘袠蟹袪械谐懈褋褌褉芯胁_袙懈写褘袛胁懈卸械薪懈泄,1,袙袧校孝袪袝袧袧袝袝_小袨袝袛袠袧袝袧袠袝
233,袪械蟹械褉胁褘.袧芯屑械褉小褔械褌邪,袪械蟹械褉胁褘.袧芯屑械褉小褔械褌邪,0,FROM
233,袪械蟹械褉胁褘.袙懈写袛胁懈卸械薪懈褟袝袩小,袪械蟹械褉胁褘.袙懈写袛胁懈卸械薪懈褟袝袩小,0,FROM
233,袩械薪褋懈芯薪薪褘泄小褔械褌,袪械蟹械褉胁褘.袧芯屑械褉小褔械褌邪,0,FROM
233,袙懈写袛胁懈卸械薪懈褟袝袩小,袪械蟹械褉胁褘.袙懈写袛胁懈卸械薪懈褟袝袩小,0,FROM
233,小褍屑屑邪,0,0,FROM
233,小褍屑屑邪袙袪械蟹械褉胁褘,袝小孝鞋NULL,0,FROM
233,袙孝_袩械褉械胁芯写褘袠蟹袪械谐懈褋褌褉芯胁_袙懈写褘袛胁懈卸械薪懈泄_袙袪械蟹械褉胁褘,袙孝_袩械褉械胁芯写褘袠蟹袪械谐懈褋褌褉芯胁_袙懈写褘袛胁懈卸械薪懈泄_袙袪械蟹械褉胁褘,1,袙袧校孝袪袝袧袧袝袝_小袨袝袛袠袧袝袧袠袝
234,袪械蟹械褉胁褘,袪械谐懈褋褌褉袧邪泻芯锌谢械薪懈褟.褍锌_袪械蟹械褉胁褘,0,袠袟
234,袙孝_袩械薪褋懈芯薪薪褘械小褔械褌邪,袙孝_袩械薪褋懈芯薪薪褘械小褔械褌邪,1,袙袧校孝袪袝袧袧袝袝_小袨袝袛袠袧袝袧袠袝
234,袙孝_袩械褉械胁芯写褘袠蟹袪械谐懈褋褌褉芯胁_袙懈写褘袛胁懈卸械薪懈泄,袙孝_袩械褉械胁芯写褘袠蟹袪械谐懈褋褌褉芯胁_袙懈写褘袛胁懈卸械薪懈泄,1,袙袧校孝袪袝袧袧袝袝_小袨袝袛袠袧袝袧袠袝
234,袪械蟹械褉胁褘.袧芯屑械褉小褔械褌邪,袪械蟹械褉胁褘.袧芯屑械褉小褔械褌邪,0,FROM
234,袪械蟹械褉胁褘.袙懈写袛胁懈卸械薪懈褟袝袩小,袪械蟹械褉胁褘.袙懈写袛胁懈卸械薪懈褟袝袩小,0,FROM
235,袪械蟹械褉胁褘,袪械谐懈褋褌褉袧邪泻芯锌谢械薪懈褟.褍锌_袪械蟹械褉胁褘,0,袠袟
235,袙孝_袩械薪褋懈芯薪薪褘械小褔械褌邪,袙孝_袩械薪褋懈芯薪薪褘械小褔械褌邪,1,袙袧校孝袪袝袧袧袝袝_小袨袝袛袠袧袝袧袠袝
235,袙孝_袩械褉械胁芯写褘袠蟹袪械谐懈褋褌褉芯胁_袙懈写褘袛胁懈卸械薪懈泄_袙袪械蟹械褉胁褘,袙孝_袩械褉械胁芯写褘袠蟹袪械谐懈褋褌褉芯胁_袙懈写褘袛胁懈卸械薪懈泄_袙袪械蟹械褉胁褘,1,袙袧校孝袪袝袧袧袝袝_小袨袝袛袠袧袝袧袠袝
235,袪械蟹械褉胁褘.袧芯屑械褉小褔械褌邪,袪械蟹械褉胁褘.袧芯屑械褉小褔械褌邪,0,FROM
235,袪械蟹械褉胁褘.袙懈写袛胁懈卸械薪懈褟袝袩小,袪械蟹械褉胁褘.袙懈写袛胁懈卸械薪懈褟袝袩小,0,FROM
236,袙孝_袩械褉械胁芯写褘袠蟹袪械谐懈褋褌褉芯胁_袪械蟹械褉胁褘,袙孝_袩械褉械胁芯写褘袠蟹袪械谐懈褋褌褉芯胁_袪械蟹械褉胁褘,1,袠袟
236,袙孝_袧邪褔懈褋谢械薪懈褟小芯谢懈写邪褉薪褘褏小褔械褌芯胁袣袪邪褋锌褉械写械谢械薪懈褞.袧芯屑械褉小褔械褌邪,袙孝_袧邪褔懈褋谢械薪懈褟小芯谢懈写邪褉薪褘褏小褔械褌芯胁袣袪邪褋锌褉械写械谢械薪懈褞.袧芯屑械褉小褔械褌邪,0,FROM
236,袙孝_袧邪褔懈褋谢械薪懈褟小芯谢懈写邪褉薪褘褏小褔械褌芯胁袣袪邪褋锌褉械写械谢械薪懈褞.袪械谐懈褋褌褉邪褌芯褉,袙孝_袧邪褔懈褋谢械薪懈褟小芯谢懈写邪褉薪褘褏小褔械褌芯胁袣袪邪褋锌褉械写械谢械薪懈褞.袪械谐懈褋褌褉邪褌芯褉,0,FROM
236,0,0,0,FROM
236,袙孝_袧邪褔懈褋谢械薪懈褟小芯谢懈写邪褉薪褘褏小褔械褌芯胁袣袪邪褋锌褉械写械谢械薪懈褞,袙孝_袧邪褔懈褋谢械薪懈褟小芯谢懈写邪褉薪褘褏小褔械褌芯胁袣袪邪褋锌褉械写械谢械薪懈褞,1,袠袟
236,袙孝_袩械褉械屑械褖械薪懈褟袙小褌褉邪褏芯胁芯泄袪械蟹械褉胁.袩械薪褋懈芯薪薪褘泄小褔械褌,袙孝_袩械褉械屑械褖械薪懈褟袙小褌褉邪褏芯胁芯泄袪械蟹械褉胁.袩械薪褋懈芯薪薪褘泄小褔械褌,0,FROM
236,袙孝_袩械褉械屑械褖械薪懈褟袙小褌褉邪褏芯胁芯泄袪械蟹械褉胁.袪械谐懈褋褌褉邪褌芯褉,袙孝_袩械褉械屑械褖械薪懈褟袙小褌褉邪褏芯胁芯泄袪械蟹械褉胁.袪械谐懈褋褌褉邪褌芯褉,0,FROM
236,袙孝_袩械褉械屑械褖械薪懈褟袙小褌褉邪褏芯胁芯泄袪械蟹械褉胁.小褍屑屑邪,袙孝_袩械褉械屑械褖械薪懈褟袙小褌褉邪褏芯胁芯泄袪械蟹械褉胁.小褍屑屑邪,0,FROM
236,袙孝_袩械褉械屑械褖械薪懈褟袙小褌褉邪褏芯胁芯泄袪械蟹械褉胁,袙孝_袩械褉械屑械褖械薪懈褟袙小褌褉邪褏芯胁芯泄袪械蟹械褉胁,1,袠袟
237,袙孝_袩械褉械胁芯写褘袠蟹袪械谐懈褋褌褉芯胁_袪械蟹械褉胁褘,袙孝_袩械褉械胁芯写褘袠蟹袪械谐懈褋褌褉芯胁_袪械蟹械褉胁褘,1,袠袟
238,袙孝_袧邪褔懈褋谢械薪懈褟小芯谢懈写邪褉薪褘褏小褔械褌芯胁袣袪邪褋锌褉械写械谢械薪懈褞,袙孝_袧邪褔懈褋谢械薪懈褟小芯谢懈写邪褉薪褘褏小褔械褌芯胁袣袪邪褋锌褉械写械谢械薪懈褞,1,袠袟
239,袙孝_袩械褉械屑械褖械薪懈褟袙小褌褉邪褏芯胁芯泄袪械蟹械褉胁,袙孝_袩械褉械屑械褖械薪懈褟袙小褌褉邪褏芯胁芯泄袪械蟹械褉胁,1,袠袟
240,袙孝_袩械褉械胁芯写褘袠蟹袪械谐懈褋褌褉芯胁_袪械谐懈褋褌褉褘,袙孝_袩械褉械胁芯写褘袠蟹袪械谐懈褋褌褉芯胁_袪械谐懈褋褌褉褘,1,袠袟
241,袙孝_袛胁懈卸械薪懈褟袩芯袛芯泻褍屑械薪褌邪屑,袙孝_袛胁懈卸械薪懈褟袩芯袛芯泻褍屑械薪褌邪屑,1,袠袟
241,袙孝_袛胁懈卸械薪懈褟袩芯袛芯泻褍屑械薪褌邪屑.袪械谐懈褋褌褉邪褌芯褉,袙孝_袛胁懈卸械薪懈褟袩芯袛芯泻褍屑械薪褌邪屑.袪械谐懈褋褌褉邪褌芯褉,0,FROM
241,袙孝_袛胁懈卸械薪懈褟袩芯袛芯泻褍屑械薪褌邪屑.袧芯屑械褉小褔械褌邪,袙孝_袛胁懈卸械薪懈褟袩芯袛芯泻褍屑械薪褌邪屑.袧芯屑械褉小褔械褌邪,0,FROM
241,袙孝_袛胁懈卸械薪懈褟袩芯袛芯泻褍屑械薪褌邪屑.小褍屑屑邪袩褉懈褏芯写,袙孝_袛胁懈卸械薪懈褟袩芯袛芯泻褍屑械薪褌邪屑.小褍屑屑邪袩褉懈褏芯写,0,FROM
241,袩芯写蟹邪锌褉芯褋.袪械谐懈褋褌褉邪褌芯褉,袩芯写蟹邪锌褉芯褋.袪械谐懈褋褌褉邪褌芯褉,0,FROM
241,袩芯写蟹邪锌褉芯褋.袧芯屑械褉小褔械褌邪,袩芯写蟹邪锌褉芯褋.袧芯屑械褉小褔械褌邪,0,FROM
241,袩芯写蟹邪锌褉芯褋.小褍屑屑邪,袩芯写蟹邪锌褉芯褋.小褍屑屑邪,0,FROM
241,袣袗袣,袣袗袣,0,袠袟
241,袙孝_袧邪褔懈褋谢械薪懈褟袩械薪褋懈泄袩芯小褔械褌邪屑.袪械谐懈褋褌褉邪褌芯褉,袙孝_袧邪褔懈褋谢械薪懈褟袩械薪褋懈泄袩芯小褔械褌邪屑.袪械谐懈褋褌褉邪褌芯褉,0,FROM
241,袙孝_袧邪褔懈褋谢械薪懈褟袩械薪褋懈泄袩芯小褔械褌邪屑.袧芯屑械褉小褔械褌邪,袙孝_袧邪褔懈褋谢械薪懈褟袩械薪褋懈泄袩芯小褔械褌邪屑.袧芯屑械褉小褔械褌邪,0,FROM
241,袙孝_袧邪褔懈褋谢械薪懈褟袩械薪褋懈泄袩芯小褔械褌邪屑.小褍屑屑邪,袙孝_袧邪褔懈褋谢械薪懈褟袩械薪褋懈泄袩芯小褔械褌邪屑.小褍屑屑邪,0,FROM
241,袙孝_袧邪褔懈褋谢械薪懈褟袩械薪褋懈泄袩芯小褔械褌邪屑,袙孝_袧邪褔懈褋谢械薪懈褟袩械薪褋懈泄袩芯小褔械褌邪屑,1,袠袟
241,袙孝_袧邪褔懈褋谢械薪懈褟小芯谢懈写邪褉薪褘褏小褔械褌芯胁袣袪邪褋锌褉械写械谢械薪懈褞.袪械谐懈褋褌褉邪褌芯褉,袙孝_袧邪褔懈褋谢械薪懈褟小芯谢懈写邪褉薪褘褏小褔械褌芯胁袣袪邪褋锌褉械写械谢械薪懈褞.袪械谐懈褋褌褉邪褌芯褉,0,FROM
241,袙孝_袧邪褔懈褋谢械薪懈褟小芯谢懈写邪褉薪褘褏小褔械褌芯胁袣袪邪褋锌褉械写械谢械薪懈褞.袧芯屑械褉小褔械褌邪,袙孝_袧邪褔懈褋谢械薪懈褟小芯谢懈写邪褉薪褘褏小褔械褌芯胁袣袪邪褋锌褉械写械谢械薪懈褞.袧芯屑械褉小褔械褌邪,0,FROM
241,袙孝_袧邪褔懈褋谢械薪懈褟小芯谢懈写邪褉薪褘褏小褔械褌芯胁袣袪邪褋锌褉械写械谢械薪懈褞,袙孝_袧邪褔懈褋谢械薪懈褟小芯谢懈写邪褉薪褘褏小褔械褌芯胁袣袪邪褋锌褉械写械谢械薪懈褞,1,袠袟
241,袙孝_袩械褉械屑械褖械薪懈褟袙小褌褉邪褏芯胁芯泄袪械蟹械褉胁.袪械谐懈褋褌褉邪褌芯褉,袙孝_袩械褉械屑械褖械薪懈褟袙小褌褉邪褏芯胁芯泄袪械蟹械褉胁.袪械谐懈褋褌褉邪褌芯褉,0,FROM
241,袙孝_袩械褉械屑械褖械薪懈褟袙小褌褉邪褏芯胁芯泄袪械蟹械褉胁.袩械薪褋懈芯薪薪褘泄小褔械褌,袙孝_袩械褉械屑械褖械薪懈褟袙小褌褉邪褏芯胁芯泄袪械蟹械褉胁.袩械薪褋懈芯薪薪褘泄小褔械褌,0,FROM
241,袙孝_袩械褉械屑械褖械薪懈褟袙小褌褉邪褏芯胁芯泄袪械蟹械褉胁.小褍屑屑邪,袙孝_袩械褉械屑械褖械薪懈褟袙小褌褉邪褏芯胁芯泄袪械蟹械褉胁.小褍屑屑邪,0,FROM
241,袙孝_袩械褉械屑械褖械薪懈褟袙小褌褉邪褏芯胁芯泄袪械蟹械褉胁,袙孝_袩械褉械屑械褖械薪懈褟袙小褌褉邪褏芯胁芯泄袪械蟹械褉胁,1,袠袟
242,袙孝_袛胁懈卸械薪懈褟袩芯袪械谐懈褋褌褉邪褌芯褉邪屑,袙孝_袛胁懈卸械薪懈褟袩芯袪械谐懈褋褌褉邪褌芯褉邪屑,1,袠袟
242,袪邪褋锌褉械写械谢械薪懈械,袛芯泻褍屑械薪褌.褍锌_袟邪泻褉褘褌懈械小褔械褌芯胁.袪邪褋锌褉械写械谢械薪懈械,0,袙袧校孝袪袝袧袧袝袝_小袨袝袛袠袧袝袧袠袝
242,袙孝_袛胁懈卸械薪懈褟袩芯袪械谐懈褋褌褉邪褌芯褉邪屑.袪械谐懈褋褌褉邪褌芯褉,袙孝_袛胁懈卸械薪懈褟袩芯袪械谐懈褋褌褉邪褌芯褉邪屑.袪械谐懈褋褌褉邪褌芯褉,0,FROM
243,袙孝_袛胁懈卸械薪懈褟袩芯袪械谐懈褋褌褉邪褌芯褉邪屑,袙孝_袛胁懈卸械薪懈褟袩芯袪械谐懈褋褌褉邪褌芯褉邪屑,1,袠袟
243,袪邪褋锌褉械写械谢械薪懈械,袛芯泻褍屑械薪褌.褍锌_袟邪泻褉褘褌懈械小褔械褌芯胁.袪邪褋锌褉械写械谢械薪懈械,0,袙袧校孝袪袝袧袧袝袝_小袨袝袛袠袧袝袧袠袝
244,袙孝_袛胁懈卸械薪懈褟袩芯袪械谐懈褋褌褉邪褌芯褉邪屑,袙孝_袛胁懈卸械薪懈褟袩芯袪械谐懈褋褌褉邪褌芯褉邪屑,1,袠袟
244,袪邪褋锌褉械写械谢械薪懈械,袛芯泻褍屑械薪褌.褍锌_袟邪泻褉褘褌懈械袛芯谐芯胁芯褉邪袙袩芯谢褜蟹褍孝褉械褌褜懈褏袥懈褑.袪邪褋锌褉械写械谢械薪懈械,0,袙袧校孝袪袝袧袧袝袝_小袨袝袛袠袧袝袧袠袝
245,袙孝_袛胁懈卸械薪懈褟袩芯袛芯泻褍屑械薪褌邪屑,袙孝_袛胁懈卸械薪懈褟袩芯袛芯泻褍屑械薪褌邪屑,1,袠袟
246,袙孝_袛胁懈卸械薪懈褟袩芯袛芯泻褍屑械薪褌邪屑,袙孝_袛胁懈卸械薪懈褟袩芯袛芯泻褍屑械薪褌邪屑,1,袠袟
247,袙蝎袘袪袗孝鞋,袙蝎袘袪袗孝鞋,0,袠袟
247,袪械谐懈褋褌褉邪褌芯褉,袙孝_袛胁懈卸械薪懈褟袩芯袪械谐懈褋褌褉邪褌芯褉邪屑.袪械谐懈褋褌褉邪褌芯褉,0,FROM
247,袙孝_袛胁懈卸械薪懈褟袩芯袪械谐懈褋褌褉邪褌芯褉邪屑,袙孝_袛胁懈卸械薪懈褟袩芯袪械谐懈褋褌褉邪褌芯褉邪屑,1,袠袟
247,袪邪褋锌褉械写械谢械薪懈械,袛芯泻褍屑械薪褌.褍锌_袟邪泻褉褘褌懈械小褔械褌芯胁.袪邪褋锌褉械写械谢械薪懈械,0,袙袧校孝袪袝袧袧袝袝_小袨袝袛袠袧袝袧袠袝
247,袙孝_袛胁懈卸械薪懈褟袩芯袪械谐懈褋褌褉邪褌芯褉邪屑.袪械谐懈褋褌褉邪褌芯褉,袙孝_袛胁懈卸械薪懈褟袩芯袪械谐懈褋褌褉邪褌芯褉邪屑.袪械谐懈褋褌褉邪褌芯褉,0,FROM
248,袙孝_袧邪褔懈褋谢械薪懈褟袩械薪褋懈泄袩芯小褔械褌邪屑,袙孝_袧邪褔懈褋谢械薪懈褟袩械薪褋懈泄袩芯小褔械褌邪屑,1,袠袟
249,袙孝_袧邪褔懈褋谢械薪懈褟小芯谢懈写邪褉薪褘褏小褔械褌芯胁袣袪邪褋锌褉械写械谢械薪懈褞,袙孝_袧邪褔懈褋谢械薪懈褟小芯谢懈写邪褉薪褘褏小褔械褌芯胁袣袪邪褋锌褉械写械谢械薪懈褞,1,袠袟
250,袙孝_袩械褉械屑械褖械薪懈褟袙小褌褉邪褏芯胁芯泄袪械蟹械褉胁,袙孝_袩械褉械屑械褖械薪懈褟袙小褌褉邪褏芯胁芯泄袪械蟹械褉胁,1,袠袟
251,袙孝_袩械褉械胁芯写褘袩袪,袙孝_袩械褉械胁芯写褘袩袪,1,袠袟
252,褍锌_袧邪褔懈褋谢械薪懈褟袩械薪褋懈泄,袪械谐懈褋褌褉袧邪泻芯锌谢械薪懈褟.褍锌_袧邪褔懈褋谢械薪懈褟袩械薪褋懈泄,0,袠袟
252,袙孝_袛芯泻褍屑械薪褌褘小褌芯褉薪芯,袙孝_袛芯泻褍屑械薪褌褘小褌芯褉薪芯,1,袙袧校孝袪袝袧袧袝袝_小袨袝袛袠袧袝袧袠袝
252,0,0,0,FROM
252,袙蝎袘袨袪,袙蝎袘袨袪,0,FROM
253,袙孝_袩械薪褋懈芯薪薪褘械小褔械褌邪,袙孝_袩械薪褋懈芯薪薪褘械小褔械褌邪,1,袠袟
254,袙孝_袩械薪褋懈芯薪薪褘械小褔械褌邪,袙孝_袩械薪褋懈芯薪薪褘械小褔械褌邪,1,袠袟
255,褍锌_袙褘锌谢邪褌褘袨斜芯褉芯褌褘,袪械谐懈褋褌褉袧邪泻芯锌谢械薪懈褟.褍锌_袧邪褔懈褋谢械薪懈褟袩械薪褋懈泄.袨斜芯褉芯褌褘,0,袠袟
255,0,0,0,FROM
255,袙蝎袘袨袪,袙蝎袘袨袪,0,FROM
255,褍锌_袩褉芯褔懈械袧邪褔懈褋谢械薪懈褟袨斜芯褉芯褌褘,袪械谐懈褋褌褉袧邪泻芯锌谢械薪懈褟.褍锌_袩褉芯褔懈械袧邪褔懈褋谢械薪懈褟.袨斜芯褉芯褌褘,0,袠袟
255,褍锌_袩褉芯褔懈械袧邪褔懈褋谢械薪懈褟袨褋褌邪褌泻懈.小褍屑屑邪袨褋褌邪褌芯泻,褍锌_袩褉芯褔懈械袧邪褔懈褋谢械薪懈褟袨褋褌邪褌泻懈.小褍屑屑邪袨褋褌邪褌芯泻,0,FROM
255,褍锌_袩褉芯褔懈械袧邪褔懈褋谢械薪懈褟袨褋褌邪褌泻懈,袪械谐懈褋褌褉袧邪泻芯锌谢械薪懈褟.褍锌_袩褉芯褔懈械袧邪褔懈褋谢械薪懈褟.袨褋褌邪褌泻懈,0,袠袟
255,褍锌_袨褌胁械褉谐薪褍褌褘械袩谢邪褌械卸懈袩械薪褋懈泄袧袩袨袨斜芯褉芯褌褘,袪械谐懈褋褌褉袧邪泻芯锌谢械薪懈褟.褍锌_袨褌胁械褉谐薪褍褌褘械袩谢邪褌械卸懈袩械薪褋懈泄袧袩袨.袨斜芯褉芯褌褘,0,袠袟
255,褍锌_袨褌胁械褉谐薪褍褌褘械袩谢邪褌械卸懈袩褉芯褔懈械袧邪褔懈褋谢械薪懈褟袧袩袨袨斜芯褉芯褌褘,袪械谐懈褋褌褉袧邪泻芯锌谢械薪懈褟.褍锌_袨褌胁械褉谐薪褍褌褘械袩谢邪褌械卸懈袩褉芯褔懈械袧邪褔懈褋谢械薪懈褟袧袩袨.袨斜芯褉芯褌褘,0,袠袟
256,袙孝_袩械薪褋懈芯薪薪褘械小褔械褌邪,袙孝_袩械薪褋懈芯薪薪褘械小褔械褌邪,1,袠袟
257,袙孝_袩械薪褋懈芯薪薪褘械小褔械褌邪_袨褉谐_袩小_孝袪,袙孝_袩械薪褋懈芯薪薪褘械小褔械褌邪_袨褉谐_袩小_孝袪,1,袠袟
258,袙孝_袩械薪褋懈芯薪薪褘械小褔械褌邪_袨褉谐_校褔_袩小,袙孝_袩械薪褋懈芯薪薪褘械小褔械褌邪_袨褉谐_校褔_袩小,1,袠袟
259,袙孝_袩械薪褋懈芯薪薪褘械小褔械褌邪_袨褉谐_袩小_孝袪,袙孝_袩械薪褋懈芯薪薪褘械小褔械褌邪_袨褉谐_袩小_孝袪,1,袠袟
260,袙孝_袩械薪褋懈芯薪薪褘械小褔械褌邪_袨褉谐_袩小_孝袪,袙孝_袩械薪褋懈芯薪薪褘械小褔械褌邪_袨褉谐_袩小_孝袪,1,袠袟
261,褍锌_袙褘锌谢邪褌褘袨斜芯褉芯褌褘,袪械谐懈褋褌褉袧邪泻芯锌谢械薪懈褟.褍锌_袧邪褔懈褋谢械薪懈褟袩械薪褋懈泄.袨斜芯褉芯褌褘,0,袠袟
262,褍锌_袩褉芯褔懈械袧邪褔懈褋谢械薪懈褟袨斜芯褉芯褌褘,袪械谐懈褋褌褉袧邪泻芯锌谢械薪懈褟.褍锌_袩褉芯褔懈械袧邪褔懈褋谢械薪懈褟.袨斜芯褉芯褌褘,0,袠袟
263,褍锌_袩褉芯褔懈械袧邪褔懈褋谢械薪懈褟袨褋褌邪褌泻懈,袪械谐懈褋褌褉袧邪泻芯锌谢械薪懈褟.褍锌_袩褉芯褔懈械袧邪褔懈褋谢械薪懈褟.袨褋褌邪褌泻懈,0,袠袟
264,褍锌_袨褌胁械褉谐薪褍褌褘械袩谢邪褌械卸懈袩械薪褋懈泄袧袩袨袨斜芯褉芯褌褘,袪械谐懈褋褌褉袧邪泻芯锌谢械薪懈褟.褍锌_袨褌胁械褉谐薪褍褌褘械袩谢邪褌械卸懈袩械薪褋懈泄袧袩袨.袨斜芯褉芯褌褘,0,袠袟
265,褍锌_袨褌胁械褉谐薪褍褌褘械袩谢邪褌械卸懈袩褉芯褔懈械袧邪褔懈褋谢械薪懈褟袧袩袨袨斜芯褉芯褌褘,袪械谐懈褋褌褉袧邪泻芯锌谢械薪懈褟.褍锌_袨褌胁械褉谐薪褍褌褘械袩谢邪褌械卸懈袩褉芯褔懈械袧邪褔懈褋谢械薪懈褟袧袩袨.袨斜芯褉芯褌褘,0,袠袟
266,袙孝_袙褘锌谢邪褌褘袩袪,袙孝_袙褘锌谢邪褌褘袩袪,1,袠袟
267,褍锌_袦懈薪懈屑邪谢褜薪邪褟袚邪褉邪薪褌懈褉芯胁邪薪薪邪褟袛芯褏芯写薪芯褋褌褜,袪械谐懈褋褌褉小胁械写械薪懈泄.褍锌_袦懈薪懈屑邪谢褜薪邪褟袚邪褉邪薪褌懈褉芯胁邪薪薪邪褟袛芯褏芯写薪芯褋褌褜.小褉械蟹袩芯褋谢械写薪懈褏,0,袠袟
268,袙孝_袩械薪褋懈芯薪薪褘械袛芯谐芯胁芯褉褘,袙孝_袩械薪褋懈芯薪薪褘械袛芯谐芯胁芯褉褘,1,袠袟
269,袙孝_袩械薪褋懈芯薪薪褘械袛芯谐芯胁芯褉褘,袙孝_袩械薪褋懈芯薪薪褘械袛芯谐芯胁芯褉褘,1,袠袟
269,袙孝_袦袚袛_袩袪,袙孝_袦袚袛_袩袪,1,袥袝袙袨袝_小袨袝袛袠袧袝袧袠袝
270,袙孝_袩械薪褋懈芯薪薪褘械小褔械褌邪_小胁芯泄褋褌胁邪,袙孝_袩械薪褋懈芯薪薪褘械小褔械褌邪_小胁芯泄褋褌胁邪,1,袠袟
270,袙孝_小芯褋褌芯褟薪懈褟袩械薪褋懈芯薪薪褘褏小褔械褌芯胁,袙孝_小芯褋褌芯褟薪懈褟袩械薪褋懈芯薪薪褘褏小褔械褌芯胁,1,袙袧校孝袪袝袧袧袝袝_小袨袝袛袠袧袝袧袠袝
271,褍锌_小芯褋褌芯褟薪懈褟袩小小褉械蟹袩械褉胁褘褏,袪械谐懈褋褌褉小胁械写械薪懈泄.褍锌_小芯褋褌芯褟薪懈褟袩小.小褉械蟹袩械褉胁褘褏,0,袠袟
272,袙孝_袩械薪褋懈芯薪薪褘械小褔械褌邪,袙孝_袩械薪褋懈芯薪薪褘械小褔械褌邪,1,袠袟
273,褍锌_袩械褉懈芯写懈褔薪芯褋褌褜袙褘锌谢邪褌,袪械谐懈褋褌褉小胁械写械薪懈泄.褍锌_袩械褉懈芯写懈褔薪芯褋褌褜袙褘锌谢邪褌.小褉械蟹袩芯褋谢械写薪懈褏,0,袠袟
274,袙孝_袩械薪褋懈芯薪薪褘械小褔械褌邪,袙孝_袩械薪褋懈芯薪薪褘械小褔械褌邪,1,袠袟
275,袙孝_小芯褋褌芯褟薪懈褟袩械薪褋懈芯薪薪褘褏小褔械褌芯胁,袙孝_小芯褋褌芯褟薪懈褟袩械薪褋懈芯薪薪褘褏小褔械褌芯胁,1,袠袟
275,袙孝_小褏械屑褘袩械薪褋懈芯薪薪褘褏小褔械褌芯胁,袙孝_小褏械屑褘袩械薪褋懈芯薪薪褘褏小褔械褌芯胁,1,袙袧校孝袪袝袧袧袝袝_小袨袝袛袠袧袝袧袠袝
275,袙孝_小褏械屑褘_小胁芯泄褋褌胁邪,袙孝_小褏械屑褘_小胁芯泄褋褌胁邪,1,袙袧校孝袪袝袧袧袝袝_小袨袝袛袠袧袝袧袠袝
276,袙孝_小芯褋褌芯褟薪懈褟袩械薪褋懈芯薪薪褘褏小褔械褌芯胁,袙孝_小芯褋褌芯褟薪懈褟袩械薪褋懈芯薪薪褘褏小褔械褌芯胁,1,袠袟
277,袛邪褌褘袨泻芯薪褔邪薪懈褟小袙,袪械谐懈褋褌褉小胁械写械薪懈泄.褍锌_袛邪褌褘袨泻芯薪褔邪薪懈褟小褉芯褔薪芯泄袙褘锌谢邪褌褘.小褉械蟹袩芯褋谢械写薪懈褏,0,袠袟
278,袙孝_小褉芯褔薪懈泻懈,袙孝_小褉芯褔薪懈泻懈,1,袠袟
279,褍锌_袣芯谢懈褔械褋褌胁芯袙褘锌谢邪褌,袪械谐懈褋褌褉小胁械写械薪懈泄.褍锌_袣芯谢懈褔械褋褌胁芯袧邪蟹薪邪褔械薪薪褘褏袙褘锌谢邪褌.小褉械蟹袩芯褋谢械写薪懈褏,0,袠袟
280,袙孝_小褉芯褔薪懈泻懈,袙孝_小褉芯褔薪懈泻懈,1,袠袟
281,褍锌_小褔械褌褔懈泻袧邪褔懈褋谢械薪懈泄袨斜芯褉芯褌褘,袪械谐懈褋褌褉袧邪泻芯锌谢械薪懈褟.褍锌_小褔械褌褔懈泻袧邪褔懈褋谢械薪懈泄.袨斜芯褉芯褌褘,0,袠袟
282,袙孝_小褉芯褔薪懈泻懈,袙孝_小褉芯褔薪懈泻懈,1,袠袟
283,袙孝_袣芯谢懈褔械褋褌胁芯袙褘锌谢邪褌,袙孝_袣芯谢懈褔械褋褌胁芯袙褘锌谢邪褌,1,袠袟
283,袙孝_袪邪褋褏芯写袙褘锌谢邪褌,袙孝_袪邪褋褏芯写袙褘锌谢邪褌,1,袥袝袙袨袝_小袨袝袛袠袧袝袧袠袝
284,褍锌_小褔械褌褔懈泻袧邪褔懈褋谢械薪懈泄,袪械谐懈褋褌褉袧邪泻芯锌谢械薪懈褟.褍锌_小褔械褌褔懈泻袧邪褔懈褋谢械薪懈泄,0,袠袟
284,袙孝_袩械薪褋懈芯薪薪褘械小褔械褌邪,袙孝_袩械薪褋懈芯薪薪褘械小褔械褌邪,1,袙袧校孝袪袝袧袧袝袝_小袨袝袛袠袧袝袧袠袝
285,袙孝_袩械薪褋懈芯薪薪褘械小褔械褌邪,袙孝_袩械薪褋懈芯薪薪褘械小褔械褌邪,1,袠袟
285,袣袗袣,袣袗袣,0,袙袧校孝袪袝袧袧袝袝_小袨袝袛袠袧袝袧袠袝
285,褍锌_小褏械屑邪小褔械褌邪小褉械蟹袩芯褋谢械写薪懈褏,袪械谐懈褋褌褉小胁械写械薪懈泄.褍锌_小褏械屑邪小褔械褌邪.小褉械蟹袩芯褋谢械写薪懈褏,0,袥袝袙袨袝_小袨袝袛袠袧袝袧袠袝
286,褍锌_袙褘锌谢邪褌褘,袪械谐懈褋褌褉袧邪泻芯锌谢械薪懈褟.褍锌_袙褘锌谢邪褌褘,0,袠袟
287,袛邪薪薪褘械袪械谐懈褋褌褉邪,袪械谐懈褋褌褉袧邪泻芯锌谢械薪懈褟.褍锌_袙褘锌谢邪褌褘,0,袠袟
287,袙蝎袘袪袗孝鞋,袙蝎袘袪袗孝鞋,0,袙袧校孝袪袝袧袧袝袝_小袨袝袛袠袧袝袧袠袝
287,袩芯褋谢械写薪褟褟袙褘锌谢邪褌邪,袦袗袣小袠袦校袦,0,FROM
287,褍锌_袙褘锌谢邪褌褘,袪械谐懈褋褌褉袧邪泻芯锌谢械薪懈褟.褍锌_袙褘锌谢邪褌褘,0,袠袟
288,褍锌_袪邪蟹屑械褉袩械薪褋懈懈小褉械蟹袩芯褋谢械写薪懈褏,袪械谐懈褋褌褉小胁械写械薪懈泄.褍锌_袪邪蟹屑械褉袩械薪褋懈懈.小褉械蟹袩芯褋谢械写薪懈褏,0,袠袟
289,袙孝_袙褘锌谢邪褌薪褘械小褔械褌邪,袙孝_袙褘锌谢邪褌薪褘械小褔械褌邪,1,袠袟
290,袙孝_小褉芯褔薪懈泻懈,袙孝_小褉芯褔薪懈泻懈,1,袠袟
290,袙孝_袨褋褌邪褌泻懈袙褘锌谢邪褌,袙孝_袨褋褌邪褌泻懈袙褘锌谢邪褌,1,袙袧校孝袪袝袧袧袝袝_小袨袝袛袠袧袝袧袠袝
290,袙孝_小褍屑屑褘,袙孝_小褍屑屑褘,1,袙袧校孝袪袝袧袧袝袝_小袨袝袛袠袧袝袧袠袝
291,袙孝_袙褘锌谢邪褌薪褘械小褔械褌邪,袙孝_袙褘锌谢邪褌薪褘械小褔械褌邪,1,袠袟
291,袙孝_小褏械屑褘袩械薪褋懈芯薪薪褘褏小褔械褌芯胁,袙孝_小褏械屑褘袩械薪褋懈芯薪薪褘褏小褔械褌芯胁,1,袙袧校孝袪袝袧袧袝袝_小袨袝袛袠袧袝袧袠袝
291,袙孝_小褏械屑褘_小胁芯泄褋褌胁邪,袙孝_小褏械屑褘_小胁芯泄褋褌胁邪,1,袙袧校孝袪袝袧袧袝袝_小袨袝袛袠袧袝袧袠袝
291,袙孝_袪邪蟹屑械褉袩械薪褋懈泄,袙孝_袪邪蟹屑械褉袩械薪褋懈泄肖懈泻褋,1,袥袝袙袨袝_小袨袝袛袠袧袝袧袠袝
291,袙孝_袪邪褋褔械褌薪褘械小褍屑屑褘袩械薪褋懈泄,袙孝_袪邪褋褔械褌薪褘械小褍屑屑褘袩械薪褋懈泄,1,袥袝袙袨袝_小袨袝袛袠袧袝袧袠袝
292,袙孝_袩械薪褋懈芯薪薪褘械小褔械褌邪_小胁芯泄褋褌胁邪,袙孝_袩械薪褋懈芯薪薪褘械小褔械褌邪_小胁芯泄褋褌胁邪,1,袠袟
292,袙孝_袧械孝褉邪薪蟹懈褌薪褘械袙懈写褘袧邪褔邪谢芯袣芯薪械褑,袙孝_袧械孝褉邪薪蟹懈褌薪褘械袙懈写褘袧邪褔邪谢芯袣芯薪械褑,1,袙袧校孝袪袝袧袧袝袝_小袨袝袛袠袧袝袧袠袝
292,袙孝_小褍屑屑褘,袙孝_小褍屑屑褘,1,袥袝袙袨袝_小袨袝袛袠袧袝袧袠袝
292,袙孝_袪邪褋褔械褌薪邪褟袛邪褌邪袙小,袙孝_袪邪褋褔械褌薪邪褟袛邪褌邪袙小,1,袥袝袙袨袝_小袨袝袛袠袧袝袧袠袝
293,袙孝_袩械薪褋懈芯薪薪褘械小褔械褌邪_小胁芯泄褋褌胁邪,袙孝_袩械薪褋懈芯薪薪褘械小褔械褌邪_小胁芯泄褋褌胁邪,1,袠袟
293,袙孝_袧械孝褉邪薪蟹懈褌薪褘械袙懈写褘袧邪褔邪谢芯袣芯薪械褑,袙孝_袧械孝褉邪薪蟹懈褌薪褘械袙懈写褘袧邪褔邪谢芯袣芯薪械褑,1,袙袧校孝袪袝袧袧袝袝_小袨袝袛袠袧袝袧袠袝
293,袙孝_袩械薪褋懈芯薪薪褘械袛芯谐芯胁芯褉褘_小胁芯泄褋褌胁邪,袙孝_袩械薪褋懈芯薪薪褘械袛芯谐芯胁芯褉褘_小胁芯泄褋褌胁邪,1,袙袧校孝袪袝袧袧袝袝_小袨袝袛袠袧袝袧袠袝
293,袙孝_袠写械薪褌懈褎懈泻邪褌芯褉褘袣芯薪褌褉邪谐械薪褌芯胁,袙孝_袠写械薪褌懈褎懈泻邪褌芯褉褘袣芯薪褌褉邪谐械薪褌芯胁_小褌邪褉褘械,1,袙袧校孝袪袝袧袧袝袝_小袨袝袛袠袧袝袧袠袝
293,袙孝_袠写械薪褌懈褎懈泻邪褌芯褉褘袣芯薪褌褉邪谐械薪褌芯胁_袧芯胁褘械,袙孝_袠写械薪褌懈褎懈泻邪褌芯褉褘袣芯薪褌褉邪谐械薪褌芯胁,1,袙袧校孝袪袝袧袧袝袝_小袨袝袛袠袧袝袧袠袝
293,袙孝_袠写械薪褌懈褎懈泻邪褌芯褉褘袣芯薪褌褉邪谐械薪褌芯胁_校褔邪褋褌薪懈泻懈,袙孝_袠写械薪褌懈褎懈泻邪褌芯褉褘袣芯薪褌褉邪谐械薪褌芯胁,1,袙袧校孝袪袝袧袧袝袝_小袨袝袛袠袧袝袧袠袝
293,袙孝_小褏械屑褘袩械薪褋懈芯薪薪褘褏小褔械褌芯胁,袙孝_小褏械屑褘袩械薪褋懈芯薪薪褘褏小褔械褌芯胁,1,袥袝袙袨袝_小袨袝袛袠袧袝袧袠袝
293,袙孝_小褏械屑褘_小胁芯泄褋褌胁邪,袙孝_小褏械屑褘_小胁芯泄褋褌胁邪,1,袥袝袙袨袝_小袨袝袛袠袧袝袧袠袝
293,袙孝_小褍屑屑褘,袙孝_小褍屑屑褘,1,袥袝袙袨袝_小袨袝袛袠袧袝袧袠袝
293,袙孝_袠写械薪褌懈褎懈泻邪褌芯褉褘校褔邪褋褌薪懈泻芯胁,袙孝_袠写械薪褌懈褎懈泻邪褌芯褉褘袣芯薪褌褉邪谐械薪褌芯胁_小褌邪褉褘械,1,袥袝袙袨袝_小袨袝袛袠袧袝袧袠袝
293,袙孝_肖懈蟹懈褔械褋泻懈械袥懈褑邪,袙孝_肖懈蟹懈褔械褋泻懈械袥懈褑邪,1,袥袝袙袨袝_小袨袝袛袠袧袝袧袠袝
293,袙孝_肖懈蟹懈褔械褋泻懈械袥懈褑邪_小胁芯泄褋褌胁邪,袙孝_肖懈蟹懈褔械褋泻懈械袥懈褑邪_小胁芯泄褋褌胁邪,1,袥袝袙袨袝_小袨袝袛袠袧袝袧袠袝
293,袙孝_小芯褋褌芯褟薪懈褟袩械薪褋懈芯薪薪褘褏小褔械褌芯胁,袙孝_小芯褋褌芯褟薪懈褟袩械薪褋懈芯薪薪褘褏小褔械褌芯胁,1,袥袝袙袨袝_小袨袝袛袠袧袝袧袠袝
293,袙孝_袦袚袛,袙孝_袦袚袛,1,袥袝袙袨袝_小袨袝袛袠袧袝袧袠袝
293,袙孝_袩械褉懈芯写懈褔薪芯褋褌褜袙褘锌谢邪褌,袙孝_袩械褉懈芯写懈褔薪芯褋褌褜袙褘锌谢邪褌,1,袥袝袙袨袝_小袨袝袛袠袧袝袧袠袝
293,袙孝_袩械薪褋懈芯薪薪褘械小褔械褌邪_袧邪褔邪谢芯袙褘锌谢邪褌,袙孝_袩械薪褋懈芯薪薪褘械小褔械褌邪_袧邪褔邪谢芯袙褘锌谢邪褌,1,袥袝袙袨袝_小袨袝袛袠袧袝袧袠袝
293,袙孝_袣芯谢懈褔械褋褌胁芯袙褘锌谢邪褌,袙孝_袣芯谢懈褔械褋褌胁芯袙褘锌谢邪褌,1,袥袝袙袨袝_小袨袝袛袠袧袝袧袠袝
293,袙孝_袙褘锌谢邪褌褘,袙孝_袙褘锌谢邪褌褘,1,袥袝袙袨袝_小袨袝袛袠袧袝袧袠袝
293,袙孝_袩械褉械胁芯写褘,袙孝_袩械褉械胁芯写褘,1,袥袝袙袨袝_小袨袝袛袠袧袝袧袠袝
293,袙孝_袨褋褌邪褌泻懈袙褘锌谢邪褌,袙孝_袨褋褌邪褌泻懈袙褘锌谢邪褌,1,袥袝袙袨袝_小袨袝袛袠袧袝袧袠袝
293,袙孝_袩芯褋谢械写薪懈械袙褘锌谢邪褌褘,袙孝_袩芯褋谢械写薪懈械袙褘锌谢邪褌褘,1,袥袝袙袨袝_小袨袝袛袠袧袝袧袠袝
293,袙孝_袛邪褌褘袨泻芯薪褔邪薪懈褟小褉芯褔薪褘褏袙褘锌谢邪褌,袙孝_袛邪褌褘袨泻芯薪褔邪薪懈褟小褉芯褔薪褘褏袙褘锌谢邪褌,1,袥袝袙袨袝_小袨袝袛袠袧袝袧袠袝
293,袙孝_校屑械褉褕懈械,袙孝_校屑械褉褕懈械,1,袥袝袙袨袝_小袨袝袛袠袧袝袧袠袝
293,袙孝_袪邪蟹屑械褉袩械薪褋懈泄,袙孝_袪邪蟹屑械褉袩械薪褋懈泄,1,袥袝袙袨袝_小袨袝袛袠袧袝袧袠袝
293,袙孝_袩芯褋谢械写薪懈械袙褘锌谢邪褌褘袩芯袪械谐懈褋褌褉褍袙褘锌谢邪褌,袙孝_袩芯褋谢械写薪懈械袙褘锌谢邪褌褘袩芯袪械谐懈褋褌褉褍袙褘锌谢邪褌,1,袥袝袙袨袝_小袨袝袛袠袧袝袧袠袝
293,袙孝_小褉芯褔薪懈泻懈,袙孝_小褉芯褔薪懈泻懈,1,袥袝袙袨袝_小袨袝袛袠袧袝袧袠袝
293,袙孝_袨褋褌邪褌泻懈袧邪褋谢械写薪懈泻芯胁,袙孝_袨褋褌邪褌泻懈袧邪褋谢械写薪懈泻芯胁,1,袥袝袙袨袝_小袨袝袛袠袧袝袧袠袝
293,袙孝_袪邪褋褔械褌薪褘械小褍屑屑褘袩袩,袙孝_袪邪褋褔械褌薪褘械小褍屑屑褘袩袩,1,袥袝袙袨袝_小袨袝袛袠袧袝袧袠袝
293,袙孝_袪邪褋褔械褌薪邪褟袛邪褌邪袙小,袙孝_袪邪褋褔械褌薪邪褟袛邪褌邪袙小,1,袥袝袙袨袝_小袨袝袛袠袧袝袧袠袝
293,褍锌_袩械薪褋懈芯薪薪褘械袩褉邪胁懈谢邪,袪械谐懈褋褌褉小胁械写械薪懈泄.褍锌_袩械薪褋懈芯薪薪褘械袩褉邪胁懈谢邪.小褉械蟹袩芯褋谢械写薪懈褏,0,FROM
293,袙蝎袘袨袪,袙蝎袘袨袪,0,FROM
293,袙孝_袩械薪褋懈芯薪薪褘械小褔械褌邪_小胁芯泄褋褌胁邪.孝懈锌袙泻谢邪写褔懈泻邪,袙孝_袩械薪褋懈芯薪薪褘械小褔械褌邪_小胁芯泄褋褌胁邪.孝懈锌袙泻谢邪写褔懈泻邪,0,FROM
293,袙孝_袩械薪褋懈芯薪薪褘械小褔械褌邪_小胁芯泄褋褌胁邪.袩械薪褋懈芯薪薪褘泄小褔械褌,袙孝_袩械薪褋懈芯薪薪褘械小褔械褌邪_小胁芯泄褋褌胁邪.袩械薪褋懈芯薪薪褘泄小褔械褌,0,FROM
293,袙孝_袩械薪褋懈芯薪薪褘械小褔械褌邪_小胁芯泄褋褌胁邪.袩械薪褋懈芯薪薪褘泄袛芯谐芯胁芯褉,袙孝_袩械薪褋懈芯薪薪褘械小褔械褌邪_小胁芯泄褋褌胁邪.袩械薪褋懈芯薪薪褘泄袛芯谐芯胁芯褉,0,FROM
293,袙孝_袩械薪褋懈芯薪薪褘械小褔械褌邪_小胁芯泄褋褌胁邪.孝懈锌袩械薪褋懈芯薪薪芯谐芯小褔械褌邪,袙孝_袩械薪褋懈芯薪薪褘械小褔械褌邪_小胁芯泄褋褌胁邪.孝懈锌袩械薪褋懈芯薪薪芯谐芯小褔械褌邪,0,FROM
293,袙孝_袩械薪褋懈芯薪薪褘械小褔械褌邪_小胁芯泄褋褌胁邪.袙泻谢邪写褔懈泻,袙孝_袩械薪褋懈芯薪薪褘械小褔械褌邪_小胁芯泄褋褌胁邪.袙泻谢邪写褔懈泻,0,FROM
293,袙孝_袩械薪褋懈芯薪薪褘械小褔械褌邪_小胁芯泄褋褌胁邪.校褔邪褋褌薪懈泻,袙孝_袩械薪褋懈芯薪薪褘械小褔械褌邪_小胁芯泄褋褌胁邪.校褔邪褋褌薪懈泻,0,FROM
293,袙孝_袩械薪褋懈芯薪薪褘械袛芯谐芯胁芯褉褘_小胁芯泄褋褌胁邪.袧芯屑械褉袛芯谐芯胁芯褉邪,袙孝_袩械薪褋懈芯薪薪褘械袛芯谐芯胁芯褉褘_小胁芯泄褋褌胁邪.袧芯屑械褉袛芯谐芯胁芯褉邪,0,FROM
293,袙孝_袩械薪褋懈芯薪薪褘械袛芯谐芯胁芯褉褘_小胁芯泄褋褌胁邪.袛邪褌邪袟邪泻谢褞褔械薪懈褟,袙孝_袩械薪褋懈芯薪薪褘械袛芯谐芯胁芯褉褘_小胁芯泄褋褌胁邪.袛邪褌邪袟邪泻谢褞褔械薪懈褟,0,FROM
293,袙孝_袠写械薪褌懈褎懈泻邪褌芯褉褘袣芯薪褌褉邪谐械薪褌芯胁_袧芯胁褘械.袧邪懈屑械薪芯胁邪薪懈械袛谢褟袨褌褔械褌邪,袙孝_袠写械薪褌懈褎懈泻邪褌芯褉褘袣芯薪褌褉邪谐械薪褌芯胁_袧芯胁褘械.袧邪懈屑械薪芯胁邪薪懈械袛谢褟袨褌褔械褌邪,0,FROM
293,袙孝_袠写械薪褌懈褎懈泻邪褌芯褉褘袣芯薪褌褉邪谐械薪褌芯胁.袠写械薪褌懈褎懈泻邪褌芯褉,袙孝_袠写械薪褌懈褎懈泻邪褌芯褉褘袣芯薪褌褉邪谐械薪褌芯胁.袠写械薪褌懈褎懈泻邪褌芯褉,0,FROM
293,"""褋锌褋 ""","""褋锌褋 """,0,FROM
293,袠写械薪褌懈褎懈泻邪褌芯褉肖袥_小袧袠袥小_6,"""-""",0,FROM
293,袠写械薪褌懈褎懈泻邪褌芯褉肖袥_袠袧袧_7,"""-""",0,FROM
293,"""-""","""-""",0,FROM
293,袙孝_小褏械屑褘_小胁芯泄褋褌胁邪.袨褌胁械褌褋褌胁械薪薪芯褋褌褜袟邪袛芯锌芯谢薪懈褌械谢褜薪芯械肖芯薪写懈褉芯胁邪薪懈械,袙孝_小褏械屑褘_小胁芯泄褋褌胁邪.袨褌胁械褌褋褌胁械薪薪芯褋褌褜袟邪袛芯锌芯谢薪懈褌械谢褜薪芯械肖芯薪写懈褉芯胁邪薪懈械,0,FROM
293,袝小孝鞋NULL,袝小孝鞋NULL,0,FROM
293,袙孝_袦袚袛.小褉芯泻袚邪褉邪薪褌懈褉芯胁邪薪薪芯谐芯袛芯褏芯写邪,袙孝_袦袚袛.小褉芯泻袚邪褉邪薪褌懈褉芯胁邪薪薪芯谐芯袛芯褏芯写邪,0,FROM
293,0,0,0,FROM
293,袙蝎袪袗袟袠孝鞋,袙蝎袪袗袟袠孝鞋,0,FROM
293,袙孝_袠写械薪褌懈褎懈泻邪褌芯褉褘袣芯薪褌褉邪谐械薪褌芯胁_袧芯胁褘械.袠写械薪褌懈褎懈泻邪褌芯褉袠袧袧,袙孝_袠写械薪褌懈褎懈泻邪褌芯褉褘袣芯薪褌褉邪谐械薪褌芯胁_袧芯胁褘械.袠写械薪褌懈褎懈泻邪褌芯褉袠袧袧,0,FROM
293,"""袧械 锌褉懈屑械薪懈屑芯""","""袧械 锌褉懈屑械薪懈屑芯""",0,FROM
293,袙孝_袦袚袛.小褉芯泻袚邪褉邪薪褌懈褉芯胁邪薪薪芯谐芯袛芯褏芯写邪_袪邪褋褕懈褎褉芯胁泻邪,袙孝_袦袚袛.小褉芯泻袚邪褉邪薪褌懈褉芯胁邪薪薪芯谐芯袛芯褏芯写邪_袪邪褋褕懈褎褉芯胁泻邪,0,FROM
293,孝懈锌袛芯谐芯胁芯褉邪36,ISNULL,0,FROM
293,袛邪褌邪袩褉懈芯褋褌邪薪芯胁泻懈袙褘锌谢邪褌38_1,"""-""",0,FROM
293,袟邪写芯谢卸械薪薪芯褋褌褜袩械薪褋懈懈38_2,0,0,FROM
293,袚褉邪褎邪39,"""-""",0,FROM
293,袛邪褌邪袧邪褔邪谢邪袩械褉懈芯写邪肖懈泻褋邪褑懈懈39_2,袙孝_袩械薪褋懈芯薪薪褘械小褔械褌邪_小胁芯泄褋褌胁邪.袛邪褌邪小谢械写褍褞褖械泄肖懈泻褋邪褑懈懈,0,FROM
293,袠薪胁械褋褌袛芯褏芯写袣肖懈泻褋邪褑懈懈39_3,袝小孝鞋NULL,0,FROM
293,袚褉褍锌锌邪袪邪蟹写械谢褜薪芯谐芯校褔械褌邪40,"""-""",0,FROM
293,袙孝_袩械薪褋懈芯薪薪褘械小褔械褌邪_小胁芯泄褋褌胁邪.袧芯屑械褉小褔械褌邪,袙孝_袩械薪褋懈芯薪薪褘械小褔械褌邪_小胁芯泄褋褌胁邪.袧芯屑械褉小褔械褌邪,0,FROM
293,袛邪褌邪袨褋薪芯胁邪薪懈泄袠蟹褗褟褌懈褟42,"""-""",0,FROM
293,校褋谢芯胁懈械袩褉褟屑芯谐芯校褔邪褋褌懈褟_袦芯写械谢褜袨褑械薪泻懈43,ISNULL,0,FROM
293,袪邪褋褔械褌薪邪褟小褍屑屑邪袩袩43,ISNULL,0,FROM
293,袙孝_袩械薪褋懈芯薪薪褘械小褔械褌邪_小胁芯泄褋褌胁邪.袩褉懈褔懈薪邪袟邪泻褉褘褌懈褟,袙孝_袩械薪褋懈芯薪薪褘械小褔械褌邪_小胁芯泄褋褌胁邪.袩褉懈褔懈薪邪袟邪泻褉褘褌懈褟,0,FROM
293,袛邪褌邪袨锌褉械写械谢械薪懈褟袨斜褟蟹邪褌械谢褜褋褌胁,袙孝_袧械孝褉邪薪蟹懈褌薪褘械袙懈写褘袧邪褔邪谢芯袣芯薪械褑.袛邪褌邪袨锌褉械写械谢械薪懈褟袨斜褟蟹邪褌械谢褜褋褌胁,0,FROM
293,袠蟹屑械薪械薪懈褟袨斜褟蟹邪褌械谢褜褋褌胁,"""""",0,FROM
293,袙孝_袩械薪褋懈芯薪薪褘械小褔械褌邪_袧械袠袩小,袙孝_袩械薪褋懈芯薪薪褘械小褔械褌邪_袧械袠袩小,1,袠袟
293,袙孝_袛芯锌芯谢薪懈褌械谢褜薪芯袙褘泻褍锌薪邪褟袙泻写邪褔懈泻褍袧械褌小袩孝,袙孝_袛芯锌芯谢薪懈褌械谢褜薪芯袙褘泻褍锌薪邪褟袙泻写邪褔懈泻褍袧械褌小袩孝,1,袥袝袙袨袝_小袨袝袛袠袧袝袧袠袝
293,袙懈写袨斜褟蟹邪褌械谢褜褋褌胁_谐褉1邪,袙孝_孝褉邪薪蟹懈褌薪褘械袙懈写褘.袙懈写袨斜褟蟹邪褌械谢褜褋褌胁,0,FROM
293,孝懈锌袙泻谢邪写褔懈泻邪,袙孝_袩小_小胁芯泄褋褌胁邪_孝褉邪薪蟹懈褌薪褘械袨斜褟蟹邪褌械谢褜褋褌胁邪.孝懈锌袙泻谢邪写褔懈泻邪,0,FROM
293,袩械薪褋懈芯薪薪褘泄小褔械褌,袙孝_袩小_小胁芯泄褋褌胁邪_孝褉邪薪蟹懈褌薪褘械袨斜褟蟹邪褌械谢褜褋褌胁邪.袩械薪褋懈芯薪薪褘泄小褔械褌,0,FROM
293,袩械薪褋懈芯薪薪褘泄袛芯谐芯胁芯褉,袙孝_袩小_小胁芯泄褋褌胁邪_孝褉邪薪蟹懈褌薪褘械袨斜褟蟹邪褌械谢褜褋褌胁邪.袩械薪褋懈芯薪薪褘泄袛芯谐芯胁芯褉,0,FROM
293,孝懈锌袩械薪褋懈芯薪薪芯谐芯小褔械褌邪,袙孝_袩小_小胁芯泄褋褌胁邪_孝褉邪薪蟹懈褌薪褘械袨斜褟蟹邪褌械谢褜褋褌胁邪.孝懈锌袩械薪褋懈芯薪薪芯谐芯小褔械褌邪,0,FROM
293,袙泻谢邪写褔懈泻,袙孝_袩小_小胁芯泄褋褌胁邪_孝褉邪薪蟹懈褌薪褘械袨斜褟蟹邪褌械谢褜褋褌胁邪.袙泻谢邪写褔懈泻,0,FROM
293,校褔邪褋褌薪懈泻,袙孝_袩小_小胁芯泄褋褌胁邪_孝褉邪薪蟹懈褌薪褘械袨斜褟蟹邪褌械谢褜褋褌胁邪.校褔邪褋褌薪懈泻,0,FROM
293,袧芯屑械褉袛芯谐芯胁芯褉邪2,袙孝_袩械薪褋懈芯薪薪褘械袛芯谐芯胁芯褉褘_小胁芯泄褋褌胁邪.袧芯屑械褉袛芯谐芯胁芯褉邪,0,FROM
293,袛邪褌邪袟邪泻谢褞褔械薪懈褟3,袙孝_袩械薪褋懈芯薪薪褘械袛芯谐芯胁芯褉褘_小胁芯泄褋褌胁邪.袛邪褌邪袟邪泻谢褞褔械薪懈褟,0,FROM
293,袧邪懈屑械薪芯胁邪薪懈械袙泻谢邪写褔懈泻邪4,袙孝_袠写械薪褌懈褎懈泻邪褌芯褉褘袣芯薪褌褉邪谐械薪褌芯胁_袧芯胁褘械.袧邪懈屑械薪芯胁邪薪懈械袛谢褟袨褌褔械褌邪,0,FROM
293,袠写械薪褌懈褎懈泻邪褌芯褉袙泻谢邪写褔懈泻邪5,袙孝_袠写械薪褌懈褎懈泻邪褌芯褉褘袣芯薪褌褉邪谐械薪褌芯胁.袠写械薪褌懈褎懈泻邪褌芯褉,0,FROM
293,袠写械薪褌懈褎懈泻邪褌芯褉肖懈蟹袥懈褑邪7,袙孝_袠写械薪褌懈褎懈泻邪褌芯褉褘校褔邪褋褌薪懈泻芯胁.袠写械薪褌懈褎懈泻邪褌芯褉,0,FROM
293,袛邪褌邪袪芯卸写械薪懈褟8,袙孝_肖懈蟹懈褔械褋泻懈械袥懈褑邪_小胁芯泄褋褌胁邪.袛邪褌邪袪芯卸写械薪懈褟,0,FROM
293,袛邪褌邪小屑械褉褌懈9,袝小孝鞋NULL,0,FROM
293,袩芯谢10,袙孝_肖懈蟹懈褔械褋泻懈械袥懈褑邪_小胁芯泄褋褌胁邪.袩芯谢,0,FROM
293,袨褌胁械褌褋褌胁械薪薪芯褋褌褜袟邪袛芯锌芯谢薪懈褌械谢褜薪芯械肖芯薪写懈褉芯胁邪薪懈械14,袙孝_小褏械屑褘_小胁芯泄褋褌胁邪.袨褌胁械褌褋褌胁械薪薪芯褋褌褜袟邪袛芯锌芯谢薪懈褌械谢褜薪芯械肖芯薪写懈褉芯胁邪薪懈械,0,FROM
293,袦懈薪懈屑邪谢褜薪邪褟袚邪褉邪薪褌懈褉芯胁邪薪薪邪褟袛芯褏芯写薪芯褋褌褜15,袝小孝鞋NULL,0,FROM
293,小褉芯泻袚邪褉邪薪褌懈褉芯胁邪薪薪芯谐芯袛芯褏芯写邪16,袙孝_袦袚袛.小褉芯泻袚邪褉邪薪褌懈褉芯胁邪薪薪芯谐芯袛芯褏芯写邪,0,FROM
293,袙械谢懈褔懈薪邪袠薪写械泻褋邪褑懈懈17,0,0,FROM
293,袟邪胁懈褋懈屑芯褋褌褜校褉芯胁薪褟袠薪写械泻褋邪褑懈懈18,袙孝_袩械薪褋懈芯薪薪褘械袛芯谐芯胁芯褉褘_小胁芯泄褋褌胁邪.校褉芯胁械薪褜袠薪写械泻褋邪褑懈懈,0,FROM
293,袧邪褋谢械写芯胁邪薪懈械19,袝小孝鞋NULL,0,FROM
293,袧邪褔邪谢褜薪褘泄袨褋褌邪褌芯泻20,袙孝_孝褉邪薪蟹懈褌薪褘械袙懈写褘.袧邪褔邪谢褜薪褘泄袨褋褌邪褌芯泻20,0,FROM
293,袩械褉懈芯写袙褘锌谢邪褌褘22,袙孝_小褏械屑褘_小胁芯泄褋褌胁邪.袩械褉懈芯写袙褘锌谢邪褌褘,0,FROM
293,"""""","""""",0,FROM
293,袙蟹薪芯褋褘26,袙孝_孝褉邪薪蟹懈褌薪褘械袙懈写褘.袙蟹薪芯褋褘26,0,FROM
293,袠薪胁械褋褌懈褑懈芯薪薪褘泄袛芯褏芯写27,袙孝_孝褉邪薪蟹懈褌薪褘械袙懈写褘.袠薪胁械褋褌懈褑懈芯薪薪褘泄袛芯褏芯写27,0,FROM
293,袩械褉械胁芯写28,袙孝_孝褉邪薪蟹懈褌薪褘械袙懈写褘.袩械褉械胁芯写28,0,FROM
293,袩械褉械胁芯写袙袪械蟹械褉胁褘28邪,袙孝_孝褉邪薪蟹懈褌薪褘械袙懈写褘.袩械褉械胁芯写袙袪械蟹械褉胁褘28邪,0,FROM
293,袠薪褘械袩械褉械胁芯写褘29,袙孝_孝褉邪薪蟹懈褌薪褘械袙懈写褘.袠薪褘械袩械褉械胁芯写褘29,0,FROM
293,袩械薪褋懈褟30,袙孝_孝褉邪薪蟹懈褌薪褘械袙懈写褘.袩械薪褋懈褟30,0,FROM
293,袙褘泻褍锌薪邪褟小褍屑屑邪31,袙孝_孝褉邪薪蟹懈褌薪褘械袙懈写褘.袙褘泻褍锌薪邪褟小褍屑屑邪31,0,FROM
293,袙褘锌谢邪褌邪袩褉邪胁芯锌褉械械屑薪懈泻邪屑32,袙孝_孝褉邪薪蟹懈褌薪褘械袙懈写褘.袙褘锌谢邪褌邪袩褉邪胁芯锌褉械械屑薪懈泻邪屑32,0,FROM
293,袣芯薪械褔薪褘泄袨褋褌邪褌芯泻33,袙孝_孝褉邪薪蟹懈褌薪褘械袙懈写褘.袣芯薪械褔薪褘泄袨褋褌邪褌芯泻33,0,FROM
293,袠写械薪褌懈褎懈泻邪褌芯褉袙泻谢邪写褔懈泻邪,袙孝_袠写械薪褌懈褎懈泻邪褌芯褉褘袣芯薪褌褉邪谐械薪褌芯胁_袧芯胁褘械.袠写械薪褌懈褎懈泻邪褌芯褉袠袧袧,0,FROM
293,袠写械薪褌懈褎懈泻邪褌芯褉校褔邪褋褌薪懈泻邪,袙孝_袠写械薪褌懈褎懈泻邪褌芯褉褘袣芯薪褌褉邪谐械薪褌芯胁_校褔邪褋褌薪懈泻懈.袠写械薪褌懈褎懈泻邪褌芯褉袠袧袧,0,FROM
293,小褉芯泻袚邪褉邪薪褌懈褉芯胁邪薪薪芯谐芯袛芯褏芯写邪16_袪邪褋褕懈褎褉芯胁泻邪,袙孝_袦袚袛.小褉芯泻袚邪褉邪薪褌懈褉芯胁邪薪薪芯谐芯袛芯褏芯写邪_袪邪褋褕懈褎褉芯胁泻邪,0,FROM
293,袟邪胁懈褋懈屑芯褋褌褜校褉芯胁薪褟袠薪写械泻褋邪褑懈懈18_袪邪褋褕懈褎褉芯胁泻邪,袙孝_袩械薪褋懈芯薪薪褘械袛芯谐芯胁芯褉褘_小胁芯泄褋褌胁邪.校褉芯胁械薪褜袠薪写械泻褋邪褑懈懈袪邪褋褕懈褎褉芯胁泻邪,0,FROM
293,袧芯屑械褉小褔械褌邪,袙孝_袩小_小胁芯泄褋褌胁邪_孝褉邪薪蟹懈褌薪褘械袨斜褟蟹邪褌械谢褜褋褌胁邪.袧芯屑械褉小褔械褌邪,0,FROM
293,袩褉懈褔懈薪邪袟邪泻褉褘褌懈褟,袙孝_袩小_小胁芯泄褋褌胁邪_孝褉邪薪蟹懈褌薪褘械袨斜褟蟹邪褌械谢褜褋褌胁邪.袩褉懈褔懈薪邪袟邪泻褉褘褌懈褟,0,FROM
293,袙孝_孝褉邪薪蟹懈褌薪褘械袙懈写褘,袙孝_孝褉邪薪蟹懈褌薪褘械袙懈写褘袧邪褔邪谢芯袣芯薪械褑_小褍屑屑褘,1,袠袟
293,袙孝_袩小_小胁芯泄褋褌胁邪_孝褉邪薪蟹懈褌薪褘械袨斜褟蟹邪褌械谢褜褋褌胁邪,袙孝_袩械薪褋懈芯薪薪褘械小褔械褌邪_小胁芯泄褋褌胁邪_孝褉邪薪蟹懈褌薪褘械袨斜褟蟹邪褌械谢褜褋褌胁邪,1,袥袝袙袨袝_小袨袝袛袠袧袝袧袠袝
293,袙孝_袩小_小褏械屑褘_孝褉邪薪蟹懈褌薪褘械袨斜褟蟹邪褌械谢褜褋褌胁邪,袙孝_小褏械屑褘袩械薪褋懈芯薪薪褘褏小褔械褌芯胁_孝褉邪薪蟹懈褌薪褘械袨斜褟蟹邪褌械谢褜褋褌胁邪,1,袥袝袙袨袝_小袨袝袛袠袧袝袧袠袝
293,袧芯屑械褉小褔械褌邪6,袧芯屑械褉小褔械褌邪6,0,FROM
294,袙孝_袩械薪褋懈芯薪薪褘械小褔械褌邪_小胁芯泄褋褌胁邪,袙孝_袩械薪褋懈芯薪薪褘械小褔械褌邪_小胁芯泄褋褌胁邪,1,袠袟
294,袙孝_袧械孝褉邪薪蟹懈褌薪褘械袙懈写褘袧邪褔邪谢芯袣芯薪械褑,袙孝_袧械孝褉邪薪蟹懈褌薪褘械袙懈写褘袧邪褔邪谢芯袣芯薪械褑,1,袙袧校孝袪袝袧袧袝袝_小袨袝袛袠袧袝袧袠袝
294,袙孝_袩械薪褋懈芯薪薪褘械袛芯谐芯胁芯褉褘_小胁芯泄褋褌胁邪,袙孝_袩械薪褋懈芯薪薪褘械袛芯谐芯胁芯褉褘_小胁芯泄褋褌胁邪,1,袙袧校孝袪袝袧袧袝袝_小袨袝袛袠袧袝袧袠袝
294,袙孝_袠写械薪褌懈褎懈泻邪褌芯褉褘袣芯薪褌褉邪谐械薪褌芯胁,袙孝_袠写械薪褌懈褎懈泻邪褌芯褉褘袣芯薪褌褉邪谐械薪褌芯胁_小褌邪褉褘械,1,袙袧校孝袪袝袧袧袝袝_小袨袝袛袠袧袝袧袠袝
294,袙孝_袠写械薪褌懈褎懈泻邪褌芯褉褘袣芯薪褌褉邪谐械薪褌芯胁_袧芯胁褘械,袙孝_袠写械薪褌懈褎懈泻邪褌芯褉褘袣芯薪褌褉邪谐械薪褌芯胁,1,袙袧校孝袪袝袧袧袝袝_小袨袝袛袠袧袝袧袠袝
294,袙孝_袠写械薪褌懈褎懈泻邪褌芯褉褘袣芯薪褌褉邪谐械薪褌芯胁_校褔邪褋褌薪懈泻懈,袙孝_袠写械薪褌懈褎懈泻邪褌芯褉褘袣芯薪褌褉邪谐械薪褌芯胁,1,袙袧校孝袪袝袧袧袝袝_小袨袝袛袠袧袝袧袠袝
294,袙孝_小褏械屑褘袩械薪褋懈芯薪薪褘褏小褔械褌芯胁,袙孝_小褏械屑褘袩械薪褋懈芯薪薪褘褏小褔械褌芯胁,1,袥袝袙袨袝_小袨袝袛袠袧袝袧袠袝
294,袙孝_小褏械屑褘_小胁芯泄褋褌胁邪,袙孝_小褏械屑褘_小胁芯泄褋褌胁邪,1,袥袝袙袨袝_小袨袝袛袠袧袝袧袠袝
294,袙孝_小褍屑屑褘,袙孝_小褍屑屑褘,1,袥袝袙袨袝_小袨袝袛袠袧袝袧袠袝
294,袙孝_袠写械薪褌懈褎懈泻邪褌芯褉褘校褔邪褋褌薪懈泻芯胁,袙孝_袠写械薪褌懈褎懈泻邪褌芯褉褘袣芯薪褌褉邪谐械薪褌芯胁_小褌邪褉褘械,1,袥袝袙袨袝_小袨袝袛袠袧袝袧袠袝
294,袙孝_肖懈蟹懈褔械褋泻懈械袥懈褑邪,袙孝_肖懈蟹懈褔械褋泻懈械袥懈褑邪,1,袥袝袙袨袝_小袨袝袛袠袧袝袧袠袝
294,袙孝_肖懈蟹懈褔械褋泻懈械袥懈褑邪_小胁芯泄褋褌胁邪,袙孝_肖懈蟹懈褔械褋泻懈械袥懈褑邪_小胁芯泄褋褌胁邪,1,袥袝袙袨袝_小袨袝袛袠袧袝袧袠袝
294,袙孝_小芯褋褌芯褟薪懈褟袩械薪褋懈芯薪薪褘褏小褔械褌芯胁,袙孝_小芯褋褌芯褟薪懈褟袩械薪褋懈芯薪薪褘褏小褔械褌芯胁,1,袥袝袙袨袝_小袨袝袛袠袧袝袧袠袝
294,袙孝_袦袚袛,袙孝_袦袚袛,1,袥袝袙袨袝_小袨袝袛袠袧袝袧袠袝
294,袙孝_袩械褉懈芯写懈褔薪芯褋褌褜袙褘锌谢邪褌,袙孝_袩械褉懈芯写懈褔薪芯褋褌褜袙褘锌谢邪褌,1,袥袝袙袨袝_小袨袝袛袠袧袝袧袠袝
294,袙孝_袩械薪褋懈芯薪薪褘械小褔械褌邪_袧邪褔邪谢芯袙褘锌谢邪褌,袙孝_袩械薪褋懈芯薪薪褘械小褔械褌邪_袧邪褔邪谢芯袙褘锌谢邪褌,1,袥袝袙袨袝_小袨袝袛袠袧袝袧袠袝
294,袙孝_袣芯谢懈褔械褋褌胁芯袙褘锌谢邪褌,袙孝_袣芯谢懈褔械褋褌胁芯袙褘锌谢邪褌,1,袥袝袙袨袝_小袨袝袛袠袧袝袧袠袝
294,袙孝_袙褘锌谢邪褌褘,袙孝_袙褘锌谢邪褌褘,1,袥袝袙袨袝_小袨袝袛袠袧袝袧袠袝
294,袙孝_袩械褉械胁芯写褘,袙孝_袩械褉械胁芯写褘,1,袥袝袙袨袝_小袨袝袛袠袧袝袧袠袝
294,袙孝_袨褋褌邪褌泻懈袙褘锌谢邪褌,袙孝_袨褋褌邪褌泻懈袙褘锌谢邪褌,1,袥袝袙袨袝_小袨袝袛袠袧袝袧袠袝
294,袙孝_袩芯褋谢械写薪懈械袙褘锌谢邪褌褘,袙孝_袩芯褋谢械写薪懈械袙褘锌谢邪褌褘,1,袥袝袙袨袝_小袨袝袛袠袧袝袧袠袝
294,袙孝_袛邪褌褘袨泻芯薪褔邪薪懈褟小褉芯褔薪褘褏袙褘锌谢邪褌,袙孝_袛邪褌褘袨泻芯薪褔邪薪懈褟小褉芯褔薪褘褏袙褘锌谢邪褌,1,袥袝袙袨袝_小袨袝袛袠袧袝袧袠袝
294,袙孝_校屑械褉褕懈械,袙孝_校屑械褉褕懈械,1,袥袝袙袨袝_小袨袝袛袠袧袝袧袠袝
294,袙孝_袪邪蟹屑械褉袩械薪褋懈泄,袙孝_袪邪蟹屑械褉袩械薪褋懈泄,1,袥袝袙袨袝_小袨袝袛袠袧袝袧袠袝
294,袙孝_袩芯褋谢械写薪懈械袙褘锌谢邪褌褘袩芯袪械谐懈褋褌褉褍袙褘锌谢邪褌,袙孝_袩芯褋谢械写薪懈械袙褘锌谢邪褌褘袩芯袪械谐懈褋褌褉褍袙褘锌谢邪褌,1,袥袝袙袨袝_小袨袝袛袠袧袝袧袠袝
294,袙孝_小褉芯褔薪懈泻懈,袙孝_小褉芯褔薪懈泻懈,1,袥袝袙袨袝_小袨袝袛袠袧袝袧袠袝
294,袙孝_袨褋褌邪褌泻懈袧邪褋谢械写薪懈泻芯胁,袙孝_袨褋褌邪褌泻懈袧邪褋谢械写薪懈泻芯胁,1,袥袝袙袨袝_小袨袝袛袠袧袝袧袠袝
294,袙孝_袪邪褋褔械褌薪褘械小褍屑屑褘袩袩,袙孝_袪邪褋褔械褌薪褘械小褍屑屑褘袩袩,1,袥袝袙袨袝_小袨袝袛袠袧袝袧袠袝
294,袙孝_袪邪褋褔械褌薪邪褟袛邪褌邪袙小,袙孝_袪邪褋褔械褌薪邪褟袛邪褌邪袙小,1,袥袝袙袨袝_小袨袝袛袠袧袝袧袠袝
294,褍锌_袩械薪褋懈芯薪薪褘械袩褉邪胁懈谢邪,袪械谐懈褋褌褉小胁械写械薪懈泄.褍锌_袩械薪褋懈芯薪薪褘械袩褉邪胁懈谢邪.小褉械蟹袩芯褋谢械写薪懈褏,0,FROM
295,袙孝_袩械薪褋懈芯薪薪褘械小褔械褌邪_袧械袠袩小,袙孝_袩械薪褋懈芯薪薪褘械小褔械褌邪_袧械袠袩小,1,袠袟
295,袙孝_袧械孝褉邪薪蟹懈褌薪褘械袙懈写褘袧邪褔邪谢芯袣芯薪械褑,袙孝_袧械孝褉邪薪蟹懈褌薪褘械袙懈写褘袧邪褔邪谢芯袣芯薪械褑,1,袙袧校孝袪袝袧袧袝袝_小袨袝袛袠袧袝袧袠袝
295,袙孝_袩械薪褋懈芯薪薪褘械小褔械褌邪_小胁芯泄褋褌胁邪,袙孝_袩械薪褋懈芯薪薪褘械小褔械褌邪_小胁芯泄褋褌胁邪,1,袙袧校孝袪袝袧袧袝袝_小袨袝袛袠袧袝袧袠袝
295,袙孝_袩械薪褋懈芯薪薪褘械袛芯谐芯胁芯褉褘_小胁芯泄褋褌胁邪,袙孝_袩械薪褋懈芯薪薪褘械袛芯谐芯胁芯褉褘_小胁芯泄褋褌胁邪,1,袙袧校孝袪袝袧袧袝袝_小袨袝袛袠袧袝袧袠袝
295,袙孝_袠写械薪褌懈褎懈泻邪褌芯褉褘袣芯薪褌褉邪谐械薪褌芯胁,袙孝_袠写械薪褌懈褎懈泻邪褌芯褉褘袣芯薪褌褉邪谐械薪褌芯胁_小褌邪褉褘械,1,袙袧校孝袪袝袧袧袝袝_小袨袝袛袠袧袝袧袠袝
295,袙孝_袠写械薪褌懈褎懈泻邪褌芯褉褘袣芯薪褌褉邪谐械薪褌芯胁_袧芯胁褘械,袙孝_袠写械薪褌懈褎懈泻邪褌芯褉褘袣芯薪褌褉邪谐械薪褌芯胁,1,袙袧校孝袪袝袧袧袝袝_小袨袝袛袠袧袝袧袠袝
295,袙孝_袦袚袛,袙孝_袦袚袛,1,袥袝袙袨袝_小袨袝袛袠袧袝袧袠袝
295,袙孝_小褏械屑褘袩械薪褋懈芯薪薪褘褏小褔械褌芯胁,袙孝_小褏械屑褘袩械薪褋懈芯薪薪褘褏小褔械褌芯胁,1,袥袝袙袨袝_小袨袝袛袠袧袝袧袠袝
295,袙孝_小褏械屑褘_小胁芯泄褋褌胁邪,袙孝_小褏械屑褘_小胁芯泄褋褌胁邪,1,袥袝袙袨袝_小袨袝袛袠袧袝袧袠袝
295,袙孝_小褍屑屑褘,袙孝_小褍屑屑褘,1,袥袝袙袨袝_小袨袝袛袠袧袝袧袠袝
295,袙孝_袙褘锌谢邪褌褘,袙孝_袙褘锌谢邪褌褘,1,袥袝袙袨袝_小袨袝袛袠袧袝袧袠袝
295,袙孝_袩械褉械胁芯写褘,袙孝_袩械褉械胁芯写褘,1,袥袝袙袨袝_小袨袝袛袠袧袝袧袠袝
295,袙孝_小芯褋褌芯褟薪懈褟袩械薪褋懈芯薪薪褘褏小褔械褌芯胁,袙孝_小芯褋褌芯褟薪懈褟袩械薪褋懈芯薪薪褘褏小褔械褌芯胁,1,袥袝袙袨袝_小袨袝袛袠袧袝袧袠袝
295,袙孝_袪邪褋褔械褌薪褘械小褍屑屑褘袩袩,袙孝_袪邪褋褔械褌薪褘械小褍屑屑褘袩袩,1,袥袝袙袨袝_小袨袝袛袠袧袝袧袠袝
295,袙孝_袪邪褋褔械褌薪邪褟袛邪褌邪袙小,袙孝_袪邪褋褔械褌薪邪褟袛邪褌邪袙小,1,袥袝袙袨袝_小袨袝袛袠袧袝袧袠袝
295,袙孝_袛芯锌芯谢薪懈褌械谢褜薪芯袙褘泻褍锌薪邪褟袙泻写邪褔懈泻褍袧械褌小袩孝,袙孝_袛芯锌芯谢薪懈褌械谢褜薪芯袙褘泻褍锌薪邪褟袙泻写邪褔懈泻褍袧械褌小袩孝,1,袥袝袙袨袝_小袨袝袛袠袧袝袧袠袝
296,袙孝_孝褉邪薪蟹懈褌薪褘械袙懈写褘,袙孝_孝褉邪薪蟹懈褌薪褘械袙懈写褘袧邪褔邪谢芯袣芯薪械褑_小褍屑屑褘,1,袠袟
296,袙孝_袩小_小胁芯泄褋褌胁邪_孝褉邪薪蟹懈褌薪褘械袨斜褟蟹邪褌械谢褜褋褌胁邪,袙孝_袩械薪褋懈芯薪薪褘械小褔械褌邪_小胁芯泄褋褌胁邪_孝褉邪薪蟹懈褌薪褘械袨斜褟蟹邪褌械谢褜褋褌胁邪,1,袥袝袙袨袝_小袨袝袛袠袧袝袧袠袝
296,袙孝_袩小_小褏械屑褘_孝褉邪薪蟹懈褌薪褘械袨斜褟蟹邪褌械谢褜褋褌胁邪,袙孝_小褏械屑褘袩械薪褋懈芯薪薪褘褏小褔械褌芯胁_孝褉邪薪蟹懈褌薪褘械袨斜褟蟹邪褌械谢褜褋褌胁邪,1,袥袝袙袨袝_小袨袝袛袠袧袝袧袠袝
296,袙孝_小褏械屑褘_小胁芯泄褋褌胁邪,袙孝_小褏械屑褘_小胁芯泄褋褌胁邪,1,袥袝袙袨袝_小袨袝袛袠袧袝袧袠袝
296,袙孝_袩械薪褋懈芯薪薪褘械袛芯谐芯胁芯褉褘_小胁芯泄褋褌胁邪,袙孝_袩械薪褋懈芯薪薪褘械袛芯谐芯胁芯褉褘_小胁芯泄褋褌胁邪,1,袙袧校孝袪袝袧袧袝袝_小袨袝袛袠袧袝袧袠袝
296,袙孝_袠写械薪褌懈褎懈泻邪褌芯褉褘袣芯薪褌褉邪谐械薪褌芯胁,袙孝_袠写械薪褌懈褎懈泻邪褌芯褉褘袣芯薪褌褉邪谐械薪褌芯胁_小褌邪褉褘械,1,袙袧校孝袪袝袧袧袝袝_小袨袝袛袠袧袝袧袠袝
296,袙孝_袠写械薪褌懈褎懈泻邪褌芯褉褘袣芯薪褌褉邪谐械薪褌芯胁_袧芯胁褘械,袙孝_袠写械薪褌懈褎懈泻邪褌芯褉褘袣芯薪褌褉邪谐械薪褌芯胁,1,袙袧校孝袪袝袧袧袝袝_小袨袝袛袠袧袝袧袠袝
296,袙孝_袠写械薪褌懈褎懈泻邪褌芯褉褘袣芯薪褌褉邪谐械薪褌芯胁_校褔邪褋褌薪懈泻懈,袙孝_袠写械薪褌懈褎懈泻邪褌芯褉褘袣芯薪褌褉邪谐械薪褌芯胁,1,袙袧校孝袪袝袧袧袝袝_小袨袝袛袠袧袝袧袠袝
296,袙孝_袠写械薪褌懈褎懈泻邪褌芯褉褘校褔邪褋褌薪懈泻芯胁,袙孝_袠写械薪褌懈褎懈泻邪褌芯褉褘袣芯薪褌褉邪谐械薪褌芯胁_小褌邪褉褘械,1,袥袝袙袨袝_小袨袝袛袠袧袝袧袠袝
296,袙孝_肖懈蟹懈褔械褋泻懈械袥懈褑邪,袙孝_肖懈蟹懈褔械褋泻懈械袥懈褑邪,1,袥袝袙袨袝_小袨袝袛袠袧袝袧袠袝
296,袙孝_肖懈蟹懈褔械褋泻懈械袥懈褑邪_小胁芯泄褋褌胁邪,袙孝_肖懈蟹懈褔械褋泻懈械袥懈褑邪_小胁芯泄褋褌胁邪,1,袥袝袙袨袝_小袨袝袛袠袧袝袧袠袝
296,袙孝_小芯褋褌芯褟薪懈褟袩械薪褋懈芯薪薪褘褏小褔械褌芯胁,袙孝_小芯褋褌芯褟薪懈褟袩械薪褋懈芯薪薪褘褏小褔械褌芯胁,1,袥袝袙袨袝_小袨袝袛袠袧袝袧袠袝
296,袙孝_袦袚袛,袙孝_袦袚袛,1,袥袝袙袨袝_小袨袝袛袠袧袝袧袠袝
296,袙孝_袩械褉懈芯写懈褔薪芯褋褌褜袙褘锌谢邪褌,袙孝_袩械褉懈芯写懈褔薪芯褋褌褜袙褘锌谢邪褌,1,袥袝袙袨袝_小袨袝袛袠袧袝袧袠袝
296,袙孝_袩械薪褋懈芯薪薪褘械小褔械褌邪_袧邪褔邪谢芯袙褘锌谢邪褌,袙孝_袩械薪褋懈芯薪薪褘械小褔械褌邪_袧邪褔邪谢芯袙褘锌谢邪褌,1,袥袝袙袨袝_小袨袝袛袠袧袝袧袠袝
296,袙孝_袣芯谢懈褔械褋褌胁芯袙褘锌谢邪褌,袙孝_袣芯谢懈褔械褋褌胁芯袙褘锌谢邪褌,1,袥袝袙袨袝_小袨袝袛袠袧袝袧袠袝
296,袙孝_小褍屑屑褘,袙孝_小褍屑屑褘,1,袥袝袙袨袝_小袨袝袛袠袧袝袧袠袝
296,袙孝_袙褘锌谢邪褌褘,袙孝_袙褘锌谢邪褌褘,1,袥袝袙袨袝_小袨袝袛袠袧袝袧袠袝
296,袙孝_袩械褉械胁芯写褘,袙孝_袩械褉械胁芯写褘,1,袥袝袙袨袝_小袨袝袛袠袧袝袧袠袝
296,袙孝_袨褋褌邪褌泻懈袙褘锌谢邪褌,袙孝_袨褋褌邪褌泻懈袙褘锌谢邪褌,1,袥袝袙袨袝_小袨袝袛袠袧袝袧袠袝
296,袙孝_袩芯褋谢械写薪懈械袙褘锌谢邪褌褘,袙孝_袩芯褋谢械写薪懈械袙褘锌谢邪褌褘,1,袥袝袙袨袝_小袨袝袛袠袧袝袧袠袝
296,袙孝_袛邪褌褘袨泻芯薪褔邪薪懈褟小褉芯褔薪褘褏袙褘锌谢邪褌,袙孝_袛邪褌褘袨泻芯薪褔邪薪懈褟小褉芯褔薪褘褏袙褘锌谢邪褌,1,袥袝袙袨袝_小袨袝袛袠袧袝袧袠袝
296,袙孝_校屑械褉褕懈械,袙孝_校屑械褉褕懈械,1,袥袝袙袨袝_小袨袝袛袠袧袝袧袠袝
296,袙孝_袪邪蟹屑械褉袩械薪褋懈泄,袙孝_袪邪蟹屑械褉袩械薪褋懈泄,1,袥袝袙袨袝_小袨袝袛袠袧袝袧袠袝
296,袙孝_袩芯褋谢械写薪懈械袙褘锌谢邪褌褘袩芯袪械谐懈褋褌褉褍袙褘锌谢邪褌,袙孝_袩芯褋谢械写薪懈械袙褘锌谢邪褌褘袩芯袪械谐懈褋褌褉褍袙褘锌谢邪褌,1,袥袝袙袨袝_小袨袝袛袠袧袝袧袠袝
296,袙孝_小褉芯褔薪懈泻懈,袙孝_小褉芯褔薪懈泻懈,1,袥袝袙袨袝_小袨袝袛袠袧袝袧袠袝
296,袙孝_袨褋褌邪褌泻懈袧邪褋谢械写薪懈泻芯胁,袙孝_袨褋褌邪褌泻懈袧邪褋谢械写薪懈泻芯胁,1,袥袝袙袨袝_小袨袝袛袠袧袝袧袠袝
296,袙孝_袪邪褋褔械褌薪褘械小褍屑屑褘袩袩,袙孝_袪邪褋褔械褌薪褘械小褍屑屑褘袩袩,1,袥袝袙袨袝_小袨袝袛袠袧袝袧袠袝
296,袙孝_袪邪褋褔械褌薪邪褟袛邪褌邪袙小,袙孝_袪邪褋褔械褌薪邪褟袛邪褌邪袙小,1,袥袝袙袨袝_小袨袝袛袠袧袝袧袠袝
296,袙孝_袩械薪褋懈芯薪薪褘械小褔械褌邪_小胁芯泄褋褌胁邪,袙孝_袩械薪褋懈芯薪薪褘械小褔械褌邪_小胁芯泄褋褌胁邪,1,袥袝袙袨袝_小袨袝袛袠袧袝袧袠袝
296,褍锌_袩械薪褋懈芯薪薪褘械袩褉邪胁懈谢邪,袪械谐懈褋褌褉小胁械写械薪懈泄.褍锌_袩械薪褋懈芯薪薪褘械袩褉邪胁懈谢邪.小褉械蟹袩芯褋谢械写薪懈褏,0,FROM
296,袧邪懈屑械薪芯胁邪薪懈械袙泻谢邪写褔懈泻邪4,袧邪懈屑械薪芯胁邪薪懈械袙泻谢邪写褔懈泻邪4,0,FROM
296,袧芯屑械褉袛芯谐芯胁芯褉邪2,袧芯屑械褉袛芯谐芯胁芯褉邪2,0,FROM
296,孝懈锌袩械薪褋懈芯薪薪芯谐芯小褔械褌邪,孝懈锌袩械薪褋懈芯薪薪芯谐芯小褔械褌邪,0,FROM
296,袧芯屑械褉小褔械褌邪6,袧芯屑械褉小褔械褌邪6,0,FROM
297,袙孝_袪械蟹褍谢褜褌邪褌袩褉械写胁,袙孝_袪械蟹褍谢褜褌邪褌袩褉械写胁,1,袠袟
